-- phpMyAdmin SQL Dump
-- version 4.8.4
-- https://www.phpmyadmin.net/
--
-- Host: 127.0.0.1
-- Generation Time: Mar 07, 2019 at 01:21 PM
-- Server version: 10.1.37-MariaDB
-- PHP Version: 7.3.0

SET SQL_MODE = "NO_AUTO_VALUE_ON_ZERO";
SET AUTOCOMMIT = 0;
START TRANSACTION;
SET time_zone = "+00:00";


/*!40101 SET @OLD_CHARACTER_SET_CLIENT=@@CHARACTER_SET_CLIENT */;
/*!40101 SET @OLD_CHARACTER_SET_RESULTS=@@CHARACTER_SET_RESULTS */;
/*!40101 SET @OLD_COLLATION_CONNECTION=@@COLLATION_CONNECTION */;
/*!40101 SET NAMES utf8mb4 */;

--
-- Database: `semms`
--

-- --------------------------------------------------------

--
-- Table structure for table `accounts`
--

CREATE TABLE `accounts` (
  `account_id` int(11) NOT NULL,
  `username` varchar(50) DEFAULT NULL,
  `password` varchar(255) DEFAULT NULL,
  `user_level_id` int(11) NOT NULL,
  `activation_code` varchar(10) NOT NULL,
  `activated` tinyint(4) NOT NULL DEFAULT '0',
  `account_img_url` varchar(255) NOT NULL,
  `account_cover_photo` varchar(255) NOT NULL DEFAULT 'images/covers/default_cover.jpg',
  `facebook_account` varchar(50) DEFAULT NULL,
  `twitter_account` varchar(50) DEFAULT NULL,
  `instagram_account` varchar(50) DEFAULT NULL,
  `about_me` text,
  `created_at` timestamp NOT NULL DEFAULT CURRENT_TIMESTAMP,
  `updated_at` timestamp NOT NULL DEFAULT '0000-00-00 00:00:00' ON UPDATE CURRENT_TIMESTAMP,
  `removed` tinyint(4) NOT NULL DEFAULT '0'
) ENGINE=InnoDB DEFAULT CHARSET=latin1;

--
-- Dumping data for table `accounts`
--

INSERT INTO `accounts` (`account_id`, `username`, `password`, `user_level_id`, `activation_code`, `activated`, `account_img_url`, `account_cover_photo`, `facebook_account`, `twitter_account`, `instagram_account`, `about_me`, `created_at`, `updated_at`, `removed`) VALUES
(1, 'admin', '$2y$10$HlSo6.6oW6t1IgSoSCY8geqjjT5DN11434laKHbuKkGl11WjXm7xG', 6, '12345678', 1, 'images/profiles/20190303052845d6e4a6e71b6eb9d608d901f0ce5023f3.png', 'images/covers/20190301111557a9f48c43772a8e1bdf8b5c47a78b6353.jpg', '@karmablackshaw', '', '@karmablackshaw', 'Nahhh nigguh, nothing to see here. Go back!', '2018-10-22 06:13:35', '2019-03-03 09:28:46', 0),
(2, 'plant', '$2y$10$N7hHHk.8g7OYULavnx0S..LBaM70tpmXr/qTkZ33I9i9Pan7mMdg.', 2, '987987', 1, 'images/male.png', 'images/covers/default_cover.jpg', NULL, NULL, NULL, NULL, '2018-10-26 16:31:16', '2018-11-20 21:10:53', 0),
(6, '', '', 5, '3', 0, 'images/female.png', 'images/covers/default_cover.jpg', NULL, NULL, NULL, NULL, '2018-10-26 07:33:54', '2019-02-24 08:44:17', 0),
(7, 'uy', '$2y$10$tPfFRt7AT8GcY3d4c1.UfOTwMu2P9aUOJu0ODlOIG/chtrR64VjCC', 5, '123', 1, '', 'images/covers/default_cover.jpg', NULL, NULL, NULL, NULL, '2018-10-26 07:37:38', '2018-10-28 05:39:30', 0),
(8, '', '', 5, '91', 0, 'images/female.png', 'images/covers/default_cover.jpg', NULL, NULL, NULL, NULL, '2018-10-26 07:37:38', '2019-02-24 08:44:17', 0),
(61, '', '', 6, '99b18b06b2', 0, 'images/male.png', 'images/covers/default_cover.jpg', NULL, NULL, NULL, NULL, '2018-11-02 10:03:15', '2018-12-29 06:43:47', 0),
(62, '', '', 5, '3543a816a8', 0, 'images/male.png', 'images/covers/default_cover.jpg', NULL, NULL, NULL, NULL, '2018-11-02 10:04:30', '0000-00-00 00:00:00', 0),
(63, 'yel', '$2y$10$1hgg0IJUYYoLw8Lt..KVNe1RdzG8M/SX2W0DHIXD9YBYJ1tsJ1iP6', 5, '07c3179fe2', 0, 'images/female.png', 'images/covers/default_cover.jpg', NULL, NULL, NULL, NULL, '2018-11-02 10:06:52', '2018-11-02 10:22:29', 0),
(64, 'col', '$2y$10$M/JA76M08dVOWE3EsWiE4uSWJbb3hwciSoYIwfIJS7YMSOBoCvPPG', 6, 'eaf759db2d', 1, 'images/male.png', 'images/covers/default_cover.jpg', NULL, NULL, NULL, NULL, '2018-11-02 14:56:56', '2019-01-07 08:00:51', 0),
(65, '', '', 5, '3e13cc3056', 0, 'images/male.png', 'images/covers/default_cover.jpg', NULL, NULL, NULL, NULL, '2018-11-02 15:04:35', '0000-00-00 00:00:00', 0),
(66, 'kent', '$2y$10$lkeG6A1aPDayWaP1rzAn0uDiuFX4nd89TPyTDs5muVbdJwthGJbeO', 6, 'aee2e28f58', 1, 'images/male.png', 'images/covers/default_cover.jpg', NULL, NULL, NULL, NULL, '2018-11-03 13:37:18', '2018-12-29 06:42:57', 0),
(67, 'ting', '$2y$10$9yr5Bdf6qOUSYHVfLKhlP.PV32FSruRsglV7Iv7PhiGd3/Mu/bAVm', 6, 'ccc017fa3e', 1, 'images/male.png', 'images/covers/default_cover.jpg', NULL, NULL, NULL, NULL, '2018-11-03 13:55:31', '2018-12-29 06:42:25', 0),
(68, 'mis', '$2y$10$9n81GW9kId0TZPONhSbi/OD0myk8tnlK7EiSl76FnUjcT9KGI8P6S', 2, 'qwerty', 1, 'images/female.png', 'images/covers/default_cover.jpg', '', '', '', '', '2018-11-07 04:13:58', '2019-03-01 06:45:30', 0),
(69, '', '', 5, 'dd423e9bba', 0, 'images/female.png', 'images/covers/default_cover.jpg', NULL, NULL, NULL, NULL, '2018-11-07 09:17:58', '0000-00-00 00:00:00', 0),
(70, '', '', 5, '667A0C3D9B', 0, 'images/male.png', 'images/covers/default_cover.jpg', NULL, NULL, NULL, NULL, '2018-11-07 09:21:37', '0000-00-00 00:00:00', 0),
(71, NULL, NULL, 5, '97283B8B01', 0, 'images/male.png', 'images/covers/default_cover.jpg', NULL, NULL, NULL, NULL, '2018-11-23 15:22:40', '0000-00-00 00:00:00', 0),
(72, NULL, NULL, 6, '6FDE97962C', 0, 'images/male.png', 'images/covers/default_cover.jpg', NULL, NULL, NULL, NULL, '2018-11-23 16:13:59', '2018-11-27 21:16:22', 1),
(73, NULL, NULL, 2, '78F536CE52', 0, 'images/male.png', 'images/covers/default_cover.jpg', NULL, NULL, NULL, NULL, '2018-11-23 16:36:36', '2018-11-27 03:14:08', 1),
(74, NULL, NULL, 2, '2F18BC638C', 0, 'images/female.png', 'images/covers/default_cover.jpg', NULL, NULL, NULL, NULL, '2018-11-23 16:48:03', '0000-00-00 00:00:00', 0),
(75, NULL, NULL, 2, '7B6776E0F2', 0, 'images/male.png', 'images/covers/default_cover.jpg', NULL, NULL, NULL, NULL, '2018-11-23 17:04:19', '0000-00-00 00:00:00', 0),
(76, NULL, NULL, 2, '21BE4AD5DB', 0, 'images/male.png', 'images/covers/default_cover.jpg', NULL, NULL, NULL, NULL, '2018-11-24 02:48:03', '0000-00-00 00:00:00', 0),
(77, 'mar', '$2y$10$p.zPDNBg9rePMvk1yFClyOsP93XwNFm1TGRDKrT3m8r1vSaf8M5Dm', 6, '358CE2C844', 1, 'images/male.png', 'images/covers/default_cover.jpg', NULL, NULL, NULL, NULL, '2018-11-27 06:07:48', '2018-12-29 06:39:03', 0),
(78, 'carl', '$2y$10$F.eqVyqNbEyD.NwRHGOhWeQi7EKeyQG/I9LdLv712XOMuq7y4eYHq', 5, '897590CFF9', 1, 'images/male.png', 'images/covers/default_cover.jpg', NULL, NULL, NULL, NULL, '2018-11-27 07:33:28', '2018-11-27 07:36:20', 0),
(79, NULL, NULL, 6, 'EC29DF2F1F', 0, 'images/male.png', 'images/covers/default_cover.jpg', NULL, NULL, NULL, NULL, '2018-11-27 21:37:18', '2018-11-27 21:47:05', 1),
(80, 'ssc', '$2y$10$DRoWdXXL4c9ITN6ngKm8/OwMEehgd4P3z0Ykr/IF.Yqr4Aiks0wiW', 2, 'B6CA949037', 1, 'images/profiles/201903020153404624db630b4123bb9524b51449218b63.png', 'images/covers/20190302122444847730fae7498491686bd5078a48e820.jpg', '', '', '', '', '2018-11-27 21:48:54', '2019-03-01 17:53:41', 0),
(81, NULL, NULL, 5, '5385987C60', 0, 'images/female.png', 'images/covers/default_cover.jpg', NULL, NULL, NULL, NULL, '2018-11-28 01:58:05', '0000-00-00 00:00:00', 0),
(82, NULL, NULL, 5, '5C5BD502C0', 0, 'images/female.png', 'images/covers/default_cover.jpg', NULL, NULL, NULL, NULL, '2018-11-28 02:06:55', '0000-00-00 00:00:00', 0),
(83, NULL, NULL, 5, '533384752F', 0, 'images/female.png', 'images/covers/default_cover.jpg', NULL, NULL, NULL, NULL, '2018-11-28 03:39:59', '0000-00-00 00:00:00', 0),
(84, NULL, NULL, 5, 'B73CE40758', 0, 'images/male.png', 'images/covers/default_cover.jpg', NULL, NULL, NULL, NULL, '2018-11-28 03:41:38', '0000-00-00 00:00:00', 0),
(85, NULL, NULL, 5, '4AA833FFEB', 0, 'images/male.png', 'images/covers/default_cover.jpg', NULL, NULL, NULL, NULL, '2018-11-28 05:00:01', '0000-00-00 00:00:00', 0),
(86, NULL, NULL, 6, '86B35AE406', 0, 'images/female.png', 'images/covers/default_cover.jpg', NULL, NULL, NULL, NULL, '2018-11-28 05:03:29', '2019-03-01 16:16:27', 0),
(87, NULL, NULL, 6, '871CE0128D', 0, 'images/male.png', 'images/covers/default_cover.jpg', NULL, NULL, NULL, NULL, '2018-11-28 05:08:54', '2018-12-29 06:44:01', 0),
(88, NULL, NULL, 6, 'C8358A8441', 0, 'images/male.png', 'images/covers/default_cover.jpg', NULL, NULL, NULL, NULL, '2018-11-28 05:43:55', '2018-12-29 06:44:20', 0),
(89, 'mark', '$2y$10$eqeiUXCAFxT4v5IGF/nB4evSEi9QfBExcEOC8YmEJna8FpxT0mrUu', 6, '5EB8D6A37A', 1, 'images/male.png', 'images/covers/default_cover.jpg', NULL, NULL, NULL, NULL, '2018-11-29 02:18:40', '2018-11-29 02:21:18', 0),
(90, NULL, NULL, 5, '6EA74F6B6F', 0, 'images/male.png', 'images/covers/default_cover.jpg', NULL, NULL, NULL, NULL, '2018-11-29 05:58:25', '0000-00-00 00:00:00', 0),
(91, NULL, NULL, 5, '728E007486', 0, 'images/male.png', 'images/covers/default_cover.jpg', NULL, NULL, NULL, NULL, '2018-11-29 06:30:57', '0000-00-00 00:00:00', 0),
(92, 'jean', '$2y$10$q9BRKcfPE4qSbyVEURETX./Ilj4XwuKi773a5nzk.f9D3QxSf65ve', 2, '0573ABDC95', 1, 'images/male.png', 'images/covers/default_cover.jpg', NULL, NULL, NULL, NULL, '2018-12-18 09:35:09', '2018-12-27 01:16:21', 0),
(93, 'pres', '$2y$10$MhDjdSQ0mKWNBaK9TIalNOjAijOHG6pg42uw/oJVDls21dCGzgKZC', 2, '038F96AA09', 1, 'images/male.png', 'images/covers/default_cover.jpg', NULL, NULL, NULL, NULL, '2018-12-18 09:38:59', '2018-12-26 23:56:55', 0),
(94, NULL, NULL, 2, '258A95FCE2', 0, 'images/male.png', 'images/covers/default_cover.jpg', NULL, NULL, NULL, NULL, '2018-12-18 12:44:12', '0000-00-00 00:00:00', 0),
(95, 'osa', '$2y$10$Y6XeKZ6N/JWurvFSTvLdruM2g0ZTtfT2Q/hvxTkgY7CxzWy2Ez7fC', 2, 'BB378C42CF', 1, 'images/male.png', 'images/covers/default_cover.jpg', '', '', '', '', '2018-12-29 18:35:18', '2019-03-07 07:15:02', 0);

-- --------------------------------------------------------

--
-- Table structure for table `approvals`
--

CREATE TABLE `approvals` (
  `approval_id` int(11) NOT NULL,
  `event_id` int(11) NOT NULL,
  `account_id` int(11) NOT NULL,
  `position_id` int(11) NOT NULL,
  `approved` tinyint(4) DEFAULT NULL,
  `created_at` timestamp NOT NULL DEFAULT CURRENT_TIMESTAMP,
  `updated_at` timestamp NOT NULL DEFAULT '0000-00-00 00:00:00' ON UPDATE CURRENT_TIMESTAMP,
  `removed` tinyint(1) NOT NULL DEFAULT '0'
) ENGINE=InnoDB DEFAULT CHARSET=latin1;

--
-- Dumping data for table `approvals`
--

INSERT INTO `approvals` (`approval_id`, `event_id`, `account_id`, `position_id`, `approved`, `created_at`, `updated_at`, `removed`) VALUES
(1, 1, 1, 1, 1, '2019-02-23 17:17:38', '2019-02-24 06:57:00', 0),
(2, 1, 89, 2, 1, '2019-02-23 17:17:38', '2019-02-23 17:18:44', 0),
(3, 1, 64, 3, 1, '2019-02-23 17:17:38', '2019-02-23 17:18:44', 0),
(4, 1, 77, 5, 1, '2019-02-23 17:17:38', '2019-02-23 17:18:44', 0),
(5, 1, 67, 4, 1, '2019-02-23 17:17:38', '2019-02-23 17:18:44', 0),
(6, 1, 66, 6, 1, '2019-02-23 17:17:38', '2019-02-23 17:18:44', 0),
(7, 1, 61, 7, 1, '2019-02-23 17:17:38', '2019-02-23 17:18:44', 0),
(8, 1, 87, 8, 1, '2019-02-23 17:17:38', '2019-02-23 17:18:44', 0),
(9, 1, 86, 9, 1, '2019-02-23 17:17:38', '2019-02-23 17:18:44', 0),
(10, 1, 88, 10, 1, '2019-02-23 17:17:38', '2019-02-23 17:18:44', 0),
(11, 1, 95, 22, 1, '2019-02-23 17:17:38', '2019-02-23 18:30:20', 0),
(12, 1, 68, 13, 1, '2019-02-23 17:17:38', '2019-02-23 17:19:07', 0),
(13, 1, 2, 11, 1, '2019-02-23 17:17:38', '2019-02-23 17:19:30', 0),
(14, 2, 1, 1, 1, '2019-02-23 17:20:09', '2019-02-23 17:20:23', 0),
(15, 2, 89, 2, 1, '2019-02-23 17:20:09', '2019-02-23 17:20:23', 0),
(16, 2, 64, 3, 1, '2019-02-23 17:20:09', '2019-02-23 17:20:23', 0),
(17, 2, 77, 5, 1, '2019-02-23 17:20:09', '2019-02-23 17:20:23', 0),
(18, 2, 67, 4, 1, '2019-02-23 17:20:09', '2019-02-24 07:40:50', 0),
(19, 2, 66, 6, 1, '2019-02-23 17:20:09', '2019-02-23 17:20:23', 0),
(20, 2, 61, 7, 1, '2019-02-23 17:20:09', '2019-02-23 17:20:23', 0),
(21, 2, 87, 8, 1, '2019-02-23 17:20:09', '2019-02-23 17:20:23', 0),
(22, 2, 86, 9, 1, '2019-02-23 17:20:09', '2019-02-23 17:20:23', 0),
(23, 2, 88, 10, 1, '2019-02-23 17:20:09', '2019-02-23 17:20:23', 0),
(24, 2, 95, 22, 1, '2019-02-23 17:20:09', '2019-02-23 18:30:20', 0),
(25, 2, 2, 11, 1, '2019-02-23 17:20:09', '2019-02-23 17:20:50', 0),
(26, 2, 2, 11, 1, '2019-02-23 17:20:09', '2019-02-23 17:21:11', 0),
(27, 3, 1, 1, 1, '2019-02-25 13:28:27', '2019-03-02 07:29:07', 0),
(28, 3, 89, 2, 1, '2019-02-25 13:28:27', '2019-03-02 07:29:07', 0),
(29, 3, 64, 3, 1, '2019-02-25 13:28:27', '2019-03-02 07:29:07', 0),
(30, 3, 77, 5, 1, '2019-02-25 13:28:27', '2019-03-02 07:29:07', 0),
(31, 3, 67, 4, 1, '2019-02-25 13:28:27', '2019-03-02 07:29:07', 0),
(32, 3, 66, 6, 1, '2019-02-25 13:28:27', '2019-03-02 07:29:07', 0),
(33, 3, 61, 7, 1, '2019-02-25 13:28:27', '2019-03-02 07:29:07', 0),
(34, 3, 87, 8, 1, '2019-02-25 13:28:27', '2019-03-02 07:29:07', 0),
(35, 3, 86, 9, 1, '2019-02-25 13:28:27', '2019-03-02 07:29:07', 0),
(36, 3, 88, 10, 1, '2019-02-25 13:28:27', '2019-03-02 07:29:07', 0),
(37, 3, 95, 22, 1, '2019-02-25 13:28:27', '2019-03-02 07:29:07', 0),
(38, 3, 68, 13, 1, '2019-02-25 13:28:27', '2019-03-02 07:29:07', 0),
(39, 3, 2, 11, 1, '2019-02-25 13:28:27', '2019-03-02 07:29:07', 0),
(40, 4, 1, 1, 1, '2019-02-25 13:29:20', '2019-03-02 07:29:07', 0),
(41, 4, 89, 2, 1, '2019-02-25 13:29:20', '2019-03-02 07:29:07', 0),
(42, 4, 64, 3, 1, '2019-02-25 13:29:20', '2019-03-02 07:29:07', 0),
(43, 4, 77, 5, 1, '2019-02-25 13:29:20', '2019-03-02 07:29:07', 0),
(44, 4, 67, 4, 1, '2019-02-25 13:29:20', '2019-03-02 07:29:07', 0),
(45, 4, 66, 6, 1, '2019-02-25 13:29:20', '2019-03-02 07:29:07', 0),
(46, 4, 61, 7, 1, '2019-02-25 13:29:20', '2019-03-02 07:29:07', 0),
(47, 4, 87, 8, 1, '2019-02-25 13:29:20', '2019-03-02 07:29:07', 0),
(48, 4, 86, 9, 1, '2019-02-25 13:29:20', '2019-03-02 07:29:07', 0),
(49, 4, 88, 10, 1, '2019-02-25 13:29:20', '2019-03-02 07:29:07', 0),
(50, 4, 95, 22, 1, '2019-02-25 13:29:20', '2019-03-02 07:29:07', 0),
(51, 4, 2, 11, 1, '2019-02-25 13:29:20', '2019-03-02 07:29:07', 0),
(52, 4, 2, 11, 1, '2019-02-25 13:29:20', '2019-03-02 07:29:07', 0),
(53, 5, 1, 1, 1, '2019-02-25 13:30:56', '2019-02-25 15:05:53', 0),
(54, 5, 89, 2, 1, '2019-02-25 13:30:56', '2019-03-02 07:29:07', 0),
(55, 5, 64, 3, 1, '2019-02-25 13:30:56', '2019-03-02 07:29:07', 0),
(56, 5, 77, 5, 1, '2019-02-25 13:30:56', '2019-03-02 07:29:07', 0),
(57, 5, 67, 4, 1, '2019-02-25 13:30:56', '2019-03-02 07:29:07', 0),
(58, 5, 66, 6, 1, '2019-02-25 13:30:56', '2019-03-02 07:29:07', 0),
(59, 5, 61, 7, 1, '2019-02-25 13:30:56', '2019-03-02 07:29:07', 0),
(60, 5, 87, 8, 1, '2019-02-25 13:30:56', '2019-03-02 07:29:07', 0),
(61, 5, 86, 9, 1, '2019-02-25 13:30:56', '2019-03-02 07:29:07', 0),
(62, 5, 88, 10, 1, '2019-02-25 13:30:56', '2019-03-02 07:29:07', 0),
(63, 5, 95, 22, 1, '2019-02-25 13:30:56', '2019-03-02 07:29:07', 0),
(64, 5, 2, 11, 1, '2019-02-25 13:30:56', '2019-03-02 07:29:07', 0),
(65, 5, 2, 11, 1, '2019-02-25 13:30:56', '2019-03-02 07:29:07', 0),
(66, 6, 1, 1, 1, '2019-03-01 17:27:31', '2019-03-01 17:28:49', 0),
(67, 6, 89, 2, 1, '2019-03-01 17:27:31', '2019-03-01 17:28:49', 0),
(68, 6, 64, 3, 1, '2019-03-01 17:27:31', '2019-03-01 17:28:49', 0),
(69, 6, 77, 5, 1, '2019-03-01 17:27:31', '2019-03-01 17:28:49', 0),
(70, 6, 67, 4, 1, '2019-03-01 17:27:31', '2019-03-01 17:28:49', 0),
(71, 6, 66, 6, 1, '2019-03-01 17:27:31', '2019-03-01 17:28:49', 0),
(72, 6, 61, 7, 1, '2019-03-01 17:27:31', '2019-03-01 17:28:49', 0),
(73, 6, 87, 8, 1, '2019-03-01 17:27:31', '2019-03-01 17:28:49', 0),
(74, 6, 88, 10, 1, '2019-03-01 17:27:31', '2019-03-01 17:28:49', 0),
(75, 6, 86, 9, 1, '2019-03-01 17:27:31', '2019-03-01 17:28:49', 0),
(76, 6, 95, 22, 1, '2019-03-01 17:27:31', '2019-03-02 07:29:07', 0),
(77, 6, 68, 13, 1, '2019-03-01 17:27:31', '2019-03-02 07:29:07', 0),
(78, 6, 2, 11, 1, '2019-03-01 17:27:31', '2019-03-02 07:29:07', 0),
(79, 7, 1, 1, 1, '2019-03-01 17:37:51', '2019-03-01 17:38:07', 0),
(80, 7, 89, 2, 1, '2019-03-01 17:37:51', '2019-03-01 17:38:07', 0),
(81, 7, 64, 3, 1, '2019-03-01 17:37:51', '2019-03-01 17:38:07', 0),
(82, 7, 77, 5, 1, '2019-03-01 17:37:51', '2019-03-01 17:38:07', 0),
(83, 7, 67, 4, 1, '2019-03-01 17:37:51', '2019-03-01 17:38:07', 0),
(84, 7, 66, 6, 1, '2019-03-01 17:37:51', '2019-03-01 17:38:07', 0),
(85, 7, 61, 7, 1, '2019-03-01 17:37:51', '2019-03-01 17:38:07', 0),
(86, 7, 87, 8, 1, '2019-03-01 17:37:51', '2019-03-01 17:38:07', 0),
(87, 7, 88, 10, 1, '2019-03-01 17:37:51', '2019-03-01 17:38:07', 0),
(88, 7, 86, 9, 1, '2019-03-01 17:37:51', '2019-03-01 17:38:07', 0),
(89, 7, 95, 22, 1, '2019-03-01 17:37:51', '2019-03-02 06:43:59', 0),
(90, 7, 2, 11, 1, '2019-03-01 17:37:51', '2019-03-02 02:58:52', 0),
(91, 7, 2, 11, 1, '2019-03-01 17:37:51', '2019-03-02 06:43:59', 0);

-- --------------------------------------------------------

--
-- Table structure for table `archives`
--

CREATE TABLE `archives` (
  `archive_id` int(11) NOT NULL,
  `archive_name` varchar(100) NOT NULL,
  `directory` varchar(100) NOT NULL,
  `created_at` timestamp NOT NULL DEFAULT CURRENT_TIMESTAMP,
  `updated_at` timestamp NOT NULL DEFAULT '0000-00-00 00:00:00' ON UPDATE CURRENT_TIMESTAMP,
  `removed` tinyint(4) NOT NULL DEFAULT '0'
) ENGINE=InnoDB DEFAULT CHARSET=latin1;

-- --------------------------------------------------------

--
-- Table structure for table `attendance`
--

CREATE TABLE `attendance` (
  `attendance_id` int(11) NOT NULL,
  `event_id` int(11) NOT NULL,
  `student_id` varchar(50) NOT NULL,
  `time_in` varchar(50) DEFAULT NULL,
  `time_out` varchar(50) DEFAULT NULL,
  `event_date` varchar(50) NOT NULL,
  `created_at` timestamp NOT NULL DEFAULT CURRENT_TIMESTAMP,
  `updated_at` timestamp NOT NULL DEFAULT '0000-00-00 00:00:00' ON UPDATE CURRENT_TIMESTAMP,
  `removed` tinyint(4) NOT NULL DEFAULT '0'
) ENGINE=InnoDB DEFAULT CHARSET=latin1;

--
-- Dumping data for table `attendance`
--

INSERT INTO `attendance` (`attendance_id`, `event_id`, `student_id`, `time_in`, `time_out`, `event_date`, `created_at`, `updated_at`, `removed`) VALUES
(10, 7, '1500037', '1', '1', '2019-03-04', '2019-03-05 13:40:42', '0000-00-00 00:00:00', 0),
(11, 7, '1500037', '1', '1', '2019-03-03', '2019-03-05 13:40:47', '0000-00-00 00:00:00', 0),
(12, 7, '1500069', '1', '1', '2019-03-04', '2019-03-06 08:21:50', '0000-00-00 00:00:00', 0),
(13, 7, '1500069', '1', '1', '2019-03-03', '2019-03-06 08:29:18', '0000-00-00 00:00:00', 0);

-- --------------------------------------------------------

--
-- Table structure for table `audit_trails`
--

CREATE TABLE `audit_trails` (
  `audit_id` int(11) NOT NULL,
  `action` varchar(255) NOT NULL,
  `position_id` int(11) DEFAULT NULL,
  `account_id` int(11) NOT NULL,
  `created_at` timestamp NOT NULL DEFAULT CURRENT_TIMESTAMP,
  `updated_at` timestamp NOT NULL DEFAULT '0000-00-00 00:00:00' ON UPDATE CURRENT_TIMESTAMP,
  `removed` tinyint(4) NOT NULL DEFAULT '0'
) ENGINE=InnoDB DEFAULT CHARSET=latin1;

--
-- Dumping data for table `audit_trails`
--

INSERT INTO `audit_trails` (`audit_id`, `action`, `position_id`, `account_id`, `created_at`, `updated_at`, `removed`) VALUES
(1, 'yow', 0, 78, '2019-03-01 16:05:48', '0000-00-00 00:00:00', 0),
(5, 'Karma M. Blackshaw asdf', 1, 1, '2019-03-01 16:14:09', '0000-00-00 00:00:00', 0),
(8, 'Demoted a Supreme Student Council Member', 19, 80, '2019-03-01 16:16:16', '0000-00-00 00:00:00', 0),
(9, 'Added new Supreme Student Council Officer', 19, 80, '2019-03-01 16:16:27', '0000-00-00 00:00:00', 0),
(18, 'Updated profile', 19, 80, '2019-03-01 16:22:43', '0000-00-00 00:00:00', 0),
(24, 'Updated profile picture', 19, 80, '2019-03-01 16:23:59', '0000-00-00 00:00:00', 0),
(25, 'Updated cover photo', 19, 80, '2019-03-01 16:24:44', '0000-00-00 00:00:00', 0),
(26, 'Liked an event', 19, 80, '2019-03-01 16:46:09', '0000-00-00 00:00:00', 0),
(27, 'Liked an event', 1, 1, '2019-03-01 16:52:50', '0000-00-00 00:00:00', 0),
(28, 'Liked an event', 1, 1, '2019-03-01 16:52:54', '0000-00-00 00:00:00', 0),
(29, 'Disliked an event', 1, 1, '2019-03-01 16:53:16', '0000-00-00 00:00:00', 0),
(30, 'Disliked an event', 1, 1, '2019-03-01 16:53:20', '0000-00-00 00:00:00', 0),
(31, 'Commented on an event', 1, 1, '2019-03-01 16:54:05', '0000-00-00 00:00:00', 0),
(32, 'Proposed an 1:27', 1, 1, '2019-03-01 17:27:32', '0000-00-00 00:00:00', 0),
(33, 'Proposed an 1:37', 1, 1, '2019-03-01 17:37:51', '0000-00-00 00:00:00', 0),
(34, 'Updated profile', 19, 80, '2019-03-01 17:45:01', '0000-00-00 00:00:00', 0),
(35, 'Updated profile picture', 19, 80, '2019-03-01 17:45:15', '0000-00-00 00:00:00', 0),
(36, 'Updated profile picture', 19, 80, '2019-03-01 17:45:24', '0000-00-00 00:00:00', 0),
(37, 'Updated profile picture', 19, 80, '2019-03-01 17:47:23', '0000-00-00 00:00:00', 0),
(38, 'Updated profile picture', 19, 80, '2019-03-01 17:49:56', '0000-00-00 00:00:00', 0),
(39, 'Updated profile picture', 19, 80, '2019-03-01 17:53:23', '0000-00-00 00:00:00', 0),
(40, 'Updated profile picture', 19, 80, '2019-03-01 17:53:40', '0000-00-00 00:00:00', 0),
(41, 'Removed a facility item', 11, 2, '2019-03-02 02:54:15', '0000-00-00 00:00:00', 0),
(42, 'Restored a facility type', 11, 2, '2019-03-02 02:55:04', '0000-00-00 00:00:00', 0),
(43, 'Approved an event', 11, 2, '2019-03-02 02:58:52', '0000-00-00 00:00:00', 0),
(44, 'Liked an event', 1, 1, '2019-03-02 06:49:23', '0000-00-00 00:00:00', 0),
(45, 'Commented on an event', 1, 1, '2019-03-02 07:27:54', '0000-00-00 00:00:00', 0),
(46, 'Commented on an event: yow', 1, 1, '2019-03-02 09:14:48', '0000-00-00 00:00:00', 0),
(47, 'Commented on an event', 1, 1, '2019-03-02 09:48:28', '0000-00-00 00:00:00', 0),
(48, 'Updated profile', 1, 1, '2019-03-03 09:04:18', '0000-00-00 00:00:00', 0),
(49, 'Updated profile picture', 1, 1, '2019-03-03 09:27:52', '0000-00-00 00:00:00', 0),
(50, 'Updated profile picture', 1, 1, '2019-03-03 09:28:05', '0000-00-00 00:00:00', 0),
(51, 'Updated profile picture', 1, 1, '2019-03-03 09:28:21', '0000-00-00 00:00:00', 0),
(52, 'Updated profile picture', 1, 1, '2019-03-03 09:28:45', '0000-00-00 00:00:00', 0),
(53, 'Cleared student report!', 1, 1, '2019-03-05 13:13:35', '0000-00-00 00:00:00', 0),
(54, 'Cleared student report!', 1, 1, '2019-03-05 13:15:15', '0000-00-00 00:00:00', 0),
(55, 'Cleared student report!', 1, 1, '2019-03-05 13:38:35', '0000-00-00 00:00:00', 0),
(56, 'Cleared student report!', 1, 1, '2019-03-05 13:38:45', '0000-00-00 00:00:00', 0),
(57, 'Cleared student report!', 1, 1, '2019-03-05 13:39:42', '0000-00-00 00:00:00', 0),
(58, 'Cleared student report!', 1, 1, '2019-03-05 13:40:42', '0000-00-00 00:00:00', 0),
(59, 'Cleared student report!', 1, 1, '2019-03-05 13:40:47', '0000-00-00 00:00:00', 0),
(60, 'Cleared student 1500069 from his repercussions on March 04, 2019!', 1, 1, '2019-03-06 08:21:51', '0000-00-00 00:00:00', 0),
(61, 'Cleared student 1500069 from his repercussions on March 03, 2019!', 1, 1, '2019-03-06 08:29:19', '0000-00-00 00:00:00', 0),
(62, 'Liked an event', 1, 1, '2019-03-06 08:56:47', '0000-00-00 00:00:00', 0),
(63, 'Updated a facility item', 11, 2, '2019-03-06 10:47:27', '0000-00-00 00:00:00', 0),
(64, 'Updated a facility item', 11, 2, '2019-03-06 10:56:44', '0000-00-00 00:00:00', 0),
(65, 'Removed a facility item', 11, 2, '2019-03-06 10:57:32', '0000-00-00 00:00:00', 0),
(66, 'Updated a facility type', 11, 2, '2019-03-06 11:17:27', '0000-00-00 00:00:00', 0),
(67, 'Updated a facility type', 11, 2, '2019-03-06 11:17:35', '0000-00-00 00:00:00', 0),
(68, 'Updated a facility type', 11, 2, '2019-03-06 11:17:41', '0000-00-00 00:00:00', 0),
(69, 'Removed a facility type', 11, 2, '2019-03-06 11:17:46', '0000-00-00 00:00:00', 0),
(70, 'Restored a facility type', 11, 2, '2019-03-06 11:17:53', '0000-00-00 00:00:00', 0),
(71, 'Updated a facility type', 11, 2, '2019-03-06 11:21:45', '0000-00-00 00:00:00', 0),
(72, 'Removed a facility type', 11, 2, '2019-03-06 11:22:24', '0000-00-00 00:00:00', 0),
(73, 'Removed a facility item', 11, 2, '2019-03-06 11:44:43', '0000-00-00 00:00:00', 0),
(74, 'Restored a facility type', 11, 2, '2019-03-06 12:00:03', '0000-00-00 00:00:00', 0),
(75, 'Removed a facility item', 11, 2, '2019-03-06 12:09:36', '0000-00-00 00:00:00', 0),
(76, 'Restored a facility type', 11, 2, '2019-03-06 12:09:47', '0000-00-00 00:00:00', 0),
(77, 'Removed a facility item', 11, 2, '2019-03-06 12:10:29', '0000-00-00 00:00:00', 0),
(78, 'Restored a facility type', 11, 2, '2019-03-06 12:10:39', '0000-00-00 00:00:00', 0),
(79, 'Removed a facility item', 11, 2, '2019-03-06 12:10:56', '0000-00-00 00:00:00', 0),
(80, 'Restored a facility type', 11, 2, '2019-03-06 12:11:03', '0000-00-00 00:00:00', 0),
(81, 'Restored a facility', 11, 2, '2019-03-06 12:21:31', '0000-00-00 00:00:00', 0),
(82, 'Restored a facility', 11, 2, '2019-03-06 12:22:14', '0000-00-00 00:00:00', 0),
(83, 'Restored a facility', 11, 2, '2019-03-06 12:22:18', '0000-00-00 00:00:00', 0),
(84, 'Removed a facility item', 11, 2, '2019-03-06 12:22:37', '0000-00-00 00:00:00', 0),
(85, 'Restored a facility item', 11, 2, '2019-03-06 12:22:47', '0000-00-00 00:00:00', 0),
(86, 'Removed a facility item', 11, 2, '2019-03-06 12:23:13', '0000-00-00 00:00:00', 0),
(87, 'Restored a facility item', 11, 2, '2019-03-06 12:23:19', '0000-00-00 00:00:00', 0),
(88, 'Added a new facility item', 11, 2, '2019-03-06 13:04:53', '0000-00-00 00:00:00', 0),
(89, 'Added a new facility item', 11, 2, '2019-03-06 13:42:18', '0000-00-00 00:00:00', 0),
(90, 'Updated a facility item', 11, 2, '2019-03-06 13:42:38', '0000-00-00 00:00:00', 0),
(91, 'Updated a facility item', 11, 2, '2019-03-06 13:42:49', '0000-00-00 00:00:00', 0),
(92, 'Updated a facility item', 11, 2, '2019-03-06 13:43:28', '0000-00-00 00:00:00', 0),
(93, 'Updated a facility item', 11, 2, '2019-03-06 13:43:48', '0000-00-00 00:00:00', 0),
(94, 'Updated a facility item', 11, 2, '2019-03-07 04:42:21', '0000-00-00 00:00:00', 0),
(95, 'Updated a facility item', 11, 2, '2019-03-07 04:57:08', '0000-00-00 00:00:00', 0),
(96, 'Updated a facility item', 11, 2, '2019-03-07 05:01:59', '0000-00-00 00:00:00', 0),
(97, 'Updated a facility item', 11, 2, '2019-03-07 05:02:12', '0000-00-00 00:00:00', 0),
(98, 'Updated a facility item', 11, 2, '2019-03-07 05:03:56', '0000-00-00 00:00:00', 0),
(99, 'Updated a facility item', 11, 2, '2019-03-07 05:11:16', '0000-00-00 00:00:00', 0),
(100, 'Updated a section', 13, 68, '2019-03-07 05:58:17', '0000-00-00 00:00:00', 0),
(101, 'Updated a section', 13, 68, '2019-03-07 05:58:24', '0000-00-00 00:00:00', 0),
(102, 'Updated a course', 13, 68, '2019-03-07 06:02:51', '0000-00-00 00:00:00', 0),
(103, 'Updated a course', 13, 68, '2019-03-07 06:03:03', '0000-00-00 00:00:00', 0),
(104, 'Liked an event', 22, 95, '2019-03-07 06:22:26', '0000-00-00 00:00:00', 0),
(105, 'Updated profile', 22, 95, '2019-03-07 07:15:02', '0000-00-00 00:00:00', 0),
(106, 'Liked an event', 0, 78, '2019-03-07 10:30:11', '0000-00-00 00:00:00', 0);

-- --------------------------------------------------------

--
-- Table structure for table `bldg_coordinators`
--

CREATE TABLE `bldg_coordinators` (
  `bldg_coordinator_id` int(11) NOT NULL,
  `employees_id` int(11) NOT NULL,
  `venue_id` int(11) NOT NULL,
  `created_at` timestamp NOT NULL DEFAULT CURRENT_TIMESTAMP,
  `updated_at` timestamp NOT NULL DEFAULT '0000-00-00 00:00:00' ON UPDATE CURRENT_TIMESTAMP,
  `removed` tinyint(4) NOT NULL DEFAULT '0'
) ENGINE=InnoDB DEFAULT CHARSET=latin1;

--
-- Dumping data for table `bldg_coordinators`
--

INSERT INTO `bldg_coordinators` (`bldg_coordinator_id`, `employees_id`, `venue_id`, `created_at`, `updated_at`, `removed`) VALUES
(1, 2, 14, '2018-12-19 10:59:55', '2018-12-22 18:01:12', 0),
(2, 2, 2, '2018-12-19 10:59:55', '2018-12-19 11:19:48', 0),
(3, 4, 1, '2018-12-21 17:22:05', '2018-12-22 18:36:42', 1),
(4, 1, 6, '2018-12-21 17:23:36', '0000-00-00 00:00:00', 0),
(5, 1, 7, '2018-12-21 17:24:20', '0000-00-00 00:00:00', 0),
(6, 4, 4, '2018-12-21 17:24:55', '2018-12-22 18:37:57', 1),
(7, 4, 5, '2018-12-22 09:41:20', '2018-12-22 18:39:25', 1),
(8, 4, 3, '2018-12-22 10:07:45', '2018-12-23 15:22:15', 1),
(9, 1, 9, '2018-12-22 10:09:31', '0000-00-00 00:00:00', 0),
(10, 4, 10, '2018-12-22 10:09:41', '2018-12-23 15:22:18', 1),
(11, 4, 15, '2018-12-22 10:32:59', '2018-12-23 15:22:21', 1),
(12, 12, 12, '2018-12-22 10:46:51', '0000-00-00 00:00:00', 0),
(13, 12, 13, '2018-12-22 13:31:34', '0000-00-00 00:00:00', 0),
(14, 11, 8, '2018-12-26 23:59:27', '0000-00-00 00:00:00', 0);

-- --------------------------------------------------------

--
-- Table structure for table `comments`
--

CREATE TABLE `comments` (
  `comment_id` int(11) NOT NULL,
  `comment` text NOT NULL,
  `event_id` int(11) NOT NULL,
  `account_id` int(11) NOT NULL,
  `created_at` timestamp NOT NULL DEFAULT CURRENT_TIMESTAMP,
  `updated_at` timestamp NOT NULL DEFAULT '0000-00-00 00:00:00' ON UPDATE CURRENT_TIMESTAMP,
  `removed` tinyint(1) NOT NULL DEFAULT '0'
) ENGINE=InnoDB DEFAULT CHARSET=latin1;

--
-- Dumping data for table `comments`
--

INSERT INTO `comments` (`comment_id`, `comment`, `event_id`, `account_id`, `created_at`, `updated_at`, `removed`) VALUES
(1, 'Hooyyyyy maraksoooot', 1, 78, '2019-02-24 17:54:11', '0000-00-00 00:00:00', 0),
(2, 'Hooyyyyy maraksoooot', 1, 78, '2019-02-24 17:54:40', '0000-00-00 00:00:00', 0),
(3, 'Hooyyyyy maraksoooot', 1, 78, '2019-02-24 17:54:59', '0000-00-00 00:00:00', 0),
(4, 'Hooyyyyy maraksoooot', 1, 78, '2019-02-24 17:55:11', '0000-00-00 00:00:00', 0),
(5, '123123', 1, 78, '2019-02-24 17:55:30', '0000-00-00 00:00:00', 0),
(6, 'ewww karaksot man hine hahahaha', 1, 78, '2019-02-24 17:55:45', '0000-00-00 00:00:00', 0),
(7, 'cte1', 2, 78, '2019-02-25 07:15:29', '0000-00-00 00:00:00', 0),
(8, 'poga kaupay ht kinabuhi hahaha', 2, 78, '2019-02-25 07:31:04', '0000-00-00 00:00:00', 0),
(9, 'qweqwe', 1, 78, '2019-02-25 07:48:50', '0000-00-00 00:00:00', 0),
(10, '123123', 1, 78, '2019-02-25 07:49:18', '0000-00-00 00:00:00', 0),
(11, '123', 1, 78, '2019-02-25 07:49:39', '0000-00-00 00:00:00', 0),
(12, '12312', 1, 78, '2019-02-25 07:49:55', '0000-00-00 00:00:00', 0),
(13, 'qwe', 1, 78, '2019-02-25 07:51:21', '0000-00-00 00:00:00', 0),
(14, 'hey', 1, 78, '2019-02-25 07:51:40', '0000-00-00 00:00:00', 0),
(15, '123', 1, 78, '2019-02-25 07:53:03', '0000-00-00 00:00:00', 0),
(16, '123123', 1, 78, '2019-02-25 07:55:35', '0000-00-00 00:00:00', 0),
(17, 'asdfasdfasd', 1, 78, '2019-02-25 07:55:38', '0000-00-00 00:00:00', 0),
(18, 'qwe', 1, 78, '2019-02-25 07:59:04', '0000-00-00 00:00:00', 0),
(19, 'hey', 1, 78, '2019-02-25 09:36:22', '0000-00-00 00:00:00', 0),
(20, 'qwe', 1, 78, '2019-02-25 09:37:55', '0000-00-00 00:00:00', 0),
(21, '324', 1, 78, '2019-02-25 09:39:07', '0000-00-00 00:00:00', 0),
(22, 'yow', 1, 78, '2019-02-25 09:39:32', '0000-00-00 00:00:00', 0),
(23, 'marielle maraksot', 1, 78, '2019-02-25 09:39:44', '0000-00-00 00:00:00', 0),
(24, 'woooyyyy', 2, 78, '2019-02-25 09:40:20', '0000-00-00 00:00:00', 0),
(25, 'HEY', 1, 78, '2019-02-25 09:40:54', '0000-00-00 00:00:00', 0),
(26, 'heyyow', 1, 78, '2019-02-25 09:48:18', '0000-00-00 00:00:00', 0),
(27, 'hi mama, maot', 1, 78, '2019-02-25 09:54:45', '0000-00-00 00:00:00', 0),
(28, 'julie maraksot', 1, 78, '2019-02-25 10:34:05', '0000-00-00 00:00:00', 0),
(29, 'kahusaaay ba ni marielle', 1, 78, '2019-02-25 10:35:06', '0000-00-00 00:00:00', 0),
(30, 'Hahsgsgs', 1, 78, '2019-02-25 13:34:31', '0000-00-00 00:00:00', 0),
(31, 'maraksit ting', 1, 78, '2019-02-25 14:47:27', '0000-00-00 00:00:00', 0),
(32, 'hey man', 1, 1, '2019-02-25 17:00:10', '0000-00-00 00:00:00', 0),
(33, 'asd', 1, 1, '2019-02-25 17:05:12', '0000-00-00 00:00:00', 0),
(34, 'Ulol', 1, 1, '2019-02-25 17:05:18', '0000-00-00 00:00:00', 0),
(35, 'Hahahaha gago kaba ?', 1, 68, '2019-02-25 17:45:37', '0000-00-00 00:00:00', 0),
(36, 'hey', 1, 1, '2019-02-27 14:21:37', '0000-00-00 00:00:00', 0),
(37, 'ahh naman', 1, 95, '2019-02-27 14:41:10', '0000-00-00 00:00:00', 0),
(38, 'hu u kaba', 1, 95, '2019-02-27 14:41:17', '0000-00-00 00:00:00', 0),
(39, 'hey', 1, 78, '2019-02-28 13:15:44', '0000-00-00 00:00:00', 0),
(40, 'nigguh', 2, 1, '2019-02-28 16:34:16', '0000-00-00 00:00:00', 0),
(41, '@Karma', 2, 1, '2019-02-28 16:34:46', '0000-00-00 00:00:00', 0),
(42, 'yow', 1, 1, '2019-03-01 07:06:27', '0000-00-00 00:00:00', 0),
(43, 'maraksot kaman', 1, 1, '2019-03-01 07:06:32', '0000-00-00 00:00:00', 0),
(44, 'maraksot ka ghap', 1, 78, '2019-03-01 07:07:12', '0000-00-00 00:00:00', 0),
(45, 'ano ine woy', 1, 80, '2019-03-01 16:25:40', '0000-00-00 00:00:00', 0),
(46, 'Nice event!', 1, 1, '2019-03-01 16:54:05', '0000-00-00 00:00:00', 0),
(47, 'hala nahulog', 7, 1, '2019-03-02 07:27:54', '0000-00-00 00:00:00', 0),
(48, 'yow', 7, 1, '2019-03-02 09:14:48', '0000-00-00 00:00:00', 0),
(49, 'hoyy', 7, 1, '2019-03-02 09:48:27', '0000-00-00 00:00:00', 0);

-- --------------------------------------------------------

--
-- Table structure for table `contacts`
--

CREATE TABLE `contacts` (
  `contact_id` int(11) NOT NULL,
  `user_contact` varchar(20) NOT NULL,
  `emergency_contact` varchar(20) NOT NULL,
  `created_at` timestamp NOT NULL DEFAULT CURRENT_TIMESTAMP,
  `updated_at` timestamp NOT NULL DEFAULT '0000-00-00 00:00:00' ON UPDATE CURRENT_TIMESTAMP,
  `removed` tinyint(4) NOT NULL DEFAULT '0'
) ENGINE=InnoDB DEFAULT CHARSET=latin1;

--
-- Dumping data for table `contacts`
--

INSERT INTO `contacts` (`contact_id`, `user_contact`, `emergency_contact`, `created_at`, `updated_at`, `removed`) VALUES
(1, '09264566783', '98798798', '2018-10-22 06:16:59', '2019-03-01 10:26:32', 0),
(2, '654654654', '65465456', '2018-10-26 17:01:07', '0000-00-00 00:00:00', 0),
(3, '09756603613', '0987654321', '2018-10-26 07:15:05', '0000-00-00 00:00:00', 0),
(4, '9080980', '9809809', '2018-10-26 07:42:10', '2018-10-28 05:39:30', 0),
(5, '09234554321', '09234587654', '2018-10-26 07:42:10', '0000-00-00 00:00:00', 0),
(6, '56465', '546546', '2018-11-02 05:56:18', '0000-00-00 00:00:00', 0),
(7, '987', '9879', '2018-11-02 08:37:29', '0000-00-00 00:00:00', 0),
(8, '7987', '97987', '2018-11-02 08:39:18', '0000-00-00 00:00:00', 0),
(9, '09264566783', '465465', '2018-11-02 09:20:17', '0000-00-00 00:00:00', 0),
(10, '09264566783', '65464654', '2018-11-02 09:21:16', '0000-00-00 00:00:00', 0),
(11, '09264566783', '654654', '2018-11-02 09:27:01', '0000-00-00 00:00:00', 0),
(12, '09264566783', '654654', '2018-11-02 09:27:15', '0000-00-00 00:00:00', 0),
(13, '09264566783', '', '2018-11-02 09:30:30', '0000-00-00 00:00:00', 0),
(14, '09264566783', '', '2018-11-02 09:38:43', '0000-00-00 00:00:00', 0),
(15, '09264566783', '', '2018-11-02 09:39:59', '0000-00-00 00:00:00', 0),
(16, '09264566783', '79', '2018-11-02 09:41:10', '0000-00-00 00:00:00', 0),
(17, '09264566783', '56465', '2018-11-02 09:42:09', '0000-00-00 00:00:00', 0),
(18, '09264566783', '56465', '2018-11-02 09:43:18', '0000-00-00 00:00:00', 0),
(19, '09264566783', '', '2018-11-02 09:44:33', '0000-00-00 00:00:00', 0),
(20, '09264566783', '', '2018-11-02 09:47:39', '0000-00-00 00:00:00', 0),
(21, '09264566783', '564654', '2018-11-02 09:49:23', '0000-00-00 00:00:00', 0),
(22, '09264566783', '', '2018-11-02 09:50:55', '0000-00-00 00:00:00', 0),
(23, '09264566783', '', '2018-11-02 09:52:43', '0000-00-00 00:00:00', 0),
(24, '123', '1123', '2018-11-02 10:03:15', '0000-00-00 00:00:00', 0),
(25, '798', '798', '2018-11-02 10:04:30', '0000-00-00 00:00:00', 0),
(26, '09264566783', '546', '2018-11-02 10:06:52', '2018-11-02 10:19:34', 0),
(27, '09264566783', '', '2018-11-02 14:56:56', '0000-00-00 00:00:00', 0),
(28, '09264566783', '9879', '2018-11-02 15:04:35', '0000-00-00 00:00:00', 0),
(29, '09675066571', '6464', '2018-11-03 13:37:18', '0000-00-00 00:00:00', 0),
(30, '09451450602', '65132132', '2018-11-03 13:55:31', '0000-00-00 00:00:00', 0),
(31, '09264566783', '6546465465', '2018-11-07 09:17:58', '0000-00-00 00:00:00', 0),
(32, '09264566783', '', '2018-11-07 09:21:37', '0000-00-00 00:00:00', 0),
(33, '09264566783', '', '2018-11-23 15:22:40', '0000-00-00 00:00:00', 0),
(34, '123', '123', '2018-11-23 16:13:59', '0000-00-00 00:00:00', 0),
(35, '123', '123', '2018-11-23 16:36:36', '0000-00-00 00:00:00', 0),
(36, '09264566783', '', '2018-11-23 16:48:03', '0000-00-00 00:00:00', 0),
(37, '09264566783', '654', '2018-11-23 17:04:19', '0000-00-00 00:00:00', 0),
(38, '09264566783', '', '2018-11-24 02:48:03', '0000-00-00 00:00:00', 0),
(39, '098765431', '09876534567', '2018-11-27 06:07:47', '0000-00-00 00:00:00', 0),
(40, '09264566783', '09264566783', '2018-11-27 07:33:28', '0000-00-00 00:00:00', 0),
(41, '09264566783', '09264566783', '2018-11-27 21:37:18', '0000-00-00 00:00:00', 0),
(42, '09264566783', '567890', '2018-11-27 21:48:54', '0000-00-00 00:00:00', 0),
(43, '09675066571', '09876542347', '2018-11-28 01:58:05', '0000-00-00 00:00:00', 0),
(44, '09675066571', '98765423457', '2018-11-28 02:06:55', '0000-00-00 00:00:00', 0),
(45, '09264566783', '', '2018-11-28 03:39:59', '0000-00-00 00:00:00', 0),
(46, '09264566783', '567', '2018-11-28 03:41:38', '0000-00-00 00:00:00', 0),
(47, '09264566783', '5678', '2018-11-28 05:00:01', '0000-00-00 00:00:00', 0),
(48, '09264566783', '76', '2018-11-28 05:03:29', '0000-00-00 00:00:00', 0),
(49, '09269187', '98798', '2018-11-28 05:08:53', '0000-00-00 00:00:00', 0),
(50, '09264566783', '5678', '2018-11-28 05:43:55', '0000-00-00 00:00:00', 0),
(51, '09757591802', '09757591802', '2018-11-29 02:18:40', '0000-00-00 00:00:00', 0),
(52, '09554210264', '09554210264', '2018-11-29 05:58:25', '0000-00-00 00:00:00', 0),
(53, '09554210264', '09554210264', '2018-11-29 06:30:57', '0000-00-00 00:00:00', 0),
(54, '09264566783', '09264566783', '2018-12-18 09:35:09', '0000-00-00 00:00:00', 0),
(55, '09264566783', '09264566783', '2018-12-18 09:38:58', '0000-00-00 00:00:00', 0),
(56, '3123', '123', '2018-12-18 12:44:12', '0000-00-00 00:00:00', 0),
(57, '09264566783', '654', '2018-12-29 18:35:18', '0000-00-00 00:00:00', 0);

-- --------------------------------------------------------

--
-- Table structure for table `courses`
--

CREATE TABLE `courses` (
  `course_id` int(11) NOT NULL,
  `course` varchar(50) NOT NULL,
  `organization` varchar(50) NOT NULL,
  `department_id` int(11) NOT NULL,
  `created_at` timestamp NOT NULL DEFAULT CURRENT_TIMESTAMP,
  `updated_at` timestamp NOT NULL DEFAULT '0000-00-00 00:00:00' ON UPDATE CURRENT_TIMESTAMP,
  `removed` tinyint(4) DEFAULT '0'
) ENGINE=InnoDB DEFAULT CHARSET=latin1;

--
-- Dumping data for table `courses`
--

INSERT INTO `courses` (`course_id`, `course`, `organization`, `department_id`, `created_at`, `updated_at`, `removed`) VALUES
(1, 'Bachelor of Science in Informations Technologies', 'DIGITS', 1, '2018-10-22 05:30:07', '2018-12-25 00:35:14', 0),
(2, 'Bachelor of Secondary Education', 'MAPEH Circle', 2, '2018-10-26 03:47:38', '2019-03-07 06:03:03', 0),
(3, 'Bachelor of Elementary Education', 'Circle of Future Educators', 2, '2018-10-26 03:47:38', '2018-10-26 06:50:34', 0),
(4, 'Bachelor of Arts in Communication', '', 1, '2018-10-26 03:59:19', '0000-00-00 00:00:00', 0),
(5, 'Bachelor of Science in Mathematics', '', 1, '2018-10-26 03:59:19', '0000-00-00 00:00:00', 0),
(6, 'Bachelor of Arts in Political Science', '', 1, '2018-10-26 04:12:17', '0000-00-00 00:00:00', 0),
(7, 'Bachelor of Arts in English', '', 1, '2018-10-26 04:12:17', '2018-11-07 15:25:04', 1),
(8, 'Bachelor of Science in Social Work', '', 1, '2018-10-26 04:14:58', '0000-00-00 00:00:00', 0),
(9, 'Bachelor of Science in Biology', '', 1, '2018-10-26 04:14:58', '0000-00-00 00:00:00', 0),
(10, 'BLIS', '', 1, '2018-10-26 04:22:02', '2018-11-07 15:25:34', 1),
(11, 'Bachelor of Science in Home Arts Entrepreneurship', '', 3, '2018-10-26 04:22:02', '2018-11-19 10:59:07', 0),
(12, 'Bachelor of Science in Tourism Hotel & Restaurant', 'Tourism Circle', 3, '2018-10-26 04:22:17', '2018-10-26 04:35:21', 0),
(13, 'BSIT', 'DIGITS', 1, '2018-11-08 08:07:55', '2018-11-08 08:09:20', 1),
(14, 'BSIT', 'DIGITS', 1, '2018-11-08 08:08:24', '2018-11-08 08:09:22', 1),
(15, 'bsit', 'ASDF', 1, '2018-11-08 08:09:34', '2018-11-08 08:10:25', 1),
(16, 'ASDF', 'ASDF', 1, '2018-11-08 08:10:19', '2018-11-08 08:10:26', 1);

-- --------------------------------------------------------

--
-- Table structure for table `departments`
--

CREATE TABLE `departments` (
  `department_id` int(11) NOT NULL,
  `department` varchar(50) NOT NULL,
  `created_at` timestamp NOT NULL DEFAULT CURRENT_TIMESTAMP,
  `updated_at` timestamp NOT NULL DEFAULT '0000-00-00 00:00:00' ON UPDATE CURRENT_TIMESTAMP,
  `removed` tinyint(4) NOT NULL DEFAULT '0'
) ENGINE=InnoDB DEFAULT CHARSET=latin1;

--
-- Dumping data for table `departments`
--

INSERT INTO `departments` (`department_id`, `department`, `created_at`, `updated_at`, `removed`) VALUES
(1, 'College of Arts and Sciences', '2018-10-22 05:27:55', '2018-11-08 09:01:18', 0),
(2, 'College Of Education', '2018-10-22 05:28:02', '2018-11-24 05:49:39', 0),
(3, 'College of Management and Entrepreneurship', '2018-10-22 05:28:15', '0000-00-00 00:00:00', 0),
(4, 'College of Maths', '2018-11-08 08:23:44', '2018-11-08 09:06:31', 1),
(5, 'asdfasdf', '2018-11-08 08:24:07', '2018-11-08 09:06:29', 1),
(6, 'asdf', '2018-11-08 08:24:11', '2018-11-08 09:06:27', 1),
(7, 'asd', '2018-11-08 08:24:30', '2018-11-08 09:06:25', 1),
(8, 'asdfasdfd', '2018-11-08 08:24:54', '2018-11-08 09:06:23', 1),
(9, 'asdfasdfddsadasdasd', '2018-11-08 08:24:58', '2018-11-08 09:06:21', 1);

-- --------------------------------------------------------

--
-- Table structure for table `employees`
--

CREATE TABLE `employees` (
  `employees_id` int(11) NOT NULL,
  `employee_id` int(11) NOT NULL,
  `name_id` int(11) NOT NULL,
  `position_id` int(11) NOT NULL,
  `contact_id` int(11) NOT NULL,
  `account_id` int(11) NOT NULL,
  `gender` varchar(1) NOT NULL,
  `signature` mediumtext NOT NULL,
  `created_at` timestamp NOT NULL DEFAULT CURRENT_TIMESTAMP,
  `updated_at` timestamp NOT NULL DEFAULT '0000-00-00 00:00:00' ON UPDATE CURRENT_TIMESTAMP
) ENGINE=InnoDB DEFAULT CHARSET=latin1;

--
-- Dumping data for table `employees`
--

INSERT INTO `employees` (`employees_id`, `employee_id`, `name_id`, `position_id`, `contact_id`, `account_id`, `gender`, `signature`, `created_at`, `updated_at`) VALUES
(1, 123456, 2, 11, 1, 2, 'M', 'T3ZzMC9SdktPYm9rTUE0bDdIZ0orb1lsSG9oS0hsS241cENqOVlWVkV0WmUzM2t2Nld3NUJ1SjcwdWNaVGt1TXJkM1prYVRLOGM0MG8xV3czVHhMY0ZyeWxQYlNxOSt6VVVKU2MraVlWb2k0bS9NQXVpdzZQTDRKa0xvUko3eWVCNVN0OXBtb2dyZWt3OWJTZ3dRa0VxeEdnYjBveDk4MVN2YkJwUk51TXFpdHNXbHBIZ3UybFlmV3ViTkRDaEVQcmRUZDE4azM3ekttSXlxS2NsWVcwalJmcVVuR1M1ZHdYNjIraEdJQWU1NUJ5eWJURnlwWUhib2lDSEcySWt3NGI3ekFrOTgyZmdkMWxpNnBJSzE3SG5mM0ozL2czR2ZrYjdhbndEQ3NsU3JMOXVoRm5CMWpmUmd2ZTAzVmpXSHZIby8rMW9FWCtySHRiWmF3SnE0aFhlY294eDRCNFBwaVZSU2tBSHdGRE5IMmd5QWlNQkxEcFdFeFJhRXYzeW5HcE1FSFFaRVZVUUpaWTNwZk1uSks4NCt4N3VzRWdETFpDck9hazdTTitPK01GNTFXK3ExdlFKcnlicGlwM1kvcGRUeTFrQm9HakFySFMxakdSWjRwR2RSSjZtZGZ6Y3E4SUZXemk1a0s3cms5Q0c0a3U5VUtLaWlIeTkydEVWVFdNbXU0anhoUWtCb1AyU0k5cVN5WGQ0bENNbkRsK08wdlJ0OGhVRWVTT2daeDdheFBTcmpuTVNsd095RkVNSDJTL2hUTVUzYXM5QnJkUVZWdFN0bVNFZlNBQjJxaW52d0l0RGYxVTl2MCtXemYxeVJhYzVUcktBUlVnWXJ2TGl6bzZBOGxva2NWT2pHM3lwNS9nRzZCV1MrQXRKOHF3SGExL2ZJc1QvZjRGQlpyWnZoNHcwZS9aMDJVT0JiNTVuVHFGWHBmY084UDhaSUgvUXhKWG5YRDhOdmxvQ2N6Y09UWFZDQk54ancwNmZhMEhETW1BbEsvd29FTkVmZTJtSDUyc3hPK1Mxem4rczdnV2tZNWF5SE9BOGM5d1p3RG42ODRJREx0enpmQ3lNYTE5Vmt0ek0zVjY3ZzA5T0tjQmR4S2lmeUtaRmNGTFFRZkJ2bFVmMFRBc3p2eDYwcERTSERuMldqV21iZUU2N0ZwZWlzckFDV1daeUtJbkJ6Tk1KbEJhc2F2dExvRjZSUzZBc1BzanRoNHBGMm0rM1VibDdxMGdqc2crYjdsNjVhU25Xb1lYWE01ZGZJcndoWFlQeDZpTXM4S1NEQy9nc0tXQ3lHZHVjY1NwVmVzU2l3R2wxNjNUNXZyRmhBSWxldm1aNW0yZElmTjVwQ1pJNEgyTkh6azNsb25BbUV5TFh4eTdrQnExSjU2SWJGVm5TMnRBMGlrZS9BMWs3cWdGOTVMWktCQjhWVXRVUkdmTCtrM3dtM2RCSGJ4OVpCaVFUcWgrYUxySEFYd251MnZDQ3dmdlZHcUZzUWtHeVlKemtQUUFuVnJNSGRxc2pxU21lN1JVdExrTWZleGxDRFZMVlp5anpnMUVCY2lHeUIvZFR6a0d2QXRjZkNncFY1aDdtemt0Q2RpdDBSZzF1QUNVWUh3NnlsWWM1aktjTUdkbmxnZmowa2JxbGc2MDhnV0c5KzJGSC9IbC9xVWZBZjVrc1VDc05CUlEvOHV3OUNob1JGUG9PU1F4SHVuR0Y1andhTlBGQ2hzVytWU0lGdDd2VlY0cHFyTW9OMnhIeUIzTHp0ek4vcGphRkdsSmQ4d2NmN08yOVh5WEFZamRDRmNXdTZkTzlmZTZQYThZT3h4enVUTENXbHBUOVptcFRXb2NCRmFNaVNqYTVQTk9xODhPQ1ZpYjJaL0tuVndHams4eExPdzV2Skh3UWV5WW55NytxOWRRR0NkaGN5MVFCZ2tFNVNHSVNLc0t4alJXMmdZb2Rha1kwNFAydHFmWU8ydk1MZjJEVyt3S0FRenE4NFpkZUI3U1FzdkJMZDJOeG1wdytQOHZXR0kwbEtoMHM4S25kTUFIb05sSDBKd2dyMm8rK1AvZ0lnTnIreTlxeG5sanZlT09aN2hjYkpaWitYd3lwelFsbDdwazJ1QXliUkVPSjNuUmZpazl2eDd6ZkJxQjlIMGxMeTZKUVB6VnlsSEY0bUp3TlhxSmpQRUQ4ak9TaDNMWG42SlNnek5oVUpjcjkwbUE2NDRqQnZ6emVVOExiT2NtbXhCdEpqckZhNUVrU2VHTi85UlZTMTdZT2VwSk5nTEh6M2hQL3o1WFh2ME0wMzBDLzVudnMzWEV1TVRPSW1jek5xNVZmaDFsclpmcTZBSGtqenZVWE9DdCtadGdZOTY3Z2theklHVnlFRXpLRk8wcmV6T2MrYVpjZDVsM29QTTlaSTZsOC8zOEZDeFJYTUMzVUluK1l5UlZidlYvNERxME9KU2pSTzJYdXVCanlMSWFCZUdJd2kxUEhaZlhwTXJoQklqL2huUGRUR09ZUy9Qc2hPN1hVcmlmbHRRR0RxMVAwQi9ZazJsR21WdFAweUlYYWljdWQzYVdNM0xmYzg0RGFwTjNRUjhGWWJOUzcyeG94MVZ1V1lyc0xiOCtVV0dwSWNIT3ZjZ0R0UThIR0luNkhxaFlVdEUxeXRHUy9jc0JiOWxqcjVGQjd5QW9YVzRJZ0JlU2hEak1TSkhTeGI3UWRvbUJ0V2dCSzQ2ZlhHVFlxR2ZTRUlCSTVYeFNyRUN6Uk5FZzJWZVF1aVVFdlhZcndmKzg3VVN3S2thR1ZNMVp2MWtpRjVhN1lKTTVVUndMWm9DMk5ONkRoU3JtL1RlZ1VIRTBEb01haExSUUwyZGcyNlNUVlpQZzlSSkJwa0ZGK3B5ZlBkQkR5Y2VkWjZITkd5YUVmc1FYMnRuSS9Nekd5L0tPd1MwMWM1NjZPK0UvZW1jVFhRZHR0T3hZeTlBcHhaaFg0Zlg1dENZN2VMQ3NrSXpXUnBJYkR6aGhSR1c4OHlvSGRSMWRjUzRDNk82c0s1Z0RHdi9aNklIWXI2SXMweUJlN01IU2kraWZSRi8zQmJhLzQzWWd1K3UySUQ1UzBjSExDOUljclRFME8rWEZ6cnZqTi9oUDlIUGZ2QjlreW9zQUtLa1k4cENHeGhUSThRZTdoNFN4MWlDUTVicDM0RlYzZnk1Zy9lQW40YXZxZUU0L2lSNVJOY0xqNTgyZTFNWGltTzEwUjVnZDZidUhXV0dxNzNxTEpIOXBJOGdoYXhVZklETVNPVmEraEgxeGJQQlZrODNnMUR6NkhUdUU5NlgxU0IxVVBVZVRPd1ZDdmdwTlJMM1lkNnpzbldJZjB6emZvazZoaldIdDR0OFg2SFo1Z1hadjVYMHBGVW8yUjYxTy9YbmdiNHIwdmJJVXF3TXliSFI4RjYwYTlNQTAwTkU0YWpxMEtwamJPUzZiejZsNlNUOERYeWFjZGZzOG1wTkFiVDhaU1BPUmpselhBckFCaXlLcjZGRXAwcHFIdmpSN1RBWGNJZlVNZ0gxN0VzL1ZHbzgrN3dMUkttZG5CZWdMMS9MWjdvUllNYmp6WjJOeUxXdjZRUjdmcnlVYk5nckJMUGRWWHhNdWpScGYwUjlhd3p2OE1UYy8xUE1CbXJIS29JalNyOEJMVHpjN0dRaG83MmEzeVBlOEVSbUJtajZpQXpUOCtzOVVRRnNEcG9lMzZhTzFmUk1RTEVtUXU1VmpVUGFoQWR2allQWWpzZHBXNEp3SFZqTXdvVlAvbUkrZnU3TGdOUkN1b09uUzg1am5sRjAxRW9BUlpJV3VVU1BFUGt3M1Z2UWRRKytjNTM0NVJuUElpNnR1N2lvZEltYUNxNkEyTTJOQ09GUE5xT2xhZVNEZ1RnSzhqYnY3NTROR1NscXJmRXpZbGdYbE0vZ1paTExxTUFWWlo4ZUhyU0pLazg4OHMwSmNTWWNHbHVQWmlWRkRSNXpxczViQ3BtY0xoRFU5ZVBOVUduazJ5emovU3V6bWU3L3JtMkVNNTRaTDY1UmxsK3NzTjBpU0E2ZHBqcEFLMjNGbDJqc0RucUxmR1VXQkNSNFFESUdqU1I3czRGcXFJaUNib09QN3ZuZUcxY1dsSUdrbkdtR1QvUzZHclZZMUJ6aEJqNHptRnN0Qlk1QnZhVjM0N1ROS1hUUXFna1o3YnY1NnZkWldjSFBGdUl6MGpNSFlTNDNhWDlKb3MwcnFJcytSTVhqdm9kRFhscHYzY01xSjFZeUFsK3lBS3pqZjNQQlhiR2ZnWmtLWEkvVXF0bkZZZlB6K0ZjOXAzVHBzTFdLT3R1RjhUTFB0MXRaWHAxM3RxclNrN3V5Y29uc3R0dWNiR0tNS1U2MUxHbmxtYUJPV2tVU2xDUE1pNlFNbzB2d25XQkJqRVRiN2ZxK3RVWDFramFic2tyMG1UZWNMNDdkNFZoNG5qQ0E1dTA4L0IzYlpROXgycHJ0QU5YNjZia3ZsaGJqNnN1SVBFakM0bEZVS0kvNkJqRUhpVGxxak9mVUxWc0RnQjBieGJxUGtXVVRWRmZtNEJzR3crSytOY04xOXVPY1QzeGJDd2F4eDVsd2IrV0ZSbVJxNVdKS1dBejRiZHU2TjRRWWhtSTRHQUcwK0JHbjlRQlFmbExzeTlTU3B2djB1MUJMcW55UTF4M3dnZ0N5cjNEWUFVOVNSaTdNWDNwZmxYemdudDM4M0krT1M0T2doNFpPUktwTzVFYmhVREtYY0g0VDVBUFRxS3pFRGx3d3ZtQ0pnckFIYUtnb2F1Y0loWDh2cEVDTkx5UTNUVTN5Vlh5Tm9UL3p4cnY2ODVPMVhreUNiM3kxS0lhWmlGYVJVNC8xdG5WQkVid25tL1FJUXNJdTFGK2RoeDlsazE1WVVXSnhTVUY3ejRBR2FuMkRFL1lvaVRUeHo1QlUraSt4dzhjWkd4ckRkMVBhTDV2TjgrZncrNDl5alVkS1BEWk9lTUlxMWRTUWJOWVlLVkZuajRpWDBvUWRENWRlMkd4NjZ5MEN5Q0t1Z28wai9STVE0bVVyWHRJMVNVOUxrSVc3VmFSQzNYR0xSRi80aDN2L3NucjRSekRQRThaeElCc1ZDLytYRm5qZm1QTm55NDhVaCttbTRSMjRTdG5nSi9nQUwrNW9HaVlvYkl4bVVRM1FodE81cXRLb1pqeWl6T3dTOWlFQ1FPZkdOaEdDRTE4OENwU0pkcFVYK1o1bXZXZkZLZk83Rzc3WkZMZXJDQUVtTEFmb3VSYk9XSEQ5bW5Hc0VlVFViWU9LNVB6UXpVR21EZk80aUpqZ2N2dkdmZFFhVTZlZEpLU2JZWjYyenp0bnpCcWhFYy96d0RCRGFZSlRmeGlPMlRkUGZCeDBNVCttcWpoRTg3V0tReU5zdmpNaHBIM0RaejVEOXZSVnpJbHhoSXZFSm9DczFQZWhuL3RwNjJ4UnFtWjRpYkVBV3JzTVpTWFFoTkt2c1ZSNmxxSVdwS2FuWHBiMXRvQjVVODRNaEhYTDlsdVd3ekc4bHM5bUFsb2xoazdqL2RzZVRMeExWd29Wc1VmS1lTN1ZDeDMxeDJJc2hKU0VpSFpscHRDejVaajl6ZENHNlFnY0RNUHVEVkJJZzFtb1AwVklidTJlRFpEQkZ6dmdQclFPa1hMTkVqZzZHUzNkRFB6ejFNRXkyckRZaGZHcDRGSmt2TTZ1T0ZDeVdDL0VlSHVMTG9OMzJvdlM4cG5vVkh4QjdPK0dhNnczVmRDWlAyZ3FHWDBLRzdFYTBsUFc4MG8rSzRXME8wTEZxS2xYMEhjUGtKWnUrb2NpZlZoTFJKajJCK3RXL0FRRDc4MURadlRHdGJ6cUN2Y2FqeXFuYzU5V29VRFBTVE85eUJlN3daaU1PVVQ5cFR5ZnZrRVNGOGxHbUlJK0RVRVdrSFdRb1JOTTRTbGtrZDljdzUreUozak5mYytsRHRaUktMKzJFWUk2cVFUMC9iL1JIQk81d3JzSUt2MDU0N1VqWVcxTWVYSFFOampEMENEMDZhR0FtWGhJQ0laamhFcm9GWFc2bW91MnhabTZhc2RyUW9JMjc3WVI0RUx4WmNGMWk4eHAyenlxazErV3FhMmZvbWFUSlFQSEwrTkh2d00xOTdjS0doSDBFdHhESkF6UktVUUplWGlwdlAxL1Q4UjZ0MG91eDB2YUhNU0pYTGNCbENrN2wrWGk2STRiK1ZnM2l5K1lyZjdpUnlsMklqd2NHdXJJZ1hxd1YwUkxES0ZudUdiUGRsL3ZOQjNhQnlwYzZaZnVham44d3VYZUpZVXV6RklJRk1qcVJwUkdUUkVZNXp3VVZrN0dyMlZralNHZW9UQURCVU9ib2RxSWR6NFdhM2w5TkplNEZ1Wmd5cWM0NjZLUWNFUnhGUUthM29NZFlHM284by9WS0J1WDFpT09GcmYyWkZUUTNBQnU0UW5iUWJkeG5XdEFMdHdWaXp1RHN4QXdtSXphQ0xwbXFOdGo2MFRIU2FBOVFvVnpvdk1id2t4RW51dlljc0FEd1R3amdlVmszZW1raGp5ajZpZUlTUERURjVtMDhPSkNzUGx1MHlmYkxLMTRKZ1d4VlBkTDZMUmkwUHA3a05WU1JLRkpaVDQybkgxUWV6SWpvaGRVTWFlM0VzVDZMMTkxa2QyWDU4TE1VY2Z3U1VFQk1lTEVpU2tsTlVneWhkenB1ZWRJbUtYcGl1QXUrWkgyak5vaFJHWDEvSm9VbFZKekFDay9PU20yRXB3NFVmcW9QMTZyMnU5eGRBQXNTT1Y2dnRFV1A2bnkyL3lGUERZZjJrU0lVSm1sNUxhUkFBSzBNRzBZaUh0RlNBVHlsQUxtbHR4aHM1SHQvMEFVQ3BrYjYrQmFJK2JzUWFDcmc3dTFCL1hLYnVSL0poSjFmT0QvazJsemtjQ3JPRFhEZmV2UzJwUjRRcmUrMUxjWVVneUJBZU5aU1ZjaFJhQ2NMWlJQc0xvaWhCbnVpOXhHZWZlZU15dzFTczFOdFh2c1kvM1JjOEw1OGZDWGJFa2VuRUVFd2RJODNBa0c5bEVqVmY4bnc3SnIwWFIwZEFnSnFpODFtS1hKL1dFbEpjbFdaVktyWDZscWhmYXZBNmo0Nzd5c09BNkFpNXlDQjhDK2ZtMjQra1FEb2VyYjFqSTdaU1pxUW1NYnB2emZtRW9HK3B3L1RWempRYUk2ZnlMSXl4WUtLSWl5Q1NKQ3VxaDNaVTlteUlxa0EwcUxWYlRKVVhpN3pZWkxqWEJvalRCbUpBWVdmMXJxT09JMWJ0OGpiK2QyOTlGTkZnV3lyVUIwNFhsYjlIQXZjcEV0eWRSUXp2ZS9nSHRib0xMVHJPVld2RUw2dmtBa29zTTgrZk81ZmxIM3ZrUHNEc2NQa3YvMU0rU0NxdDd5YzhTS0VBVkV4WkxIWndudW82N1lPYkV6NFRDemlzZXFjdW9DUG1IRU1lV2xJdXhxVE9DQkZ3eXhNandxUlFNRmVnTmpqZHhlbEFWck5BeHpMNm12T21OMDBQdjFyUnV0cGFyNnc3MWVxa1U5dmh2RDM0bTVNQWw1MnpQMzM3amtCOW5tZ0JLWHN1dC9CdnREYk5Gc3ljR2RxNFZoZDl2NW1qM0Q0SWFXOHBtTU5xZlRxQ0Q2T3ZZY0cybzN5L20zWmVRRWVUcVhIWHZPNkJZWllNcHU0a3B2amVDc09Jb2xOZXpOREdUejJOQUR6YjRxRGo1dGVGeS9RSC9mUHNSbFcrQ3krRG90QWNLNGplRnFoSTdsUzlRUklTTGRvR1dNNnlpR3JOVVd6SUpUblh5MTdyVG1EZzl1QXMxVWsrNWFuQjR1MU9jVitEbHhqMXpGUnhMKy9OT255eWxCWnJZS3FqU3I3bGd6VXVJRWdLWXJibFZXbXBJVTNQSXAwU25VeXZXcFppam9INkFTdDNZOEhVZTdLRnhaeVJQeks0Ylo0bFlLTzRBWmg5R09oQVRPV1VXRXNmQ0NRNmM1YWs1YzBsOHpia2ZGY2xWK0VQb1NJQ1JTWVhNby8yK1dRT29ZQlZYOWE4bm14RnBCZjRmSC83NEpEbzl4dXBaLzB3TDNxQjU1Smc5VkNZMW1wRXNBcS9qMFVpaEtYaHlaWG1aODJvVm1UTTZLY3hJMzFpQlhkQ25UR0tzQmwzdjYzckdVTU10SDdsNEZFNEpVQVBxdnA3eEdsMEpiaGtnMlhQSEtvN09kTlhEMG0wVTduenJYMlNPQjkvaGRSNWhMVkZvdkROUXpOWHk1STNsb2pJMWUyUlhtQXp2UEpnUzE4YWxqWjZ6bkRmK3dqOXpQdWZXOXRXc0RLc2RuM1FucnJNYnd1OG9NblNXeDRaQklvM1NHc1VpSEUwVSt3RzMwMEg5ekYwRXlpdHMzc3p2RjZDdGZ0bk1jZ1ZZVlZncmdUeUpYQzVQN3pqc3ltNWU4MlpLNVZZNUtlcGRhc09MdTd6clBkV09kYld6ZW52dzJPRGJuZ1dvY0VOdGdVeWE0TnJnaXJGY2s0b1Y0TmEvWEJWU0tCbE1IYkViaC9wZnpDM0Ric2JWako3M29XOUZOZjQxcitZRnlhZWJxN1BoR1p4S3hwUzRHKzNPanYvQnFZWFdmbDFhZm9JZ2Rha0tyWmRva3NWWTlMc2lPT1JSZFVzbm9ubjBvMW1VbVhyM3BuK2ZmSTk2RThPSTVwZUwxU1lBZWY2SnM5U0pVUzN5UU43bzlEcjhZcnBDTXZJcEJlV1RqNDVEdFJPZGtBZGhxZ0xONkxuTVRlejFWRlhHa2RxWEJ0R2w3QTNIalVJbGVYakNlV1J6WGRrQzAvWFBPaVNzbnFkVGVTb2NDelFnb0dZR3Y4d0hWWGgrcEpnaW1hL0R4akJTZ0VBTE5TVlFzaVl2RENZeTFZYlEzYXNrb0MvY1Y5bFA0RjB4amNoZTVzdno1aUF2L256RWdxb3U5WXk3a0dtL0dVUkRYVTFUeUdlcWEwb2RqNVdwRlVtSFF6SzlvcWt6WkNVWkZHU2IwM2V5MTFCK0xneEQyUkNxRDMzUTg0WVZvWE1lY1R3VUVZNGN5ZGtLNHJEZ1Axb0ZDTDBYUU4rN0lhK0IvcjJubVJUZHd2N0E4TVYxU3NoTi9iWDZBWnRXRDl2dGFOdHZ2WTlMaStMTnR4ZjdHeGxyanFlODZ1ZjMrMHI5bFJkNlA5ODIwM25WT2RnZ2d5RnM4T3prUXJEcFkvRWRyc25TSHhTNzl3K2dCZ2N0M3Jyd0ZsWTN5QnNZY1IwTkFQMWZPTnJKN1Nrb2s5aFNwcU83UXBKVGhWUEtjRGhSV2gzTDJ2U1Z5NTRDRW1yM0xsNW9NNlFxYXZuT0drdlFEQnhrbEJNMXBhcTB1LzE4QXIwTHM4RVIxZWtCWWMrY2lGSzNsQmhFVnM4dnJvNTVSY1piL1NCYXhpWDBCTWJtbE9EZ3MzNVFUOTc3MkhGVFlCWk1mYk94SEFFSmpzZ0hSZFJkMU1FeFFxSmZhRGI0N09LT0FtU1dkb0VhTEgxQ01xdWpNOTFUb1dDMUFQdU5yRWloWGs2ZG1KUUtwMGFEN1doeE1wdjN5VlRmRTFPSkltbHJMa3VmU2FSckZaOXdaMlEwek5qT2tRUDFxaGo4UElJN1UvaHJuUHJXMk0zZFNBN0NaUGx6bXNETzE4MUx2VnhSSS8vbklkNko3SUM5b2ZEdU1HSlFBTUVkNm16TE9NNHZOMDl4WGx5Y3VWVFJjYjVSSTFCLzJjRUlLMWZVajBMWFFWaDFlOWhhbmhnYmxUWFhyY3pydXVHTWFHY2F4RlYvUi9zeDBHOU91YTZ4d2diNUVYaXhCK1YyUXYzSmczN3VNWHlRd3R5dlpCTWNBNG16SGlLbGVtYnZMQXN1TzIvdGhyNjBXeUFzai9ZUFBkUldMOEVrVU5RdGhyZUpuaExleGRUaEh6Sjdac2YrYmRsa2hoam9GUFMzbER4eVNEK0ljcm9zcE9qRDBBb25OSzB5RmkyeHY2amxvTS8vNDZOZ0R6TEgrL2cvck5mUHkvalRtUW9NOUhPdmx5YnRlbkZSem14YkRWVVNMSWJQdnhEa0JpeWcvb3hJUXpSdlY3YU1UWXdzTllRdUtFYy9rdWJzcitHWncyV1k1SExCMWJOTW9pRWRSTHMxNVJXODNaY01ocUhxOS9mU3dKNzFkeGhJZGVpalB3cUtJS00zbk9yQUIrMGRteE1XSnQ0cUNKNU5Gd0p3RGhkdDU2WTZpUVpldTk5V1NzaVV2NktXZG9sc0NQNHhWS2loMHFNbkxHZUlHTWEySzZ4RG14ZHZQc2JMQUNzejFOdGh4MkUrc3p3SUJXMU1kQ2QvaVZ1RTczRE1WeVdjVmF0NWxTdFk4ZzVpRkRqMGI2VVE0NlBCY2ZpNjdNOHh4OUdlOXlkS2twMnI0NGlDVnlVWVdvdUZ3Y3d4MjluNVhTMVhBOGgyNTJlSkFXZkVPTERqeVI5ODJMYmJ6dnorRDZRdmVGdHRoL1BzT3V0aFB2TTBFM3Jiem0yaFNUS2pxeElVWTFEL2FUZnF4T0VQeGEweEJQQXV5Y2RkY1RvanVicUh5YmZkZG5MemFRMnc3c1RoVGRYTkQ1T3htNzU4RW00ZXI3dWN6VFVHWHhjUG5KTDR3aHgvdEZBYlpGSVBQTHFMZnRMbXJiTmhndFJzMlNQY0VLQkYrVHAyc3ZCbVNkUlFyVC9wRE1UTTdzNjhSdUF0SlF5enorNDkraTkyS2UwSHErb0JmYk9qeTVhRStLU3hkNWN2dUxzbDVWamZkZXVjMUh1cWdOTUFDKzZPVFNZZDNpNTR6VlFOb0M3Q1NqMG9rUmRwclVrLy80UC8yUXU2cjUrTXhJQndtL1RpenVDb0RkNndrMzZoM3E3VGRXTzV3NlVEZkM0NHJiQSs2dGlveWRGS2sxT1EzNTZSYjBaSlo0cjVTcDc4ZTY5T3dqeHloTnkzK3dFVEdKeDFjandoclg1bEZsMUY3ZzMyZloxQjJTazJWWnpucDVtY0IyeWRlQWpEZWhjSlNxZ2tpdmFYQmp4VGJEMHVHcWhFMGJuZUdXdmZsc01TUkJlOXhsclpBZms2S1ZBWU5CeFAyTk9STUJaQVVBVVBUK1BiRElaWUUzSHpvKzBVZkZucXZQOEEzSlB2OTFVaDIyUUZ6K2lxRjlmZTQraDZQRHNhUTBwcGZEK0NUVGJ4a1JFMEovSzUwbTg4a1FoZWMxc2NrL1ZMSStSOEd1WlB1aE9ITUhCMVRtQy9DN0VRa0djeHlVOFV5RldLUldOZkJ2Sk50bmNueHE5Y1ovQXMwbHVJR01mblNDRXgydUh3M3dlam81dWNVT200ME10QVJ5bGJpRC9LN2JQaUY5NVNtTjZDb3ViNkptU280ODBMTXZRMC9aMnIzMndHL3BDOEx2UHpYNVVoeW5DSmt1S3c1d01BZ1pPd2xsQVNPZVZpUXVXalJtclpkNEViNDJFRWhtemtGNDBuandRVDZjcDVyeGZMdlNuLzV3R2hkL1psc3cwbVRXYWYzSHRZOUE4MEc1THEzUERaVFNRUXdwVUR1QVZDU2Zyam43b0NEVXErUTg3dm9rd3EvSkwwTmR6ZnNrdjZPamZjUVNZRERrcEtoc1dkbFY4R1RZSTJjK21YY3hxQjdyQU9ObHJzNytlNVRaek5kVlhmK2Erako2R05UNUV0QjRpQldlY2QrM0xRTU4wdGNOS3o4b0xmWHp1R2YzL0FhaVF1MnYzSFh1bDV6ditIVm1XSGlDNUNlZUIxcENrUXZVSEExU2JpK2l1UFZXUkR6bEdkdGcrZjJFUlNDYk9PZ2lTc0JCbTV6VGh5dER2ZlVybE9XY0tKWEorMWxEVkhSdVNYbGlJcklWN3o5TmQzck41TTkra3hHWWMvTUg2NjhuQVBKN2xNL3dTeVNqRVI1UTVOTC9VeWJUL2laZWR0RjZaZXFFcXVydFE4akYzNWZCZ3BZZnR2a2k2SGtPWU9CdUdNck1kNFA0VldkcGFhL01MWDdVMGp2L0VOMXROWnhlTEh3Tys3MFhGUHBzTHl1RmZ0OWhxbW4yR1RKa3o2ckNvdEZETXFOOERRakpOejBLRFNsOStxOVhieWhqeDFQcVRGME0rN3M5c1VJbnlkQUVwbzgvdHJWZGwyVyswOTUwcVlMMHlXaW81VDRYK1dFTmZlL2xpTDVtSG5CWi9mMGR1dzJrNFpLY3NIYUsvZG55ZlVLRk5RR0ZqWDdWNU1LQXluc0hxNEFVdVVYdVdKc3FnYlVnYi9PY1F6bXZNR1c0c05GcFh5UkRlZUxjaTA1NlBEN3hacGppbU9xcTh3WElJSjF3UnlyWUd1Y0tHVkdrQStzeGZhSDJqNmQvZVhGZjdtQm82d0xweHc3TGV1YUUvUUUrcHlid2xLWkVSc0hIeDJ2R2xpRlNNbWFhNXltNDM1RW9WbDA2Vi9QdExhK2ZBZm5nTGJkQ3lLUEszVWI5OUpLcVFxaVJ4d0NBU291ZUNrRk81TGJhbkdqbmpZTS9ObXVOakNsOFpvR0ZOU2xBRnhGY2ZiSTNkOTFwMWZHVnBYekdHMis5OU5VS2JtdDNsNHE4NTNra054amdqMW9IN25sTjZOdlZMM0tJc2x4c3p3L2NyZWFRMCtuZUw0NjBpUXduWEprTTByeWs2VlNCaUxWQ1B0Zm0xaXBsY1NnOVFYOGpnT1RSN2N4RExGSHM3SlU3c0NxQ3ZSQzZ0d3MyVlpkY1JKd3hsd1lZQ3dZNzJIY2xtT2xEUUtDZFFneFA0S0UvNnVkblhlZXF6dGlVcEJ4Q0JzazdBZ0tjcnZncUoxVGpFSENmdUlFTTlOa3hCejNtQzJPemhFU1lvQ0ZyZnNiQ0pKNTRoUUFTNG9IMVc5bWhYZ2FpbndKME5pVGZSWHlockRyU2llbFNESWI6OkQ1elrMKg35S3m+uHkNZ7U=', '2018-10-26 16:59:27', '2019-02-17 11:40:30'),
(2, 150000, 42, 13, 25, 68, 'F', 'WVRSWGJITmFIOW9mT01VY0JpbWxTNEl2aExEbi96MHJlUlVZU1VvZjB3WG91SnVoR1pSMTQ2NVdBNkxrVHNRMGl6ZGJLck1pcjhyVnhLWDhKWkVXNXk0dldMcGFINE9vVjd1RUU5OEZ2RitLQmM1bmxTdGQ4eTZwek1XbC95eEluR0NEdXdRV0VPY1VYZXZmTStuTGYvcTZoYmFGOXkwcXZNSVdrYS8vVEpGcWJ4QVZXZm02M1V3emZKRDRiVGJsdXJpS3c4UHArS0xVYmVpejJqSGo3SFdrWXBEMnhUQ0ROUnpESUVKbitUU3ZIS2JRalZrOFB4NHFlSzBsRnU5WkNJMHFBSDJrak1EZ0plN0xpOWFTRzZERnI3MUNRa1JRQ28rNitmaEc3RlFIZ2lhOWkrNFVCN1hTZzJNMDRxYklRSEhETWhzMkIxUnNJdDFYak84bVJ5TlVVN05mOGtvdWhXZEVIVkduUlB2MGpEUHM5ZXVtM2w5S1FmK0NEb0pmZUVpdlFSNzNjdHNZOHIxc1pnaUg5YzRYMm5qMnVpMURDTlpDK0huOWQ2dnZFNXZIV1R3TG1GdWt3TS83M1IwK1JYT0lMVWtLaEw0K21Ub3lCa1VudnYrWUN1Rmx6ODZlS1E5cHVZVGV5UUg1S0ZkWVJYdElqV3BWU0Z2ZFI2WlJ1Tm1FOTNWNW5pZ3ZCaWZxc1RvTkJnR2VGY0FVcURvZDRQNlRaV2x1UW9LVmhzaHJkeTZJSlNya3VLOGZMZWhLOGhPbWpoN2tyMzM1ZW0wSTNFazU0UGJtVGx1M0k4ZzBFT0UxaWFDL2I5MTVFRTNKdWIzUGlUZnNuWFYyR29DQmwyMjJNWGdBaStxVUlROXBSZGlTTHdKaGFVUk95dlhySVB6MUIydFJKTTFCM3ZFbDZpMG0zaUViRGFxY3FkQW5VZlZNWnNMalhrdVU1SWRZTFBrSHM4RDloZkg2NHU4eVB0YUtiZmhuUXhBNXN1dUdzSjVtdHNOSkZjbUFsdXZSYm1aYTlKR3pGM1FobDJtSk5SQ1NHNEZWN3BVMzc2NzB2ZzRXVW9zNVBXN1NwRjduSThUb3VUNGZ5NzkrVFhEVzRaSHdub0tYU3NUQk9ZK2FKNVZUSFVRcTNzT1lvRVArRnp1QjJJQXRDaUlWeU5BQ3dnUTFLbVBSTmExenhzbldPTGV2cUxYQmtRaVpiSVg5ZFlKNHVKYmdld05UOFR6UXFnR09haHNWbnk0Z25GSnRYZS9sZ3lHYXZZcittREhVb3g1aURnMGlFb1NOdzN5SklWL2s0Q2VFbkJjVE9iVFU4TTJlM2pNRHA5S2VDZS9maWloYVVtYWRhYmp2ZVFGUUJUQWFhend0dVY3NUEwUGdjMEtmVVNhVXl4OVkvQUsvR1JRSGlvYlhUVlczSENsWlE2Ti9WSUcvUUJVUnFZZmwwc25PN1ZhUEVUNHdVT0tuT3pxR3BJSVlNRHZ5ZWdQSXNwMUxPK2tGbDhQUnlyNFI4N3dXd3dlZUNaN04vdGRLdHl4SGZGd2djWnJxU2RoRGI2a3lpVlBCV0JJZlhrbmsxdkN1amhadE9ZMVkzNytZaFhRdFhyQ2UwUDNrSzJQZTNGZ2dHWmhBOXA2ZkhBQmoyS044RG5LTWJrdXZLRktmbnBTazhTL09yVjZuWVh6c3JzWXJOY3pkYlZvZTgweU5YWEhFZkZ2cTBYRlE4ZjExcUlnR1Vac0dxakJ3aTJnQU5hWWIvN3FOanNLdUI0ODdxTUI1L09hV21QQ0JkbTRvZEhoY05KK2UyOHJ1emplUkhsblpBMmFzOG5FSnhDd0NNWjJtZTNwVDM1S2lKNnQxbE42VHlMMllDMjZCUEd1a1ozZzMxdXc0UFY3QnV5VjlQYmRFNG96TEdZeHpiQm1INGhyVlJvaVdidjVGTFNWc1NraG5WTWY4K1JUc0ZDVVVZbERvaExQQXRwcXE0cmMyMVBuMXZDR2dpcC9IN3Iwb1pRc244OXkxWGk5cHdoK2VYUk9RWVJvU2U4N2xtaE5QRGVSSW1JV2xXcmVoMFFiR0hqc1JVT3JRRlBEZE5JK00ybDBUbmMrZHFmOVE0dWpzNDU0VndjVThLc09hb1FkY0NHZ05WczBRcjNRY1lqdFZwSkFaQzN1MG5uc1ZpZmU0a0JaeUN4VGVpbERsb2h5NHNOSFJVMDB6UVEvbmYyakE2SGo4aEJrTVJabHBnQ3pnZkFCLzlKdlhtUVF3RnNzSXZUdElxWFduRVN5MCtERTlwY2diREZJMFVMdjlqbUpCUTN3cHRLUGhzYzBDR2JZSzhGeXBIOFhzOWVuRlRaa1kvaVBMemFnRWFVSWh0Q0xvODJCcjdjNXNuQ2F1N2xOZHk1NUZveWdwR2tLM2kwa1lRK3FoczdDU1ViV0NVR0JPVjhDUGhXVzJIc1JHeSttSkRUOGxjeThEN2pkSWFiWTh2ZUxaMnRoVVRjYkxHK3JvblR6c1FiRHFqMkZ4WjQvYllUdk9HMW9sSEgycDJzcndFZGNHRHFnMkM4Z3k4cmx6MXpHd1dnUVBnZDdwbkhXTUtRTTNwR2xLbTF6b0hpcTZLUEUvdERPSkNITHRRSEVsOGs0T3l0V1NqWE12emdBTXN4Nk1na2xnWUFZbTMzVEw1aEdSZCtjVk5adWZrVndVVEFRRmhRZWFxNDIxTmNWcDlzUG9SQWhobG1kaFJSM3Bremlpbkx4MitpWWlwUi9qSDM1RzZvLzN2cVJ6elc4ZGJwVGhBUnd1aTZzaC9xNTkreVdnbGNPSkt2aUlHUkFHeFNrRGxGMXp6UUlxTi9ZV1J2SXZxVVQyNElvNTcvWmdlRzJFeXZaR2Zsbk9QT2FkOTJvdVVISjVDRmF2OVRsb2ZrN253VnAxalIvY0ZadlVHZy9Uck5wWk5CV2ZYT2R3MDBFSDBNTk80WlhCQTcwK0x2REZmQjd4QWlKQ0FWTEw5ZFdnT1h4eVVQa0hHbFQ4elhhcEFFQW5VRW1SUGYyTDlTeG81YzlsK2haVnF1VitISUh5THNlSGNtbGJraTh1QWVvSzliTjNPVVRsMWxmbGJEZHZWTHE0OUFXdHJaeGdPM1F4cnVDbytKcXMxb1lCczVNZ1NwcFhYVTVpa2JmTFhnY2JRa1BKbkMwK3ZkUGhSNHoydUFiWC9kYXN6TlVoMGtqeXE3aDJacWlSaGlPWXBmNzBiV1lzZmE5TjlzRkV5UWVybHZwSDRqL2VHcUJxelZteGpQazErWTg4aTdCK2MyRCszYm9oaHgwZ0J0cms3aGwwYytiNWpTSGdFMVdrMURmRTNDd3pLN3UxSmJPb2gxQTNsTVBWcjZ4QUUwVFFVd2Z6RnlsenlLS0hnYUZyQzNJTzVKVWJScFRkU3o4T1VGbmIyckRuS20yYnB6NWdaNFA1Sy9mMDRlQlEzdXJYaDZNSlpMczU5L01uUXp6ZzB5TC9jNU5tV0VDK2FlQUg3WXg4R0J2cHZzRzJzRHp1c285a1k3VUIvOXZ1MXVHblppd3RUeldFUmd6YUlMYlM0N29tdU5vRWpGY0ZZWU1INjErdjVoYkhnNzQ1emg0VTFXMXplSjczY2hFenFQZ2U5SU4xMjdwQU1SbEkvSlBsY3F1Vk55N3kydWpDTUNZdWk1aVNQcTRRNnkwZ2MzVXIxdHkvdDhtbzdwZUNQNDZJMFpkLzMxZ3U3OUJyWjgxR0JHdHNKcGN3TlZXU0s5cHY1ejMzVzYwak0vMnZKUnRJRjR6U0doTHRUMGQ3dkl5aTd6THJ0dUlFSzVPRmFuMENxVFFZOWhlYUg5S3ZDOGl2M2taQVMvYklaWGpkYnM4WWxSYU43U2puaWdOZXJqengwRStRalBRRW51a1lLSEk3Szk2M09zY1l5Nit5dWVwaWc5OTVHc1FQZlJ2Tnc0K2VOVTYySmoybG9HUTh5Nk5aT3VMQjh3M3JITzA1R2NSMHBwaFZvTFhlaEZSMTNkZkxjb1A1SkNsWUdHUDNjWXAyQXN5SCtTZjVRbG1EWGUvYkhHWC9qd1ppMGJLNnRRQThXck1RUStKMjBaUm5COC9hSEtWKzY1NHJGc09VcFRCN25QSW5XUVBvbjkyblRINEFMN0psdDFpazdhc1Ezcnh0WnNrdFZWWFFKOENFZkhOcTFJSTdMSlhsKzRUcmpKUG1oY0p4dlptTnFiZmhOWlBRVzZLRWVwcTZwZ2NzMllmK2Q0R2ZoVnBqRlYyb0h6V3NibzBvOVM3OWVVYlVKczdwT2lDVFg1NUQxVDg5d3g3djZybWdSUUdkQlk3Qi8wb3ZjSWQrYVEvLzZncm8zZVZFdEg3UC9jOStpREtiWkJNcUtleDkvU0hEekE4alBIaElBOTJFQnFYdXlDbStWZ3hiUlU5ZmdxR0x2aXk1bzVkQVdESXVFc2dKMXh4Y3AwT3BiVFBtTGFqRnNYMm5VVnJEM2kySHN3M3ltSjhWNXJRc1RuTklRTUdZbDlqWDY2VVpqV2dKRG9SdVNzNTUxeGJYZTdHaXZIaFhkcWl1ejdoTjg4RTcyNk5RZnVpUElkZWI3QjV6OGRnVENrb2tGSUpIcXFXb1ZzTjViQlcwUDdKaVhFVktsRDdhbXY0bzN0RUVUV2NqZ2RoL0xsall6WmkwUUh3NXdRdW56R282NHkvNURmRjdWUzV6RVZWRzdZczZYbS91cVRKY0lNaUh2NEJ3L0xJeXJoeFZrb3ZhYnlUL1FjNEZJTHhjSWs3QXh0a2p2Ykg5THhlUjNYbU1UaHpiWVpoS2s0NGo2QzVlMldZc3k0eU5rMjQxTk5qa2g3bUxTWUdQeTl5aFJ2bEFFdUx5WmV6WDVCVUwyWGl2YUJ3UzNHdnlJRmhnSExBamhKMWxYeVU3NjRaUEc5aWF3K2pPUzVlTExPYy9uWGJUdkJtM0Fyc2tsc0ZycFd6UitENi9QNjVCRmk3ZmVHL2VxRjBQL0J5U29raWlxYWZOak5zL0d3Wjc3ckU4a0VJVUYvNFdBa2t0eXNSWERUMzEwNXJUNzg4Q0F4Z3BaN2dVZUl0ZFk5ZE12M1F2OXJxK05tbG5lZ1gwQWRlVjB0RHFjTi9FWmlGRDBQZTUzOEszbDhHUXFqcmt3Sk1MOGI4Yi81Qjh0dzVCNTlGWXFPUjFPb2pvWUJTbjN6NUw5TDVzWm1yNFEvWSs2VVpzMVZhR2FFajFQWUVmK0o3L2MwZ2hhalVoc0NMZ3BVOVZpdnl0VFRKSmJ5WGIvK2syRnVNNmQzRlZEY2kybmxxUFlSZWFIYzlQb24xdlJON2F6T3BwWUs1S2xzbTlnVWd6b1EwdGhwTzRQS2xCL0NhS3J1R2pCK3gyamp2bUhUa1VHa2dhL2p4UnZEekxZZzFrYzBLV0pNeFNDM0Y1ckxZRTA2OXI1OEFFZGdpVDdwZThidVNwRHJXUUxRVVZXd3VPU0FYWWZVSlZNbFA3Ti9KOFRrbjJnT09GWHdOZ0tkMCtLOGNHYzRvQm5TRVR6dHh1QnUwZ1F5SzVVbHRBZU8vVGRaa1hPUGlyL3FrKzA3R0YwOU00U1l6RVgvQjcvYkdORmRZb3dKOXBXSlhobHQ3Ym5RSnMyYkJUQnJQRVNPV1BBRzlHTDd2ZStjZkZhV3hMYmtrNjdqd3BwQlBxOUJ0Q2Q4RnBqSDZlUXo3R2txRnBZSSs5MmNOU1IvbklsZlVSR1hQSFhlTmR2ZVM5NXdkL0o3ZlhhOU1HTHFkMkQ2eFZmMC9oWW1nRmM5MzJVTUZKa3E4QzROOGwwcjE2aElEYUo5ZG5Tc1JmVGcrRjBDeWdrb2lqT2ExTEdVM1VlTnVzVHh3eVZWTWdmNXhoY0xXZ3FyQXdDdGg4SzJveGVFMlptSWpwSzVydWE3NHdIWXA2T3oySHV2MGFod3dURDhoTUJEdytITWY3Mm5zdGJKSk5hemNQcWpCWmcwVlRqcmJoR0NmaUJCWFdRRnVWN1NYallRQkVieUJjaVFSR2Z3b3lzUi9UWHFsRmlIQWJvWS8weU9JUFdZLy9yZWl2YnV6U2pWcENJUVFwdGIrbWtpVmdZSXluMGtvVmxhVXh0M0ROR01OVHpGWm8xbUxtcy9aSGRMMWhnVFkzQlhDWFl1eGlqYU5oN1ZtMHpaa2hWQWkxektIR3ZDbG11eHJXT1VjYzNEY0ZEcmZZeHVaSDI2OVpnQkhBZWVnZ08yaTcyYTFzcENyanpKMlpIdSt6czJSb3djMnplZHZZVXVRTHlONk9BV1g1a1UwdGxqazBSRS9yd0FrL1ZZdDQ3UkJJK3ZweDlJd01nZUd0bC9VZFA1cW1CckRMZXdUS2N4L28yRHlUQ2Z2QTMyMUo5S3J0QnBCSFM0cEQrU2pHZ2FpTzk1clJJdjVia3NicGJzVEUwYUhzNXIxNVBwdTBCdnNvblV2eDZmOXRId09IY1I2cWJpQ3BmY2JTNlRPMldaMXpVdk84aEttME5CMVdzRGR6cGVhRmxMSTdYY0QyYU14SEFUN0h1dnovL1BiWFRwTHZxT2p6RlN4V0RzaFNLUTRNMzVvN0tsZEREWXRBRndrMzREQlJCeFFnTnkxZ0dDem1rZHM4Y1BkeWwveFFReEhXcDZ2SU5HWURkUGg4VWI4M01uWlJHTzJsdjZtSFRyV2g5SncwSVJFNUJ3OFh2RXRDNzVoeFN5Vk9BeENId09zU0sybFFBRmF6U3FPUzNrSTlzRS9NdE1iRXBmTGtpZW93WGZOZlgvK0dMUlA1OWl6cks2cVBUdkxVdWhMTktYK0dndDBQSGR6K1RhVjFNMUErRGYzT2hIKzd2T1pqNXgxd0toM0J3T2VyTjA4Q29EWXRSYmtlbHBBcmNVcFovVzB4VEV5SC91Y2dqYkdSYk52bXVjc29VMXhxVHZPblUvOWR4aTVLTkdPRHQzQTVPM2pSVVEvQmk3aWszdXBmdm1GZHRXdjVva3hObko1bXdOS09YNS9VVFJEMFgxNEM0enB6bGtrdWVyc0JMUmVsMVIydHFtazNaQmI5WURQcE45MVhiTCtEOUt0ejN1SldjRnA0aEFwMWhrNjA2WWxrMllaU0QzRGdZVE5oYmZObjlORkZZb3dCYkVBL2UxSmJvRmdRWkpKK0RnRlNrdnN3VUdubXNFVHZLZTZCRWNoOXZCKzY2UXgxaHp1M21lRWdCSUJoQ1k1MHF6dENpeWs4ekdSb21NNzJ5cjdFcjgwdTF5VDV5dmxYVEkvOU1RUm1SVGNXcXJsYlNtSElVMkcwTWJYaldBTFRvZTNDbmNMWk51Mm9jTGpabE44NUJnOWx6cW9zSG1JcVNUTml4WlVmR28zMFB3Tk16a3BXL3A5OHZyajRaUVlBOXlmcFo0WlcxRnVqaHN6bUVlb2luaDZreGg5WEtpMzZwZW9KSmE1TldSeFAyV2lWRSs4N1JFaDJNL3k2aktwSUFJTnR3UXFWaEVmaVYzcnhJZkNPc050VGt1ZTlkRVltNVFDcCsybFZFc0s3VFVJdG9GY1JPOGE5OGFnU2NGNFpLcFNiUkYyK0NRMytXdkpsbW8xcTJxY3pVWmJ6K0dORGIxeXozaWEvcXJJazFaUXVLcHZKdVA0emhKS291K0IxVXZaQXhHVUlSdTNWODNQbnBTbXNSOEJuNjRmRmlhZGNFOGs5blNzeXhKdi8wbE8yczREZVhsSURxWGh1UjFqbDlacm95d0ZjR3FzZ0QySTNodTV3UjBMcytETzRFL2UwV3BDcDlHaEh0aFpmQ3ZKaGt3cE55K1hvK1VudGptWU5aWnZRNkliK1BPQ1hXRkNkY3Q4THNhN0xOWk9mcGQxb3JUaXRaOG4vS0ZIMnlzZG1PVkdhQUFqRlo1L090RlVld2hYZjNpQVJ2bFFSN1BTMnlQREJZOXl3c2VVR1JGYlV4eEs1QWxubjB3b3JEaUN1ZTdzbndkWWFOb0ZWc0R0OXU1MlA2RkJnRWxsQjk1bGYwRlRGSnlNNTlUZWE2eEhKUmd4WmFsbzFsZUg4VkdMQ2xzRGl0U3E0UE0rNTIxSncvZCt5ZzNHSzdVMExZdTducFpxekx3M0NPMWFBR2VDSFNZZVRheFJiNDYwWk1GdmlRN0hwR3BEZ2lBcnRsNy9wS2kwVDB0alNJNkxCbkV0azg0YzBpd1VvMzFlNlNzQ3I4S3J1WWxXa3UxNkc4RGZUTDd6ZXBmLzE5ZnY3bUgyVlJxRzVjWFA5NC9OQnhTZWlxZDFnQjJuVVhoUG5GZ1RHTDdEb25MQm9jSnZQYUhFL0ZuZW5kUFIvbytjTGd1WUh1bjA3djJ5ci9wRnAvNm91ajhvU213MzVnTE0raEkzSWVoUmNta1BNdXhUaysxaGlsOW5lSzBkTlJqWm9oYlEzaHBwWk5IMC9uSlgvOE8xbEpjbEFaMDNLcjFJZjloUlJKQXFDWm5YODcvMmU4Z2lJOE9ld1FnWDRDWHZ3Y1NITktEbTBGY3RlZ29oM05DN0p3WXVkV0F1L1BEY2F4cEZWczFjaDVJbDZ1ZnhZbW5iT2hqd3pEdUlDVVVtOWo0cWllOG1JWGFwWnRnQWFNYnZkWGsweFhrTW5jeWdJNFpBVjFMTHdPNURqczdvc3oybzIzUlhCbjhpcmpBV1Nid00yZUE0Rkx2Rm8xNmEyU3BNM2VpbUhYbUNPMHNMUUdEYlhxMHNoazhtVFI5V0tHalVxK3dJdXJXRlYwc0o2bXVSZnVkL25qZktYQks4TThtOHkxTWVTVGZJM2FZUlhkL3VWTFFqOXNDbFFrQUl4b09Id1BQYkI2bW4zenYyd3JCcG54K1NYenh3RHdrN2xmTXpLS3o1SnZsNlZFaXJkRWVJTzdnb296MmxHS2hxT2JTLzJndGlsSGJaVEJaSWRSN0Rha0FxbWoxakJZWkNFNjdScUVneFptanZBcU44Wmx0OElzZnF0NE1FekticVhmblVydXpZcWUyT002eHJ0cWFMRGZGSXU3Z2lpZitvZTZSeldVYTYxZHJ6b2VZcmJrU3VLSnRhbjFvWVBLcXRWSFhTYW4wQVhTTkl2WWZST0ZTRkh4ZzV5L0E5T0E1Y1d3VXA2Q2U3OWZBK2Q2bFBrNytsSFF5bFo1VEYzdDFlVXA1UHMvMm5VT3dBQ2QzbVdWMWxXTldnd3Zkb2F5bUFvSlJJNDkxcmpsM3lxaFF1UmFFRUdtZ2p0N0RpVVRQVmxCL2pGQTV4WEo5c013ZGtLVnE0T09YTHNxZ0FxUVZMRjJaOHlvZjNKOVYxRHVETGZFWkxyNlBaRkdTMitKVXJ4ZXlsazVHb1NBVkFaNXhVWmNOZjNtNlFjbEdvenFsRFJxUG80U1BadnhyS1M4K2dzOVBMT1NKZFovckVSem8zQ2Q3MWdzRWQxenYyN0ZTSEsyend3UHVLYVgwTGtQWW5YZGk1UjRJR0F2RERJVUlqNzZEN0JkRDJ5SHNvQ3ZMTmlkcXMzVGtvTEhGOU9QbzdyRGVhVnZMcjZ2RGljVm4yem8zZUZ1a1lqZTNiRHZkMDJnUUJqU0lDWVdPSWNUREJlS3Noc0l2bWtyZ2FHZDFobDdTT3JWbWlTbmdZT0JWQWd6aHc5VzZjUFJLQzRod2RBcE1QNHhURE5SSmhUaHRwNUJwU3IzdERQRThwSzNyZnk1cGlkWU0vcDhTTDc0dUFxdVh6ZUxFcmZENnJJaUNDWXdNWU1GV1Q4aXZWdjBEaHl4WTE0WWlwNytyZ3dpR2o1c0lqVkVtc25DczZDSlQ1cXhzQ01nQXJ3WTJVbFNPaWNLekpJT0hWMm80TVh2QlA1cnFJaTFnd3JwNEwyN01Hb3RDZlhFNUMvbThOK25MZ05idjQycSsvNWJSM1JSWTNNamFPNEthaWJwWkN3NkZnRXZuWDNHa3daVWpkcEZCNjBOLzkwenhkdTNBOHhDNDd6cFA2V0EwK2N0c2RrS0ZPcEpIdFpqUE5uNksvcFcrUlpuTmxpWk0zbi81bEo3RzJmaG85bGZFYS9qNDFSRVBGbEhCcTRqSjI5b1pSMVN6bE9kTnBzS2Y4VU5LeGNKdlFRWG90aGtueC9ETU5JNVRTT2F5L2NJc3hucWZ5NE5IMFdZcXFBSzh2QUhjM2daSDBvcmZLTnNxR2NZSVY4a25FczZvMXFNVWQyc05oRnQweDZsenFjclRqWFJkQzZ3ditZUXBxZVlIVG5VVmFMM1VFWTBNZ3IrcHBxUkF6L05yV0toYlFCN2R1UmZ4dEwyV3RYbW1tSjRvbklkUUdGTGxBR0pQKzF5ZlpzZk5yQVpHeERpMW9WbUxiUXRVVGFPTENVNUZRSytsa0s4TGl4b3RBZFJiUzZlTDVPbG9LaTc4UnNleVBaa0I2MHRuQmo4QUpuc0RMYkZVMkdpakhQQTdBRkprazF3UUJpeEhJallpd2hXNTdkSi8rVStSclN3U3NHeC9uSlhIeE81WVc1RlVibEdsSFF0T2sxTVJuUjNodHZaa1RwRGNnN2RHU3FZaDlMZk9Dd3J1Y3pkd1M3bE5kQmFkTGpLNnF2blB6cjVhek8wbDdlem1iTks4Yml2eEVsVWVqN1NxZ05BNEg1ZmcwRkJxOVcrd0Qzdkhjb0hQZEtrR3p3ZDFWNnN6eGpiQ2I0K0ljM1l6VjIyNXRQWEVNbjU4TWNmSmNmV0FCTSswMFU4bXMzU0ttTmk3UXBjR1BBeVR3S080ZVJnVUdlMVJDelZhZTlLRHlReU1raldBSWxrQ0Q1MjB0ZkM4OVhsVnErMFNUbk9ZdklNaUVUaXVDakZwbGtWNlBjelZvVDB4cjc3THk3YzVJMjZtc1BIcU85NG9qemZqRURBZVdYNzFqdzQwOXZDMFNrYnpUZDJtY3FGQm1zVmNRVzUzajJIUnZTT1FkS3hVQXdsaFIyRWdtTVVOUXpFZjlMQitlZHBWTk5adDdnZlBxbVRiNkdXM3FkN2dLZVZVLzJYdElUb1phSGhvd2lqK0ptZitRRnlFd1RQS05SZ1hSRXArM3UyeGpxSENmZkY3eW1HZHpva0JLeEJnR3VhaFJXQ3NXNUZnR1hWSkwvL2Q0RkVOKzdMYkZXNXhWKzRSOWFwb0tZODZRQUxPTk8zekRVUEJwclN3WTVuWFRxTFdoK1JHVE9NQzBHbUhMMU1JSHBqa1BleGRrZDg0d0M2NTByNStFOVZ3Zm8wVVpqR0ViaCs0MVlLZk5raWU1TUJUVnpEdDZ5V3VkY0t6dzR1TGE4L2NWVmpMVUVUSkpFT3J5TlpDQ1FUeVNvY3AyOHZ1eEpNK1plclVjaVNrcGwyMCtoT2NSaGovR1VGSkMzN0ZQdU9MNUREQ2ZDRThXdHhGaFJZK2lXalhnYXBBUjFyb25nWkxOYVZUeEM4czBNeGR1alJYbWZBS20zd2t5Qnd2dmdtcnl5TUV3NEZhdVZTUzEzTHF2RUlaaEdhd242MTRVPTo6AuhKj6A4i2rEawFkE7JpXQ==', '2018-11-07 04:14:47', '2019-02-17 11:22:48'),
(3, 231, 46, 14, 34, 72, 'M', 'OTdLclRhOXd4Q3MxU2wrNHMyTGxtcXVkTDZSKzBLWTJFRlVvZUpDTHJFSitrWnpSazE5eG5yYWZkcEtMWkVPMEJrRVh1RG45eFlXZjVJVFdWKytVVzI2R1JlbXE3bFZFaWg1SmNEY09EcnBhOGJrNWZ4K3huNnVSMktNRmxBTm1pVTgvVGlqa0t3WFE4dG5aLzV3YS96MHZDVmpmYkpDN3FUclZ2L0lxQmR1SlZIYUZwZTZzL2tPWk5vS0tmbUpEYklBaGthak91a1FxMDNaWU13RUtuaDh3eEQ1MDFmU1FjaDNyUER0K1lIR1o2TW5ldU81S3g4bkptZDdKUDE3MWg0UHdac25YQm9KSmhoOGwvNVZTWVN3anp4eWZ6Tnl2ZFlGSmtjRWttTTVsRjl3N1RvK2gyZEltSG1xbCtwaVRwajlDYVFiRldWOVdmTHNsa0VRamlMTUJ0amo2eWYwR1hLQ0I3blVPbll2VVBLTndORjI5WUZiZzhWQWV0eFlhdFJ0NFpZYUFUcnJCNXBwR0hldGs0Y1h4TlllSW1KdlFCK3VJOHdITGRIVUxiRURkd0VxQ2I2dXNKV2xLd1VJb3JvVElYbWorelMyWGgxa0RIRDVFcVdRdTdqNml6ckdvL3luT3dJZEIxK1gvTHBxK3pFc01wS3RNRy9jSXFHM1VmSW8zMTdKdS9zOVZ3SGNaa1BSN1FaUWZZR3ZFcFNsT1JzYjBaa29CS20vT0dSMGpPODV6NXBGbkJlUWRmWkczdXl5cDlYNm9xclBkYVljVThPZ0Z2a1lXcjdwNE04VWVJcXRVSUwvSEhRVDJLYXVmU2xiLzlJNjYzcFdJTDVodktVcXNJTXpQU3k0VkxjQzhBbXN5ck5vUkxtNXVmRmREV0k1TW9xc0lTTTZBb0hTS2tyUXVRdUhSdXJtSXdwUUMzRVhHQUVyQVFoSURvcUVVQkVtYWo5d3U2cGJWQmpWSy9UU0pHcEdsMjQ2OTFibUFkdHFEL1g3UVdJR1oyVUs3bVFueVFnZUlhY09jcC8rNjdTYXRCZHkwZGpIRDdBRkloWG4rZDAvOERKQ2tQNmRNOEVueFI3NmxMNkwyOWpMK2pQdkNTaFN1OGpaK3h4TmZKUy8xaGcyaHhNRzVGQ2YrSkpzUEdiNXZiWWNLcVNvY3dGK2hEVE95NDI2U0JiZW1Bb1JYdUN4TjZTbmREMXZwZEh5Ri9OR3dWU3g3Rld1OEc2aGpKL3dHTTVHV2VuQjgzTWFTblRWY3FCcFRqTis2VWtZZ21VODFFTGlYV0xEUFFuQnFycnlBRWRQY0VaYTRFN1o0VFF5MkRuV3FvU1BSYXBOa1NtZ0V3RlpPblJPcWJEb2o5OXNOVmJLYTFEUURuQnJOdXljSFNUazU1Z3h0eDh3YWozREJUTmhaR0tHRXR5ODJCQXBLK2xidGhiMUlGcmNETEZLK1B6elgzbDZnb0dPNE9UcHpFbHBiYS9BY2pPZnAxMXRQejhqc3BWdE94YkdXRmpSLzYvMmIxMFNyL0YwbXl1MDNjdnZjQzV1RkovcHZwamsxNklBUUNzdzdLK1p0UkRUN3A5Uk5ML2xYTnNYbm0xbkxSVjBPdktBUGdWaW9uUE1Vbkg0K1dXbW95a3Vabk1pVzhaTk0wV2s0dHZzNjRYZE5zMFdwUVpUKyt0dllNc3BSeWI0Y2hxVVFpcFJHWGNiYTN3anRuOUt5NU93TXViR1RXTVZjWGZkU0QwdTlZUHpXRTBhTzQ5TFFvU2IwWnNQWGFSSFdOcFJFT0NzSW82c0Jabm9VY2VvZlEvdi9nQitCdTZuYVNrRVdyVFhLV3dSRGZYa2ZKb2Uya3lYTWNGMmJyUmJuZzArTWg0OG0rVDFWY0tIMFZKVFFhUCtvcndkS2pLczc1VllDeENGMi9ZZzVzR0xpbUFPdTNVbXY5MTlTUG9xeHgwNm42dWlqakNwb1RlaUxQTVVTLzdHV0dQVDJRc0hXcnp3aldSaWZpd0tFRHdrTFp3NXcxMHcxc014MStKY3I0dTcvYlRSQzJEbVRMS3BkTkZBcWRqWDR3MGlqQjgzb1dSRU9mWG1Xam1oYStQNWl5dUZiTDZuWU1Ramx5TVUzcHg5SkxmY0JQT05JV3JBcHlRdzZNSWJwdzZaVXNFZGNrcjg1RVgxN0xqd3FEd2ZlT2RTUnEvN3ovWGxmZzR5M1o2YXZkMGltWnVDVWE5WmdBenZpeEtkcG9JTkk4UEk1akY0WlUzQngwUEtJWUN0MUx5V2k3VHNQOFRnSTFteEo1bXEzRHExZ2dudFRkRTJZMk80Ty9QQUJtc3pSOEFZdERHNkFvQVI2TFVLQWN5OFlkbURycU1reitJTWxEOGxiWkFITGNrYk5VVkVsZHd6Q1c3a1FMeGFNWEJRV2dOQkhwa3o0cVFYNVRycWo3Z2kyNVdiMnBpejFzRnRMNTBNWlVmaHlYVWRHSEp2d1plbHh2cUhEUVFNODlwMmkwYllpMjJSaTFNcXlJMTJuWS9aZTBlNGJtNHJhb0VKd2FGSHpzdWFYenZqQTRCVkQ5akxXZlZVd2NrNXBVOHRvVldrQjlsRzR1NUJERllEMk9aN3NzMlhtdjNXU0Focmw1ekY3M1ZvaGJDOE1qQlVqZFY2K2tOK1RxajZTVmhEREs2QjhqLzRRUE1RdENkZkNrZGR2eXcxNE5KSHRKc0dXT0pqeWFFWUx0VVVTVjhLOS83S2JzdmdyYkdBN3FGaVIxMTV3TlArSEJwdUVHQXVWZmRCWnpabjhBSzFoZkwvazVkZVg1UW0zK0hQb2RGWEhreEdUeHNvbEkrdldTeitHQUhLUzlZRHlmN3B5L3kwL3M1dWwrUTRycGVBckYwMWlrR20yNVIyVk1GYU95MWtGZERCb2lIY1FpTmVJWURvbEp1aVRrbjZHZ2VWbkJQYkRRU0ZkeEJOTWNJb01RRk82NVk2Slh3TDh2MEkxT2RUaDRUNWNMUi9lZXhBZmFrcTgyWnZ6R2tObTlFYTQxcU1wTXAwRVpaamhmM3hBV0p1RklZVFhZeElRbFpzZVV1L3Q0ZmdHeDcrdzBwTzQvaHdIa1JoZHo0OWRVMTNEd2dKL0xOMkE0RUZzMjBVYm1ZN3UyR3Fla2FSeXJ2bU1JeThNRmhYcER2YmxsVWZLZEpnQTdUODUwRmRwRFNhbEMrU21URFN6a1BFVmpTTjc5RzMycERyNkhTcSt0VWo3UmhkVldSc0MzcVpXdCtHK25Oc21HdWtPRjZoOFZvUWNBWG9IOUxkL2tYRi9HVVlGRFRTNVdxenh1TGtMOGpJRUVDMEVVTmFjTVdvR0xETnhSYUhDamRKUERBNUphS3BzOFprWlZ3amJuTzY2NVo3ejhNNjNpbXJHTE1iVUFibkl2QVpRaUN4bkNtTHR6bjRUeWMrSFBzT3hNQkpZdDh0VHQ1SEZlU09JbUJJUWNJbmxab2JPTk02ZG5Uak5BUGRkNDZGMUpjQ1lTeWRCeWo3Smp1UEtjMVJVd2k3NXhZbm1vamZ1c3dhV2VCSTlRVGs5QUp4ZWsveTh3eDdMdDZkQ2E5NkJFUkRGWEhiaXNtT0dnTDdleXRWVXhHTXlobXZDaVVOQytTZkNOS081eFByNEFiSWRYWTMvSmZXWVZMbTZpdFlzWStrUEkva2ZHSG5UY0hUZm84NlBSZWtESCtKMDM5ZWEyTUd5TUVEWVd6d2x0VWg2dytNNG1IeXRRVVh0SGNiNTNSQkcxM0hXSjFMLy8wajVVM1JmbWUwc25UQllnRTN4TkNBaDM0Z2U0Wkx0TU04dUZyUWp6eGdrNnBPSVVicDFkdElZKzVHU0djMGVRdUowZFJmNUt5Y1o1UHE0aGg0SHdEa0pHZkZIZ0dIR3lqdXNHc3o5Q2x6b0FQVjQ2NHpYRjA2cEpBOElyb2xqcnA3dUVjQlAxaGY3NUZCb0h5QkFySHgrR1BFNElNWEpPVy9mSlBHV0FYeE9jYXRFR0RuaUZ3enVzbzR5L3Fod01pcUR6TEk2UkVJWVBNbU1EUlAxQ3liN0Q5ZVhwRjZvZk5LN3k3OVA5R3gwUEJrbDlZNzYxWXMrYkNiOTloUGFmS3hiem5RaVZHMDRlbVVQN080dFNML2tZRmlHeE1DaXYra0ZxellsUzZJOTNMVDhqWDdYTERnL3VkVHlQWmVGSnNMQUJKM1hSSzZGM0IvM2lKbThtVE1aVWFZNlBCbUMzTUJTMkc0TkZRaHF4NENWVlBmbitUQXUrY0ZmbmtCNGJXNU1ObWVRcS9JOW9Jak5weTRhWGpGbTRtY1Nyd0hXY3NBRGRUOUIxRGpGc0pQL1lJay9rS2puYXpmR09RcmxoNlZ3NmFmSERRd2ZrK3gzUzFacnZOclREWmZNbm53NXdpMUQ3L1h0a0JwR2VKOWRucXU4cTlZZUtELzJSZUJYQ3BJQzA3eWJXM3huS014ZGpnbXczMk03MlZNcTZlMTBxazBaZjZVS2tDWUpKRHRPalc3MFV5enhOVU51NUJCcGZQL2IvMVQveGdLczdxZjByMEhkMUFTOHh2enM1cXQrbmMwQnN1a0Fkd29Oc3NmZGJYWmRidmFuVk5SaVJoRmYzS3lWekNiM2pYSFNhb1dkR2JQc3dnZ3kyNno0TWs1cjhnQjQzZkRLcjg5UjIrZy81ZTFZbFRyaVdGUlZ0d1lDQWhESElBQkhLZ2hDZnc5RXg4NmJsMzMxYi9yNHF4dHJOT3JrWEc5bWtyVHZ4QkVxeGVENUw5OGZsZlQ1VzQrYVBvcmVaRjNDcTNyWlBGaXEyUTYvT29OTE5IcjdzZUlHZHBzbHN2ZFpVRlBFR0Z0T3JFMjAzbkt1VWJXcldMNUgrMkUzMHdKT2psdEZYTlFvcDJsUjkzMHJiUGZwT3RtY3NVaVdKbWpHTWpmbjRYQmpscGpsRnE3N0FxZ2tkNm5WMU5Bb0YwZzVnWUpzUThMVi9VVzBsdjAwWGI0Z2pnQ1BFeEFKNSsySVRlcVhnYVJVOVJaMlNneW9JYWhUNGdONWxseW5CaE1ydHJoalpXYlpTZWdubTVSSkMzUENlc3QxZ2Zjd3BqdnEwWGkyYVpkcW96ckh3WGtEVWdhd1JOaXpKZWdDT2Ura3JUY29FcmFQQnArR2NUNmRSOXl2NzRnMllveDdvM09jUXg1SHprdjhpWUVVdlpYakY1aFZUY3R2aGZlSVpSUm5KOEdzck9HYklkdmdsbFVYYTdsajlMdlowc1hYYUdic0J6ZDBTR1d6TnkxV1UyR0h1VDlhMktDQXJ3RjdDWnhmTW9FS0VNWEhsZDU1QkZWenJNUXhFRlRQTXA0NmVrREFXM0lGTFlGbzBNZmQvbkFyMlRMWnB2WERVc1YxeUlTREtyTmo0bDBBVGdtSkVXckFvbFo5ZUlaclQrR21uVHBYM0MwY09sQ3BJdnozbVJvTjZIa0hSL0V3dm1aRDVPamRLSGkrRTJtVXdDcGxJVEo0R0FkcFB0Rit6OEg1UHpPNGUrN0N2THdnd21jdzY2SVNERjZ4NHcrdU52a1dsUEE4N3ZIM0xrN1BRMzdOS3MrOUZvcXprMDgyYTR2RFcxWjZ4UWlzb1NRUmE5UDgyREU3eWRmNE5hKzdzc2NOUDZKSXlHOW5qWkV1Wko0c0NrMWlmekU1SVlwQTBaQ0dNSWpIVHpoSTVDdEsxd0VLVXczUEdCSUVqVUF0WmtqWGgxNDVqZUM0bEhwNHhRb08zU2tvTmk3Q05SaTBxclAveDNWTm84dTArUHp6QVU1SGwzdXpUVWdGeUtCckNMelU2ZGlsTjdJNGh1VnhKQk9pSjZMbGlJeVZnY3U2VzRLNlpDQ3FJVEhqSXVxRVdQZHhTb3gweTNtUGRydloveXJ5dTdBeHVHZmZXa2huS0V2dDVUUzJxbUtXRGZDMmdvL21wK3Y5U3hFT3VIOFh2SFc3bFp6bzlqYWJGdWlJYlhyK3YyVEVBVEVVaklML3lyQmQ4NlVUZlR0VDdZejBhMUdhaW9RcEVaR1FzWDRockJBNzNMWjlXMlBTMWxRRUJ1SUNGZzlvQmpzKzBzdTJDdG9vbUZKRkh6TjZNMUlIQ2JhK1JzU0hJN0xZRU5INFIzOGI0NkNwYlhjWGwwdGhTeUtJb0NlZktpSU0yQ1ZBTkdZVVZCSGQ4SjgzT2EwOGMrS0ZsSW9GWTIyaUlVeElNdUREZG02ZnZRc2cxbDRQVWl2ZWpZTGpIMHpEMlNsWTI5YjNUcHpjMm5wMHZWYXMxNCtkZVJSYjJKTmpVQXNKS0pLL0drdWY5c2tXVDF4NDV6RGFMYUxuVlFEZFRIaTRmdTV4VG0yMERrR0J5ZFQxbC8xYzhVa3E5RFZoZm5Ka3FKL3lYMHUrcTRrRU96N0hHR3R3MmRaaHVyN3NZSnBldXdLY2QwbFZFbFc0Q2pLT29NTDBISlBLN2dsWFpudk5EaXFPUTVGUmZYOFMxLzhIcFVZYUV1a3NaYlNiZ09GZGdLMkZGMEdmbGxUaEFmbi9NMnBpL25kZUt0Y0xtK2JSR3BpMXJZZ2tmanlsY05LM3NlYlZHUVhINHdLdUxGWHpla3dveTdrR1pWdE1RakRmbGxSVjJycElXWGEwL1VOb3ZKRTRJdzl4ZEFNSmpCOGVSOFVqN0dqNjJ4OHc5eTZPbVBVdllvbi8rK3pjb0J0VXJiTXBtOWdLN1VyZDRRQ0hac2VweXJQUkQxbm1pcXU4WjFUUmNJaFJxM3FoUUJXNlZTM1Nyd0NPZGtwWldvbWJ2QkJhUTljVkx5bm5PTEg4SDdyKzhwcCt6aVNxTlBtalZTU2x3YWpLTk1NUjAxK1BQam84N0twWHFrTHJ6MGxiTnpRSDdSOXlwVlNyRUFUUDUvaUFSOXFZb0pMdjNDbGx2YzhzblN3Wmp5SXBENTBtZ2VIWmhQZHBJdmkwTTZSVGdEYW5NbTg4cXBpTDdqWW0zTzhwbDdFVi8zdXpoZ1ZmallyUGlNREhjYURjcmJnaXVseERJRFhnOWRBd2h3bVg1VnRWYXBKK0ZCeGp5aDdjalVxYkhqaXBnVHRYVTcyVEl5YnJiQzFIak5pdUxEN0xlS0FoanhGRWxnZ3hJM1hqOG9ERHhJeFdHaXdxZk9IZytvWEJUUjUwYlRyYnc0R0FFdHhJSVB5TFJiNVZvQkJmQk5sRDZ2Nm0yNWM4dXpzdjJPTWJVSXRDcDNyTW5wNkdnVUxWeXpxWVQ4YnNMejVhT3ZMMERTMmdXaU9aRnRqSmlrb2tjRTJORWFBQXBzZGVEMXNVRUI3SUFxTElIM2RpSW9sdnBuM0NHM09GbDU1RzV1ZUlOZXVydjdKc3Z1cXJKQUExbEVyeG0xeVVCaVJnaUw2YlE4cXhHNlc1MFN5SDdNUTk1Q212T1FkalZUKzdVVWpoWW5odGpldU94Y3FpU2M3Yk5JTlBMNUN0amYzVXh2ZjljTytlVUdiNDFnZVN6U01Ta3kwUDRMNEpuYVV1T2QxRUY0N3JUdDF3NkIvem1IQUwyZkRzS0JUeXRZUE5PTjl4ODl4YWFDT1RUNmRscmxpa0p4M3BZalBuaVpEaVdTQWhDOXlUV0NuT2pLODlYTTduUUpYaEx3cnlIZ2x0UHV0Z3JlOC9jNk83VmxTZCtOSktoWjRKRXF6Y3FnTG9MWjdDbE1hRkQ1NVRqdmVHd0sxOE5FNGd0Mm8reFd4RktwVU13cmx2T21iMGhaL0ZtZzJYQWRJcXpGYVN3dFl6SFdLUWQzS1U2Szh4SWFBMnlqZGJzVzJxRzBtbWtadHB0YldibjExeUhvMjZaZlI3M2J1azFXVGdXZDRIeHZlbU9BSC9MTDZZUnkra2hvSDA1Yk80dGk0enc2VTdab2pyUXpZNlhZZFhHdnczeHBUUFJ4VFMzdXpQSkpnTUJTeENEUGZpY1JnWnZzeCsweVpiZ2pjKzlWNTFFS3JVMzl1cmJiSmxPNHUxRmVqM2tsdllkTnQ4WVhQdmpsRTlqNDcxVEhFMlN1VE5rVUVzcWRzNXkyeGxmcHZMdFpKV3ZSQ2haVTZpQnlhWklSVzh4QmR1bE9Fc2daanRhbWlLR3N0b0VHSmlIOU50Y0NzYkVwdzZ1MnNIM0hNc0l6VGw3Qm43Z2NNanZsdUhjbFZkdFdGeFV6WUFJTkdvd2l3Tm1Ta3ZHU09ZWWo1bXVWV3NwN2UvdmFORGpPR0xrZGFkdWc3NkhDUWpDWE5MZVNIejNkdkl1bWpucmtIeGM3UmZFR3p6VWxXYk5qSmFwUzZpRk9wNmZLR1V0VTE5K2lmam9KVWVtSlFDRG40UDV0WVB3MEhFMnphUGRQRHZZdzR2WFpXMERjK1BlNkp2aURxZ3M0TlhNa00zbWEvM0lwQkZGZmgxU0ZvMjZCMng1aXF3MStPcDU2SGtLdVBtUTd0TGRGWm9UQnIxcW1vcldCaGJnQjNIRHI2RitrQkpETWVmNUhZSHhLYmZzR1FSS09lRmRrc0phOVdOckI2dS9CRUZlYjZvbWFDcmNMTjRHZTdlL3ptTU5hMk9pWkNhbVZCcG8rRWxZMVZLQUNiZXRyK3IzaTlwKzAzUEE0QzREN0c1Y3Z3OGgxUlQ1UFRMSlZ3M3hUcjJBb1BUcmloVllmZFdRajgyMWtIdDVlZFBBbTh0dlB0NVlOOTBuYlZ5VDVxWlVrU2JlTUp5em1nb3ArdU9Qam5SN3M1amVPdTN0c251c1JNajFoeHEwOWRuN3VxbTQ2akpOL3hnM2hxRHZoUCthdG1Va2NFOE8vM2s2MG5FSndBSHJxUFBRbnMybFRWM2taMmlwMjc3dll0UWdZa01qa1lsenppU1hsRzNPT2JYMEl6NllwblVyRkpGSWZsUzNza3diMEJSN2ZJYkpFdGZ5elR5d3lJeXY0aVNQTEU3aG9ucWVZU1lKeldITUxzdUJOQk43VjRpbzZqOWU0UkhkZk0wOWEyS3JoQUlXSmptMU5maXZmZXNGL0JzQ3ZsL1JCZEZXU1l4ZzNCTGlxdERxL3N1QjRVVnZMekZ1TE5sQlN4Q1pIdnpscW1sOS8zaUtlN2xUL0hTR0JXWVZXbmJSdmpHNlhxeEFyWnNFMFpkQWNLM04yc1pXS0lCazkvU1JEN0J1b3Q5L0tITEJ0SlYvS0F3V0Vhc040ck0xV2RPelR2YU90S0FTMGNlR3dNNXBTYk1vR1M2RGl6TGYzWUk2ZFV2NkNRaGxwR28wUmtEZFlLdlNvdS9wSEsvU2djMlZteG9EYUcrb21TU0J2dkxkTGJXVXpMaTk1T1RyZWwya1pEbnNldmtuaEdlcmZjQ0xDSm13VU0wcjN6WVJlZllyMmgxa2hmT251VGNwWTVnM1NuMStFY0hUWk4yZHpQSy9Bb21nSEtpRGUwWlc1OHk4RUFSVGhZUTRhNlU1UHFYaGxkQWVyenpIekhHbmFUZ3FrREV5T2xlVnJUZ0M4L0xzdWdjTnh1cWJaWjBCNzVVWUNwM0wwNzc2VWN2b3VEU0lGekZlNzBsZlNEVitMT2JtUmFaVEFDQkVUVDM5TEo4SEVVc0t5YzIxRFY5YzRVT3R6aEQ1N0FWSVNzMlcyRDdrOTh3MHVwMmIzMkZKWStZeDNpUG04Zy9oSlhTaGpnaHNKVFdaTUVCck5HT2MzdlY2TmFiSnJ5Zmp5VWh6cVRmejRMUGo0MDdhSVlLaFhLU0RzMkRzKy9aeStpUGpuWThNS2tIaWVCdWgzcDFsZm5waHl2Q0c4VkhUWitjOUsxSEo0WVRWaXhicmtUM2I2R0JHcmcyamxKRkUycmpWcGNhVnRDOEJTeHJ6UlR5N1lLOTMwMFh1ZGJSeDV1djJsakQ3WHhmUEFoYTBJVWJ0dXlkOHROR3JYbnk2NjBUWmkzbUFDbVBnWm9wWWxiUWxTSjQ1UkFtN2lCTkF4a3N3OFE4ek5jQ2Y1d21JRGprWHRqNEV0WDhrRnRSU2xCc0tuYmJyTnhNaFRucW0xMDNBZWNZZWtiUkZ0SEhza1p6S3ZSTi80VVNjaUpTRzJ4S1lPa0xDMEd5WkhTSVhzOFhPTHhSYThTeFVsV2RSWDRaanEwb1owTm5YcFRJQ2UrRHpLZzlQTmxza21CcGZBZnFZNmFTRktCQjN3cnVWQUxoT3JtQ0QxOFdHMTExRnoyRjZhWUFoZGh1SWdBZjdJSjBTZ09ra1JpQUR1dmN6anBTL0VYRm4zemY2KzZuSjVDRS9FRDBQT2N4Y2dkR1E4bWVDMnN6aE1rdlJXNy9WQndxT2V6WHVDUWlxMktTWTZRN3ZBK2xZK1ovN0tBTGRLZHFFcXYwbGxYQWEzd1ZLeERycEdTcFpTTDZzblpONVBkbGxTRmtld0FueG90Mngwa3JEUXhUeWw2blZ2RWlITDBYa0s4WjU2UTJKR3E1QzNld01paUNXZmYrS1E2T3RnaHEyOUNBMmZVRnZTVnFBd3NVVDh0T0N2QTMrcTVXbmZTMFE4UDdWcDRxeXY0djhOK0ppdUpZQkJsOUhGb0JhTmw1SVQ4RTlnL0x6czZSNWRvemVZTWtVMnNUdXdOZ2RzK0cvVkN1Nkh4dkZxYjNhTCt1bWhscEJRVVFodER4NlV1bXpoc0NDZWtObWFJdGcvSlI5bHRMcXFxemNMbVdkMEY4NkhuQUtDL29jVkxvc0docDJvNkYwTmk4LzRSK1VqbGc0Q3pUU1IyRFZHSzVoa1dLbHp0R3ZvOVJqaFpmcmVQbUVpcjhJNWxKTTdjYy9MOTg1NjhvUndHOG4vQXhqakY4RytNaXN4RWZaN0ZjbmJPWkM1WUFoSTFQNDZ3OHBPMkVXRU51T2dKWEJtNkd6cU5jRVhmWDdDQW9vRmxtTmQxelZQbTBOTi93TlYwSFJYNWR4ejlIbXNyWXZTMGMyWStrZjZ6aWVBcUNiVEFjcjZOdjlWNlFzNmg2MGdCcnNURGY1c3BRQjFqZkpqWFduc21rWnBoTVBWTUZoemZKTkZhTmR0WEh2bXkvdXYvcHUzdkZEZVlTc2NUYW1kUmd1amtpVnNTUWlsTjlqdXZSNDVLRjNOckRMdklYZS9pdzdxN3lCK3gvSlNTRmN2Ylk4Qlp5VDRnYVU3dDBSMjN4ZlRTMmRvRlJvZkhaaVBSWk9QQU9EbnVSRVVFckF3TS9nLzZPSkt5WXJMMURxYjRHZjY4UFZabEJoSUFMbno2NCt0TW42ZUZMQlJsdGc0cnlsU3RuOWJXaUoxWlNGd2pFU2RXN1Rud05rSXlDVFpVTzA3enVrUlFGaGp6bWlyRWtKdVdJYUpWWlNrVCsxTVBLZFM3M24vQ0RHYzZ2amswRUZsMEtzM1cvOHRIRVFnMDRaWGpPODM1NVpyRy9zOUpOWjgrdVhPNVBJMjNIMG4rdHZGQ3h4bW1tRzExTThPMklvdkpLcWtDNnZ3OFBQNzZ1bE5ZeTQ4QWRJRTRlTkFPS0hJYzY3TFVTRlhjeXMzeUhWQ0x0MHNlQkd2QVJ1K2hOQ0RaQzI0NjV0cndscHNVaTJjQmhDakdEbVB0WXJFZFIybHZFNjY0aVRnSmUyaUo4Rkd4dklkZHhKdW5BaUwzUUFhR0t1eW9oMm5ydHRHaUYwOVdyVmNBaGdvU3JtaGJKNzAwQndNUFRManNydVRhcXV2aU5wVTI3dVN5SlU3NG5IK3pYMzRjck9Jckh2M3lEcnN2RUxVaDFhYXlvUzBQd2FrRHpEaWxPbXo4NDJyOXVjNUh4TjF4L0N2TDRBVHNtVHNZY29qRldIWEpmNkFrTmFhS3c5ZDNJTlg4allLVlJnOWQrekplWGw3VXZ4Z1lIMVh4RXBvd2Z2eFdsckZhQTVYRXQwMG5BRS9Ncm10NFl0b2JjQkkwRHAwTG9NSTk5dUt1YVNIYUkrY3QxVkdPMnpBelFUclBQOU5FWXVvRTlXZG9JckxONjl4dUhZdjV0NVFHMll3U042V2xBTWFVenprdUJQbldHZ3FEdXhkbGhhMm4wOXRjMjFBOW9LY05ZSWlFTkovV256aEFVdlVsYUtrK3dRQW1KTkdtanhhUHovM0YxMndzT0xMQ2VVTXVLY0lhbGpQM00vSSsyT2pYTTJSN2lRNlFYRGNING8wNGJZMms3MTViKzRucHRoOGR4Q0Z1ZGhwcW5hZVdIK2JuSTRsdnE3cHVPNkVqcy9aS0o1UzAwdHRjTFRLWEtTYlNCQWRiSFNSZ1RJVDVwWUQ1VU1QdEl4SUhUTWpSazluRjU2d0k1S1RxQjlYUVdIK2xqcUgrZzlvRzQ0emxmTk9KQXA1bGFKbS9KT1J3MjdmMnhCSDFsaVlHV04xNjgwOEJCenJQczZTamhUMXRvYTR4MUo1eDJQUjVSRjJaanUvbnZaVXZscjVBYVlHa2l0QXJnUW1aOEd3TEpsaGFwUUQxVXRJMDdwZ204VVRvaEpCYWx1U2VXaDlzZHVhM3hDdVM3WGE0S2FIRm5PazlYMkRhLzVHUlRDdFVzSkhkNFVEdXcyYTNldHpuREhZZ2kvdjJuUkhZalo0dVJWZWtjNW13ZnIyZ1N4Znp6NVZQQTN1QTVlNERWRTN3anFGYTNmcEJ3M2VNUm1PZkdHTUlyQ2VkS1V2c01KUmhjNFlYQzRvZGwvTWxsbnF6YzNlZG9vekZ3dU1ZU3N4dStFMmhZbFc1SWE1QmJyL1JuWUJjejZKL1lhTHJUbXNJenJtcHV6MGFtSVc0cjhEd2dZUVFrdU42WnFYc1BFdzBBdmVPRGQzSitJQzRkWnA0ZVdaSm9PT0tPNm1OTzU2OGNqYmF3a01IcnFFSDBKR1pwV0dVdmJ5cWRscUwzbm1rRnRXZ3d0dnhLcCsvMzVCQVlZeHRUaEw1MVJxYXBJeU5nQTFkTnhMVlFUVHc1UmdJWHNwR0RwQTBEYlE0WTVxdnZDOEp2SXRWYm1BOTRpbElpMzRnNnFvcTMxNjdhR3hSYWdHVTdWRmQ3eVQ0cEhFREhMVHNyVWJuT3lkMzNlTFlpZXdYRHFUNi96dURGUHNDM3hCZG1hUTNkU2EzL1d4N2dCT2JKckFWTVQyTWp1bkJCRTJVKytLb3ozd0xqQzVMaTNwT3JlcVJmcGJhcXgzZ25vUGdDUWtPcC9oV1QvbGFDOWs3WkE1S2FONWYyUnBDUEZ0aFpxbUxmamFwSURwWXpCMW43RVpsd2ZRYUNKSzluQ1cwK3lQdFV1MTlLbll0dXhZN1I4N2ZaUS9OS1Q1a29lU0ZKRThpWGpGTmpMcEsydHRkc1RKZ25ob3dvT21pNmkxcVlQRUlUZ2hCUGhKKzlvQ1llUmZoKzdST04yNVpFOXJIVHgyR1JFTVMwbVo2ejZJN0k0K3lOcWtDQjZqeE9oR2pSKy92aUM3T29VeHYwQlc2aTRhVlpHWERVMWQ5SlNHVStPMFhkMzRuMlh1TGs6OlD8pYhGBOn+5qhCXGnhfx8=', '2018-11-23 16:13:59', '2019-01-06 09:27:13');
INSERT INTO `employees` (`employees_id`, `employee_id`, `name_id`, `position_id`, `contact_id`, `account_id`, `gender`, `signature`, `created_at`, `updated_at`) VALUES
(4, 123, 47, 15, 35, 73, 'M', 'OTdLclRhOXd4Q3MxU2wrNHMyTGxtcXVkTDZSKzBLWTJFRlVvZUpDTHJFSitrWnpSazE5eG5yYWZkcEtMWkVPMEJrRVh1RG45eFlXZjVJVFdWKytVVzI2R1JlbXE3bFZFaWg1SmNEY09EcnBhOGJrNWZ4K3huNnVSMktNRmxBTm1pVTgvVGlqa0t3WFE4dG5aLzV3YS96MHZDVmpmYkpDN3FUclZ2L0lxQmR1SlZIYUZwZTZzL2tPWk5vS0tmbUpEYklBaGthak91a1FxMDNaWU13RUtuaDh3eEQ1MDFmU1FjaDNyUER0K1lIR1o2TW5ldU81S3g4bkptZDdKUDE3MWg0UHdac25YQm9KSmhoOGwvNVZTWVN3anp4eWZ6Tnl2ZFlGSmtjRWttTTVsRjl3N1RvK2gyZEltSG1xbCtwaVRwajlDYVFiRldWOVdmTHNsa0VRamlMTUJ0amo2eWYwR1hLQ0I3blVPbll2VVBLTndORjI5WUZiZzhWQWV0eFlhdFJ0NFpZYUFUcnJCNXBwR0hldGs0Y1h4TlllSW1KdlFCK3VJOHdITGRIVUxiRURkd0VxQ2I2dXNKV2xLd1VJb3JvVElYbWorelMyWGgxa0RIRDVFcVdRdTdqNml6ckdvL3luT3dJZEIxK1gvTHBxK3pFc01wS3RNRy9jSXFHM1VmSW8zMTdKdS9zOVZ3SGNaa1BSN1FaUWZZR3ZFcFNsT1JzYjBaa29CS20vT0dSMGpPODV6NXBGbkJlUWRmWkczdXl5cDlYNm9xclBkYVljVThPZ0Z2a1lXcjdwNE04VWVJcXRVSUwvSEhRVDJLYXVmU2xiLzlJNjYzcFdJTDVodktVcXNJTXpQU3k0VkxjQzhBbXN5ck5vUkxtNXVmRmREV0k1TW9xc0lTTTZBb0hTS2tyUXVRdUhSdXJtSXdwUUMzRVhHQUVyQVFoSURvcUVVQkVtYWo5d3U2cGJWQmpWSy9UU0pHcEdsMjQ2OTFibUFkdHFEL1g3UVdJR1oyVUs3bVFueVFnZUlhY09jcC8rNjdTYXRCZHkwZGpIRDdBRkloWG4rZDAvOERKQ2tQNmRNOEVueFI3NmxMNkwyOWpMK2pQdkNTaFN1OGpaK3h4TmZKUy8xaGcyaHhNRzVGQ2YrSkpzUEdiNXZiWWNLcVNvY3dGK2hEVE95NDI2U0JiZW1Bb1JYdUN4TjZTbmREMXZwZEh5Ri9OR3dWU3g3Rld1OEc2aGpKL3dHTTVHV2VuQjgzTWFTblRWY3FCcFRqTis2VWtZZ21VODFFTGlYV0xEUFFuQnFycnlBRWRQY0VaYTRFN1o0VFF5MkRuV3FvU1BSYXBOa1NtZ0V3RlpPblJPcWJEb2o5OXNOVmJLYTFEUURuQnJOdXljSFNUazU1Z3h0eDh3YWozREJUTmhaR0tHRXR5ODJCQXBLK2xidGhiMUlGcmNETEZLK1B6elgzbDZnb0dPNE9UcHpFbHBiYS9BY2pPZnAxMXRQejhqc3BWdE94YkdXRmpSLzYvMmIxMFNyL0YwbXl1MDNjdnZjQzV1RkovcHZwamsxNklBUUNzdzdLK1p0UkRUN3A5Uk5ML2xYTnNYbm0xbkxSVjBPdktBUGdWaW9uUE1Vbkg0K1dXbW95a3Vabk1pVzhaTk0wV2s0dHZzNjRYZE5zMFdwUVpUKyt0dllNc3BSeWI0Y2hxVVFpcFJHWGNiYTN3anRuOUt5NU93TXViR1RXTVZjWGZkU0QwdTlZUHpXRTBhTzQ5TFFvU2IwWnNQWGFSSFdOcFJFT0NzSW82c0Jabm9VY2VvZlEvdi9nQitCdTZuYVNrRVdyVFhLV3dSRGZYa2ZKb2Uya3lYTWNGMmJyUmJuZzArTWg0OG0rVDFWY0tIMFZKVFFhUCtvcndkS2pLczc1VllDeENGMi9ZZzVzR0xpbUFPdTNVbXY5MTlTUG9xeHgwNm42dWlqakNwb1RlaUxQTVVTLzdHV0dQVDJRc0hXcnp3aldSaWZpd0tFRHdrTFp3NXcxMHcxc014MStKY3I0dTcvYlRSQzJEbVRMS3BkTkZBcWRqWDR3MGlqQjgzb1dSRU9mWG1Xam1oYStQNWl5dUZiTDZuWU1Ramx5TVUzcHg5SkxmY0JQT05JV3JBcHlRdzZNSWJwdzZaVXNFZGNrcjg1RVgxN0xqd3FEd2ZlT2RTUnEvN3ovWGxmZzR5M1o2YXZkMGltWnVDVWE5WmdBenZpeEtkcG9JTkk4UEk1akY0WlUzQngwUEtJWUN0MUx5V2k3VHNQOFRnSTFteEo1bXEzRHExZ2dudFRkRTJZMk80Ty9QQUJtc3pSOEFZdERHNkFvQVI2TFVLQWN5OFlkbURycU1reitJTWxEOGxiWkFITGNrYk5VVkVsZHd6Q1c3a1FMeGFNWEJRV2dOQkhwa3o0cVFYNVRycWo3Z2kyNVdiMnBpejFzRnRMNTBNWlVmaHlYVWRHSEp2d1plbHh2cUhEUVFNODlwMmkwYllpMjJSaTFNcXlJMTJuWS9aZTBlNGJtNHJhb0VKd2FGSHpzdWFYenZqQTRCVkQ5akxXZlZVd2NrNXBVOHRvVldrQjlsRzR1NUJERllEMk9aN3NzMlhtdjNXU0Focmw1ekY3M1ZvaGJDOE1qQlVqZFY2K2tOK1RxajZTVmhEREs2QjhqLzRRUE1RdENkZkNrZGR2eXcxNE5KSHRKc0dXT0pqeWFFWUx0VVVTVjhLOS83S2JzdmdyYkdBN3FGaVIxMTV3TlArSEJwdUVHQXVWZmRCWnpabjhBSzFoZkwvazVkZVg1UW0zK0hQb2RGWEhreEdUeHNvbEkrdldTeitHQUhLUzlZRHlmN3B5L3kwL3M1dWwrUTRycGVBckYwMWlrR20yNVIyVk1GYU95MWtGZERCb2lIY1FpTmVJWURvbEp1aVRrbjZHZ2VWbkJQYkRRU0ZkeEJOTWNJb01RRk82NVk2Slh3TDh2MEkxT2RUaDRUNWNMUi9lZXhBZmFrcTgyWnZ6R2tObTlFYTQxcU1wTXAwRVpaamhmM3hBV0p1RklZVFhZeElRbFpzZVV1L3Q0ZmdHeDcrdzBwTzQvaHdIa1JoZHo0OWRVMTNEd2dKL0xOMkE0RUZzMjBVYm1ZN3UyR3Fla2FSeXJ2bU1JeThNRmhYcER2YmxsVWZLZEpnQTdUODUwRmRwRFNhbEMrU21URFN6a1BFVmpTTjc5RzMycERyNkhTcSt0VWo3UmhkVldSc0MzcVpXdCtHK25Oc21HdWtPRjZoOFZvUWNBWG9IOUxkL2tYRi9HVVlGRFRTNVdxenh1TGtMOGpJRUVDMEVVTmFjTVdvR0xETnhSYUhDamRKUERBNUphS3BzOFprWlZ3amJuTzY2NVo3ejhNNjNpbXJHTE1iVUFibkl2QVpRaUN4bkNtTHR6bjRUeWMrSFBzT3hNQkpZdDh0VHQ1SEZlU09JbUJJUWNJbmxab2JPTk02ZG5Uak5BUGRkNDZGMUpjQ1lTeWRCeWo3Smp1UEtjMVJVd2k3NXhZbm1vamZ1c3dhV2VCSTlRVGs5QUp4ZWsveTh3eDdMdDZkQ2E5NkJFUkRGWEhiaXNtT0dnTDdleXRWVXhHTXlobXZDaVVOQytTZkNOS081eFByNEFiSWRYWTMvSmZXWVZMbTZpdFlzWStrUEkva2ZHSG5UY0hUZm84NlBSZWtESCtKMDM5ZWEyTUd5TUVEWVd6d2x0VWg2dytNNG1IeXRRVVh0SGNiNTNSQkcxM0hXSjFMLy8wajVVM1JmbWUwc25UQllnRTN4TkNBaDM0Z2U0Wkx0TU04dUZyUWp6eGdrNnBPSVVicDFkdElZKzVHU0djMGVRdUowZFJmNUt5Y1o1UHE0aGg0SHdEa0pHZkZIZ0dIR3lqdXNHc3o5Q2x6b0FQVjQ2NHpYRjA2cEpBOElyb2xqcnA3dUVjQlAxaGY3NUZCb0h5QkFySHgrR1BFNElNWEpPVy9mSlBHV0FYeE9jYXRFR0RuaUZ3enVzbzR5L3Fod01pcUR6TEk2UkVJWVBNbU1EUlAxQ3liN0Q5ZVhwRjZvZk5LN3k3OVA5R3gwUEJrbDlZNzYxWXMrYkNiOTloUGFmS3hiem5RaVZHMDRlbVVQN080dFNML2tZRmlHeE1DaXYra0ZxellsUzZJOTNMVDhqWDdYTERnL3VkVHlQWmVGSnNMQUJKM1hSSzZGM0IvM2lKbThtVE1aVWFZNlBCbUMzTUJTMkc0TkZRaHF4NENWVlBmbitUQXUrY0ZmbmtCNGJXNU1ObWVRcS9JOW9Jak5weTRhWGpGbTRtY1Nyd0hXY3NBRGRUOUIxRGpGc0pQL1lJay9rS2puYXpmR09RcmxoNlZ3NmFmSERRd2ZrK3gzUzFacnZOclREWmZNbm53NXdpMUQ3L1h0a0JwR2VKOWRucXU4cTlZZUtELzJSZUJYQ3BJQzA3eWJXM3huS014ZGpnbXczMk03MlZNcTZlMTBxazBaZjZVS2tDWUpKRHRPalc3MFV5enhOVU51NUJCcGZQL2IvMVQveGdLczdxZjByMEhkMUFTOHh2enM1cXQrbmMwQnN1a0Fkd29Oc3NmZGJYWmRidmFuVk5SaVJoRmYzS3lWekNiM2pYSFNhb1dkR2JQc3dnZ3kyNno0TWs1cjhnQjQzZkRLcjg5UjIrZy81ZTFZbFRyaVdGUlZ0d1lDQWhESElBQkhLZ2hDZnc5RXg4NmJsMzMxYi9yNHF4dHJOT3JrWEc5bWtyVHZ4QkVxeGVENUw5OGZsZlQ1VzQrYVBvcmVaRjNDcTNyWlBGaXEyUTYvT29OTE5IcjdzZUlHZHBzbHN2ZFpVRlBFR0Z0T3JFMjAzbkt1VWJXcldMNUgrMkUzMHdKT2psdEZYTlFvcDJsUjkzMHJiUGZwT3RtY3NVaVdKbWpHTWpmbjRYQmpscGpsRnE3N0FxZ2tkNm5WMU5Bb0YwZzVnWUpzUThMVi9VVzBsdjAwWGI0Z2pnQ1BFeEFKNSsySVRlcVhnYVJVOVJaMlNneW9JYWhUNGdONWxseW5CaE1ydHJoalpXYlpTZWdubTVSSkMzUENlc3QxZ2Zjd3BqdnEwWGkyYVpkcW96ckh3WGtEVWdhd1JOaXpKZWdDT2Ura3JUY29FcmFQQnArR2NUNmRSOXl2NzRnMllveDdvM09jUXg1SHprdjhpWUVVdlpYakY1aFZUY3R2aGZlSVpSUm5KOEdzck9HYklkdmdsbFVYYTdsajlMdlowc1hYYUdic0J6ZDBTR1d6TnkxV1UyR0h1VDlhMktDQXJ3RjdDWnhmTW9FS0VNWEhsZDU1QkZWenJNUXhFRlRQTXA0NmVrREFXM0lGTFlGbzBNZmQvbkFyMlRMWnB2WERVc1YxeUlTREtyTmo0bDBBVGdtSkVXckFvbFo5ZUlaclQrR21uVHBYM0MwY09sQ3BJdnozbVJvTjZIa0hSL0V3dm1aRDVPamRLSGkrRTJtVXdDcGxJVEo0R0FkcFB0Rit6OEg1UHpPNGUrN0N2THdnd21jdzY2SVNERjZ4NHcrdU52a1dsUEE4N3ZIM0xrN1BRMzdOS3MrOUZvcXprMDgyYTR2RFcxWjZ4UWlzb1NRUmE5UDgyREU3eWRmNE5hKzdzc2NOUDZKSXlHOW5qWkV1Wko0c0NrMWlmekU1SVlwQTBaQ0dNSWpIVHpoSTVDdEsxd0VLVXczUEdCSUVqVUF0WmtqWGgxNDVqZUM0bEhwNHhRb08zU2tvTmk3Q05SaTBxclAveDNWTm84dTArUHp6QVU1SGwzdXpUVWdGeUtCckNMelU2ZGlsTjdJNGh1VnhKQk9pSjZMbGlJeVZnY3U2VzRLNlpDQ3FJVEhqSXVxRVdQZHhTb3gweTNtUGRydloveXJ5dTdBeHVHZmZXa2huS0V2dDVUUzJxbUtXRGZDMmdvL21wK3Y5U3hFT3VIOFh2SFc3bFp6bzlqYWJGdWlJYlhyK3YyVEVBVEVVaklML3lyQmQ4NlVUZlR0VDdZejBhMUdhaW9RcEVaR1FzWDRockJBNzNMWjlXMlBTMWxRRUJ1SUNGZzlvQmpzKzBzdTJDdG9vbUZKRkh6TjZNMUlIQ2JhK1JzU0hJN0xZRU5INFIzOGI0NkNwYlhjWGwwdGhTeUtJb0NlZktpSU0yQ1ZBTkdZVVZCSGQ4SjgzT2EwOGMrS0ZsSW9GWTIyaUlVeElNdUREZG02ZnZRc2cxbDRQVWl2ZWpZTGpIMHpEMlNsWTI5YjNUcHpjMm5wMHZWYXMxNCtkZVJSYjJKTmpVQXNKS0pLL0drdWY5c2tXVDF4NDV6RGFMYUxuVlFEZFRIaTRmdTV4VG0yMERrR0J5ZFQxbC8xYzhVa3E5RFZoZm5Ka3FKL3lYMHUrcTRrRU96N0hHR3R3MmRaaHVyN3NZSnBldXdLY2QwbFZFbFc0Q2pLT29NTDBISlBLN2dsWFpudk5EaXFPUTVGUmZYOFMxLzhIcFVZYUV1a3NaYlNiZ09GZGdLMkZGMEdmbGxUaEFmbi9NMnBpL25kZUt0Y0xtK2JSR3BpMXJZZ2tmanlsY05LM3NlYlZHUVhINHdLdUxGWHpla3dveTdrR1pWdE1RakRmbGxSVjJycElXWGEwL1VOb3ZKRTRJdzl4ZEFNSmpCOGVSOFVqN0dqNjJ4OHc5eTZPbVBVdllvbi8rK3pjb0J0VXJiTXBtOWdLN1VyZDRRQ0hac2VweXJQUkQxbm1pcXU4WjFUUmNJaFJxM3FoUUJXNlZTM1Nyd0NPZGtwWldvbWJ2QkJhUTljVkx5bm5PTEg4SDdyKzhwcCt6aVNxTlBtalZTU2x3YWpLTk1NUjAxK1BQam84N0twWHFrTHJ6MGxiTnpRSDdSOXlwVlNyRUFUUDUvaUFSOXFZb0pMdjNDbGx2YzhzblN3Wmp5SXBENTBtZ2VIWmhQZHBJdmkwTTZSVGdEYW5NbTg4cXBpTDdqWW0zTzhwbDdFVi8zdXpoZ1ZmallyUGlNREhjYURjcmJnaXVseERJRFhnOWRBd2h3bVg1VnRWYXBKK0ZCeGp5aDdjalVxYkhqaXBnVHRYVTcyVEl5YnJiQzFIak5pdUxEN0xlS0FoanhGRWxnZ3hJM1hqOG9ERHhJeFdHaXdxZk9IZytvWEJUUjUwYlRyYnc0R0FFdHhJSVB5TFJiNVZvQkJmQk5sRDZ2Nm0yNWM4dXpzdjJPTWJVSXRDcDNyTW5wNkdnVUxWeXpxWVQ4YnNMejVhT3ZMMERTMmdXaU9aRnRqSmlrb2tjRTJORWFBQXBzZGVEMXNVRUI3SUFxTElIM2RpSW9sdnBuM0NHM09GbDU1RzV1ZUlOZXVydjdKc3Z1cXJKQUExbEVyeG0xeVVCaVJnaUw2YlE4cXhHNlc1MFN5SDdNUTk1Q212T1FkalZUKzdVVWpoWW5odGpldU94Y3FpU2M3Yk5JTlBMNUN0amYzVXh2ZjljTytlVUdiNDFnZVN6U01Ta3kwUDRMNEpuYVV1T2QxRUY0N3JUdDF3NkIvem1IQUwyZkRzS0JUeXRZUE5PTjl4ODl4YWFDT1RUNmRscmxpa0p4M3BZalBuaVpEaVdTQWhDOXlUV0NuT2pLODlYTTduUUpYaEx3cnlIZ2x0UHV0Z3JlOC9jNk83VmxTZCtOSktoWjRKRXF6Y3FnTG9MWjdDbE1hRkQ1NVRqdmVHd0sxOE5FNGd0Mm8reFd4RktwVU13cmx2T21iMGhaL0ZtZzJYQWRJcXpGYVN3dFl6SFdLUWQzS1U2Szh4SWFBMnlqZGJzVzJxRzBtbWtadHB0YldibjExeUhvMjZaZlI3M2J1azFXVGdXZDRIeHZlbU9BSC9MTDZZUnkra2hvSDA1Yk80dGk0enc2VTdab2pyUXpZNlhZZFhHdnczeHBUUFJ4VFMzdXpQSkpnTUJTeENEUGZpY1JnWnZzeCsweVpiZ2pjKzlWNTFFS3JVMzl1cmJiSmxPNHUxRmVqM2tsdllkTnQ4WVhQdmpsRTlqNDcxVEhFMlN1VE5rVUVzcWRzNXkyeGxmcHZMdFpKV3ZSQ2haVTZpQnlhWklSVzh4QmR1bE9Fc2daanRhbWlLR3N0b0VHSmlIOU50Y0NzYkVwdzZ1MnNIM0hNc0l6VGw3Qm43Z2NNanZsdUhjbFZkdFdGeFV6WUFJTkdvd2l3Tm1Ta3ZHU09ZWWo1bXVWV3NwN2UvdmFORGpPR0xrZGFkdWc3NkhDUWpDWE5MZVNIejNkdkl1bWpucmtIeGM3UmZFR3p6VWxXYk5qSmFwUzZpRk9wNmZLR1V0VTE5K2lmam9KVWVtSlFDRG40UDV0WVB3MEhFMnphUGRQRHZZdzR2WFpXMERjK1BlNkp2aURxZ3M0TlhNa00zbWEvM0lwQkZGZmgxU0ZvMjZCMng1aXF3MStPcDU2SGtLdVBtUTd0TGRGWm9UQnIxcW1vcldCaGJnQjNIRHI2RitrQkpETWVmNUhZSHhLYmZzR1FSS09lRmRrc0phOVdOckI2dS9CRUZlYjZvbWFDcmNMTjRHZTdlL3ptTU5hMk9pWkNhbVZCcG8rRWxZMVZLQUNiZXRyK3IzaTlwKzAzUEE0QzREN0c1Y3Z3OGgxUlQ1UFRMSlZ3M3hUcjJBb1BUcmloVllmZFdRajgyMWtIdDVlZFBBbTh0dlB0NVlOOTBuYlZ5VDVxWlVrU2JlTUp5em1nb3ArdU9Qam5SN3M1amVPdTN0c251c1JNajFoeHEwOWRuN3VxbTQ2akpOL3hnM2hxRHZoUCthdG1Va2NFOE8vM2s2MG5FSndBSHJxUFBRbnMybFRWM2taMmlwMjc3dll0UWdZa01qa1lsenppU1hsRzNPT2JYMEl6NllwblVyRkpGSWZsUzNza3diMEJSN2ZJYkpFdGZ5elR5d3lJeXY0aVNQTEU3aG9ucWVZU1lKeldITUxzdUJOQk43VjRpbzZqOWU0UkhkZk0wOWEyS3JoQUlXSmptMU5maXZmZXNGL0JzQ3ZsL1JCZEZXU1l4ZzNCTGlxdERxL3N1QjRVVnZMekZ1TE5sQlN4Q1pIdnpscW1sOS8zaUtlN2xUL0hTR0JXWVZXbmJSdmpHNlhxeEFyWnNFMFpkQWNLM04yc1pXS0lCazkvU1JEN0J1b3Q5L0tITEJ0SlYvS0F3V0Vhc040ck0xV2RPelR2YU90S0FTMGNlR3dNNXBTYk1vR1M2RGl6TGYzWUk2ZFV2NkNRaGxwR28wUmtEZFlLdlNvdS9wSEsvU2djMlZteG9EYUcrb21TU0J2dkxkTGJXVXpMaTk1T1RyZWwya1pEbnNldmtuaEdlcmZjQ0xDSm13VU0wcjN6WVJlZllyMmgxa2hmT251VGNwWTVnM1NuMStFY0hUWk4yZHpQSy9Bb21nSEtpRGUwWlc1OHk4RUFSVGhZUTRhNlU1UHFYaGxkQWVyenpIekhHbmFUZ3FrREV5T2xlVnJUZ0M4L0xzdWdjTnh1cWJaWjBCNzVVWUNwM0wwNzc2VWN2b3VEU0lGekZlNzBsZlNEVitMT2JtUmFaVEFDQkVUVDM5TEo4SEVVc0t5YzIxRFY5YzRVT3R6aEQ1N0FWSVNzMlcyRDdrOTh3MHVwMmIzMkZKWStZeDNpUG04Zy9oSlhTaGpnaHNKVFdaTUVCck5HT2MzdlY2TmFiSnJ5Zmp5VWh6cVRmejRMUGo0MDdhSVlLaFhLU0RzMkRzKy9aeStpUGpuWThNS2tIaWVCdWgzcDFsZm5waHl2Q0c4VkhUWitjOUsxSEo0WVRWaXhicmtUM2I2R0JHcmcyamxKRkUycmpWcGNhVnRDOEJTeHJ6UlR5N1lLOTMwMFh1ZGJSeDV1djJsakQ3WHhmUEFoYTBJVWJ0dXlkOHROR3JYbnk2NjBUWmkzbUFDbVBnWm9wWWxiUWxTSjQ1UkFtN2lCTkF4a3N3OFE4ek5jQ2Y1d21JRGprWHRqNEV0WDhrRnRSU2xCc0tuYmJyTnhNaFRucW0xMDNBZWNZZWtiUkZ0SEhza1p6S3ZSTi80VVNjaUpTRzJ4S1lPa0xDMEd5WkhTSVhzOFhPTHhSYThTeFVsV2RSWDRaanEwb1owTm5YcFRJQ2UrRHpLZzlQTmxza21CcGZBZnFZNmFTRktCQjN3cnVWQUxoT3JtQ0QxOFdHMTExRnoyRjZhWUFoZGh1SWdBZjdJSjBTZ09ra1JpQUR1dmN6anBTL0VYRm4zemY2KzZuSjVDRS9FRDBQT2N4Y2dkR1E4bWVDMnN6aE1rdlJXNy9WQndxT2V6WHVDUWlxMktTWTZRN3ZBK2xZK1ovN0tBTGRLZHFFcXYwbGxYQWEzd1ZLeERycEdTcFpTTDZzblpONVBkbGxTRmtld0FueG90Mngwa3JEUXhUeWw2blZ2RWlITDBYa0s4WjU2UTJKR3E1QzNld01paUNXZmYrS1E2T3RnaHEyOUNBMmZVRnZTVnFBd3NVVDh0T0N2QTMrcTVXbmZTMFE4UDdWcDRxeXY0djhOK0ppdUpZQkJsOUhGb0JhTmw1SVQ4RTlnL0x6czZSNWRvemVZTWtVMnNUdXdOZ2RzK0cvVkN1Nkh4dkZxYjNhTCt1bWhscEJRVVFodER4NlV1bXpoc0NDZWtObWFJdGcvSlI5bHRMcXFxemNMbVdkMEY4NkhuQUtDL29jVkxvc0docDJvNkYwTmk4LzRSK1VqbGc0Q3pUU1IyRFZHSzVoa1dLbHp0R3ZvOVJqaFpmcmVQbUVpcjhJNWxKTTdjYy9MOTg1NjhvUndHOG4vQXhqakY4RytNaXN4RWZaN0ZjbmJPWkM1WUFoSTFQNDZ3OHBPMkVXRU51T2dKWEJtNkd6cU5jRVhmWDdDQW9vRmxtTmQxelZQbTBOTi93TlYwSFJYNWR4ejlIbXNyWXZTMGMyWStrZjZ6aWVBcUNiVEFjcjZOdjlWNlFzNmg2MGdCcnNURGY1c3BRQjFqZkpqWFduc21rWnBoTVBWTUZoemZKTkZhTmR0WEh2bXkvdXYvcHUzdkZEZVlTc2NUYW1kUmd1amtpVnNTUWlsTjlqdXZSNDVLRjNOckRMdklYZS9pdzdxN3lCK3gvSlNTRmN2Ylk4Qlp5VDRnYVU3dDBSMjN4ZlRTMmRvRlJvZkhaaVBSWk9QQU9EbnVSRVVFckF3TS9nLzZPSkt5WXJMMURxYjRHZjY4UFZabEJoSUFMbno2NCt0TW42ZUZMQlJsdGc0cnlsU3RuOWJXaUoxWlNGd2pFU2RXN1Rud05rSXlDVFpVTzA3enVrUlFGaGp6bWlyRWtKdVdJYUpWWlNrVCsxTVBLZFM3M24vQ0RHYzZ2amswRUZsMEtzM1cvOHRIRVFnMDRaWGpPODM1NVpyRy9zOUpOWjgrdVhPNVBJMjNIMG4rdHZGQ3h4bW1tRzExTThPMklvdkpLcWtDNnZ3OFBQNzZ1bE5ZeTQ4QWRJRTRlTkFPS0hJYzY3TFVTRlhjeXMzeUhWQ0x0MHNlQkd2QVJ1K2hOQ0RaQzI0NjV0cndscHNVaTJjQmhDakdEbVB0WXJFZFIybHZFNjY0aVRnSmUyaUo4Rkd4dklkZHhKdW5BaUwzUUFhR0t1eW9oMm5ydHRHaUYwOVdyVmNBaGdvU3JtaGJKNzAwQndNUFRManNydVRhcXV2aU5wVTI3dVN5SlU3NG5IK3pYMzRjck9Jckh2M3lEcnN2RUxVaDFhYXlvUzBQd2FrRHpEaWxPbXo4NDJyOXVjNUh4TjF4L0N2TDRBVHNtVHNZY29qRldIWEpmNkFrTmFhS3c5ZDNJTlg4allLVlJnOWQrekplWGw3VXZ4Z1lIMVh4RXBvd2Z2eFdsckZhQTVYRXQwMG5BRS9Ncm10NFl0b2JjQkkwRHAwTG9NSTk5dUt1YVNIYUkrY3QxVkdPMnpBelFUclBQOU5FWXVvRTlXZG9JckxONjl4dUhZdjV0NVFHMll3U042V2xBTWFVenprdUJQbldHZ3FEdXhkbGhhMm4wOXRjMjFBOW9LY05ZSWlFTkovV256aEFVdlVsYUtrK3dRQW1KTkdtanhhUHovM0YxMndzT0xMQ2VVTXVLY0lhbGpQM00vSSsyT2pYTTJSN2lRNlFYRGNING8wNGJZMms3MTViKzRucHRoOGR4Q0Z1ZGhwcW5hZVdIK2JuSTRsdnE3cHVPNkVqcy9aS0o1UzAwdHRjTFRLWEtTYlNCQWRiSFNSZ1RJVDVwWUQ1VU1QdEl4SUhUTWpSazluRjU2d0k1S1RxQjlYUVdIK2xqcUgrZzlvRzQ0emxmTk9KQXA1bGFKbS9KT1J3MjdmMnhCSDFsaVlHV04xNjgwOEJCenJQczZTamhUMXRvYTR4MUo1eDJQUjVSRjJaanUvbnZaVXZscjVBYVlHa2l0QXJnUW1aOEd3TEpsaGFwUUQxVXRJMDdwZ204VVRvaEpCYWx1U2VXaDlzZHVhM3hDdVM3WGE0S2FIRm5PazlYMkRhLzVHUlRDdFVzSkhkNFVEdXcyYTNldHpuREhZZ2kvdjJuUkhZalo0dVJWZWtjNW13ZnIyZ1N4Znp6NVZQQTN1QTVlNERWRTN3anFGYTNmcEJ3M2VNUm1PZkdHTUlyQ2VkS1V2c01KUmhjNFlYQzRvZGwvTWxsbnF6YzNlZG9vekZ3dU1ZU3N4dStFMmhZbFc1SWE1QmJyL1JuWUJjejZKL1lhTHJUbXNJenJtcHV6MGFtSVc0cjhEd2dZUVFrdU42WnFYc1BFdzBBdmVPRGQzSitJQzRkWnA0ZVdaSm9PT0tPNm1OTzU2OGNqYmF3a01IcnFFSDBKR1pwV0dVdmJ5cWRscUwzbm1rRnRXZ3d0dnhLcCsvMzVCQVlZeHRUaEw1MVJxYXBJeU5nQTFkTnhMVlFUVHc1UmdJWHNwR0RwQTBEYlE0WTVxdnZDOEp2SXRWYm1BOTRpbElpMzRnNnFvcTMxNjdhR3hSYWdHVTdWRmQ3eVQ0cEhFREhMVHNyVWJuT3lkMzNlTFlpZXdYRHFUNi96dURGUHNDM3hCZG1hUTNkU2EzL1d4N2dCT2JKckFWTVQyTWp1bkJCRTJVKytLb3ozd0xqQzVMaTNwT3JlcVJmcGJhcXgzZ25vUGdDUWtPcC9oV1QvbGFDOWs3WkE1S2FONWYyUnBDUEZ0aFpxbUxmamFwSURwWXpCMW43RVpsd2ZRYUNKSzluQ1cwK3lQdFV1MTlLbll0dXhZN1I4N2ZaUS9OS1Q1a29lU0ZKRThpWGpGTmpMcEsydHRkc1RKZ25ob3dvT21pNmkxcVlQRUlUZ2hCUGhKKzlvQ1llUmZoKzdST04yNVpFOXJIVHgyR1JFTVMwbVo2ejZJN0k0K3lOcWtDQjZqeE9oR2pSKy92aUM3T29VeHYwQlc2aTRhVlpHWERVMWQ5SlNHVStPMFhkMzRuMlh1TGs6OlD8pYhGBOn+5qhCXGnhfx8=', '2018-11-23 16:36:36', '2019-01-06 09:27:19'),
(5, 1500065, 48, 16, 36, 74, 'F', 'OTdLclRhOXd4Q3MxU2wrNHMyTGxtcXVkTDZSKzBLWTJFRlVvZUpDTHJFSitrWnpSazE5eG5yYWZkcEtMWkVPMEJrRVh1RG45eFlXZjVJVFdWKytVVzI2R1JlbXE3bFZFaWg1SmNEY09EcnBhOGJrNWZ4K3huNnVSMktNRmxBTm1pVTgvVGlqa0t3WFE4dG5aLzV3YS96MHZDVmpmYkpDN3FUclZ2L0lxQmR1SlZIYUZwZTZzL2tPWk5vS0tmbUpEYklBaGthak91a1FxMDNaWU13RUtuaDh3eEQ1MDFmU1FjaDNyUER0K1lIR1o2TW5ldU81S3g4bkptZDdKUDE3MWg0UHdac25YQm9KSmhoOGwvNVZTWVN3anp4eWZ6Tnl2ZFlGSmtjRWttTTVsRjl3N1RvK2gyZEltSG1xbCtwaVRwajlDYVFiRldWOVdmTHNsa0VRamlMTUJ0amo2eWYwR1hLQ0I3blVPbll2VVBLTndORjI5WUZiZzhWQWV0eFlhdFJ0NFpZYUFUcnJCNXBwR0hldGs0Y1h4TlllSW1KdlFCK3VJOHdITGRIVUxiRURkd0VxQ2I2dXNKV2xLd1VJb3JvVElYbWorelMyWGgxa0RIRDVFcVdRdTdqNml6ckdvL3luT3dJZEIxK1gvTHBxK3pFc01wS3RNRy9jSXFHM1VmSW8zMTdKdS9zOVZ3SGNaa1BSN1FaUWZZR3ZFcFNsT1JzYjBaa29CS20vT0dSMGpPODV6NXBGbkJlUWRmWkczdXl5cDlYNm9xclBkYVljVThPZ0Z2a1lXcjdwNE04VWVJcXRVSUwvSEhRVDJLYXVmU2xiLzlJNjYzcFdJTDVodktVcXNJTXpQU3k0VkxjQzhBbXN5ck5vUkxtNXVmRmREV0k1TW9xc0lTTTZBb0hTS2tyUXVRdUhSdXJtSXdwUUMzRVhHQUVyQVFoSURvcUVVQkVtYWo5d3U2cGJWQmpWSy9UU0pHcEdsMjQ2OTFibUFkdHFEL1g3UVdJR1oyVUs3bVFueVFnZUlhY09jcC8rNjdTYXRCZHkwZGpIRDdBRkloWG4rZDAvOERKQ2tQNmRNOEVueFI3NmxMNkwyOWpMK2pQdkNTaFN1OGpaK3h4TmZKUy8xaGcyaHhNRzVGQ2YrSkpzUEdiNXZiWWNLcVNvY3dGK2hEVE95NDI2U0JiZW1Bb1JYdUN4TjZTbmREMXZwZEh5Ri9OR3dWU3g3Rld1OEc2aGpKL3dHTTVHV2VuQjgzTWFTblRWY3FCcFRqTis2VWtZZ21VODFFTGlYV0xEUFFuQnFycnlBRWRQY0VaYTRFN1o0VFF5MkRuV3FvU1BSYXBOa1NtZ0V3RlpPblJPcWJEb2o5OXNOVmJLYTFEUURuQnJOdXljSFNUazU1Z3h0eDh3YWozREJUTmhaR0tHRXR5ODJCQXBLK2xidGhiMUlGcmNETEZLK1B6elgzbDZnb0dPNE9UcHpFbHBiYS9BY2pPZnAxMXRQejhqc3BWdE94YkdXRmpSLzYvMmIxMFNyL0YwbXl1MDNjdnZjQzV1RkovcHZwamsxNklBUUNzdzdLK1p0UkRUN3A5Uk5ML2xYTnNYbm0xbkxSVjBPdktBUGdWaW9uUE1Vbkg0K1dXbW95a3Vabk1pVzhaTk0wV2s0dHZzNjRYZE5zMFdwUVpUKyt0dllNc3BSeWI0Y2hxVVFpcFJHWGNiYTN3anRuOUt5NU93TXViR1RXTVZjWGZkU0QwdTlZUHpXRTBhTzQ5TFFvU2IwWnNQWGFSSFdOcFJFT0NzSW82c0Jabm9VY2VvZlEvdi9nQitCdTZuYVNrRVdyVFhLV3dSRGZYa2ZKb2Uya3lYTWNGMmJyUmJuZzArTWg0OG0rVDFWY0tIMFZKVFFhUCtvcndkS2pLczc1VllDeENGMi9ZZzVzR0xpbUFPdTNVbXY5MTlTUG9xeHgwNm42dWlqakNwb1RlaUxQTVVTLzdHV0dQVDJRc0hXcnp3aldSaWZpd0tFRHdrTFp3NXcxMHcxc014MStKY3I0dTcvYlRSQzJEbVRMS3BkTkZBcWRqWDR3MGlqQjgzb1dSRU9mWG1Xam1oYStQNWl5dUZiTDZuWU1Ramx5TVUzcHg5SkxmY0JQT05JV3JBcHlRdzZNSWJwdzZaVXNFZGNrcjg1RVgxN0xqd3FEd2ZlT2RTUnEvN3ovWGxmZzR5M1o2YXZkMGltWnVDVWE5WmdBenZpeEtkcG9JTkk4UEk1akY0WlUzQngwUEtJWUN0MUx5V2k3VHNQOFRnSTFteEo1bXEzRHExZ2dudFRkRTJZMk80Ty9QQUJtc3pSOEFZdERHNkFvQVI2TFVLQWN5OFlkbURycU1reitJTWxEOGxiWkFITGNrYk5VVkVsZHd6Q1c3a1FMeGFNWEJRV2dOQkhwa3o0cVFYNVRycWo3Z2kyNVdiMnBpejFzRnRMNTBNWlVmaHlYVWRHSEp2d1plbHh2cUhEUVFNODlwMmkwYllpMjJSaTFNcXlJMTJuWS9aZTBlNGJtNHJhb0VKd2FGSHpzdWFYenZqQTRCVkQ5akxXZlZVd2NrNXBVOHRvVldrQjlsRzR1NUJERllEMk9aN3NzMlhtdjNXU0Focmw1ekY3M1ZvaGJDOE1qQlVqZFY2K2tOK1RxajZTVmhEREs2QjhqLzRRUE1RdENkZkNrZGR2eXcxNE5KSHRKc0dXT0pqeWFFWUx0VVVTVjhLOS83S2JzdmdyYkdBN3FGaVIxMTV3TlArSEJwdUVHQXVWZmRCWnpabjhBSzFoZkwvazVkZVg1UW0zK0hQb2RGWEhreEdUeHNvbEkrdldTeitHQUhLUzlZRHlmN3B5L3kwL3M1dWwrUTRycGVBckYwMWlrR20yNVIyVk1GYU95MWtGZERCb2lIY1FpTmVJWURvbEp1aVRrbjZHZ2VWbkJQYkRRU0ZkeEJOTWNJb01RRk82NVk2Slh3TDh2MEkxT2RUaDRUNWNMUi9lZXhBZmFrcTgyWnZ6R2tObTlFYTQxcU1wTXAwRVpaamhmM3hBV0p1RklZVFhZeElRbFpzZVV1L3Q0ZmdHeDcrdzBwTzQvaHdIa1JoZHo0OWRVMTNEd2dKL0xOMkE0RUZzMjBVYm1ZN3UyR3Fla2FSeXJ2bU1JeThNRmhYcER2YmxsVWZLZEpnQTdUODUwRmRwRFNhbEMrU21URFN6a1BFVmpTTjc5RzMycERyNkhTcSt0VWo3UmhkVldSc0MzcVpXdCtHK25Oc21HdWtPRjZoOFZvUWNBWG9IOUxkL2tYRi9HVVlGRFRTNVdxenh1TGtMOGpJRUVDMEVVTmFjTVdvR0xETnhSYUhDamRKUERBNUphS3BzOFprWlZ3amJuTzY2NVo3ejhNNjNpbXJHTE1iVUFibkl2QVpRaUN4bkNtTHR6bjRUeWMrSFBzT3hNQkpZdDh0VHQ1SEZlU09JbUJJUWNJbmxab2JPTk02ZG5Uak5BUGRkNDZGMUpjQ1lTeWRCeWo3Smp1UEtjMVJVd2k3NXhZbm1vamZ1c3dhV2VCSTlRVGs5QUp4ZWsveTh3eDdMdDZkQ2E5NkJFUkRGWEhiaXNtT0dnTDdleXRWVXhHTXlobXZDaVVOQytTZkNOS081eFByNEFiSWRYWTMvSmZXWVZMbTZpdFlzWStrUEkva2ZHSG5UY0hUZm84NlBSZWtESCtKMDM5ZWEyTUd5TUVEWVd6d2x0VWg2dytNNG1IeXRRVVh0SGNiNTNSQkcxM0hXSjFMLy8wajVVM1JmbWUwc25UQllnRTN4TkNBaDM0Z2U0Wkx0TU04dUZyUWp6eGdrNnBPSVVicDFkdElZKzVHU0djMGVRdUowZFJmNUt5Y1o1UHE0aGg0SHdEa0pHZkZIZ0dIR3lqdXNHc3o5Q2x6b0FQVjQ2NHpYRjA2cEpBOElyb2xqcnA3dUVjQlAxaGY3NUZCb0h5QkFySHgrR1BFNElNWEpPVy9mSlBHV0FYeE9jYXRFR0RuaUZ3enVzbzR5L3Fod01pcUR6TEk2UkVJWVBNbU1EUlAxQ3liN0Q5ZVhwRjZvZk5LN3k3OVA5R3gwUEJrbDlZNzYxWXMrYkNiOTloUGFmS3hiem5RaVZHMDRlbVVQN080dFNML2tZRmlHeE1DaXYra0ZxellsUzZJOTNMVDhqWDdYTERnL3VkVHlQWmVGSnNMQUJKM1hSSzZGM0IvM2lKbThtVE1aVWFZNlBCbUMzTUJTMkc0TkZRaHF4NENWVlBmbitUQXUrY0ZmbmtCNGJXNU1ObWVRcS9JOW9Jak5weTRhWGpGbTRtY1Nyd0hXY3NBRGRUOUIxRGpGc0pQL1lJay9rS2puYXpmR09RcmxoNlZ3NmFmSERRd2ZrK3gzUzFacnZOclREWmZNbm53NXdpMUQ3L1h0a0JwR2VKOWRucXU4cTlZZUtELzJSZUJYQ3BJQzA3eWJXM3huS014ZGpnbXczMk03MlZNcTZlMTBxazBaZjZVS2tDWUpKRHRPalc3MFV5enhOVU51NUJCcGZQL2IvMVQveGdLczdxZjByMEhkMUFTOHh2enM1cXQrbmMwQnN1a0Fkd29Oc3NmZGJYWmRidmFuVk5SaVJoRmYzS3lWekNiM2pYSFNhb1dkR2JQc3dnZ3kyNno0TWs1cjhnQjQzZkRLcjg5UjIrZy81ZTFZbFRyaVdGUlZ0d1lDQWhESElBQkhLZ2hDZnc5RXg4NmJsMzMxYi9yNHF4dHJOT3JrWEc5bWtyVHZ4QkVxeGVENUw5OGZsZlQ1VzQrYVBvcmVaRjNDcTNyWlBGaXEyUTYvT29OTE5IcjdzZUlHZHBzbHN2ZFpVRlBFR0Z0T3JFMjAzbkt1VWJXcldMNUgrMkUzMHdKT2psdEZYTlFvcDJsUjkzMHJiUGZwT3RtY3NVaVdKbWpHTWpmbjRYQmpscGpsRnE3N0FxZ2tkNm5WMU5Bb0YwZzVnWUpzUThMVi9VVzBsdjAwWGI0Z2pnQ1BFeEFKNSsySVRlcVhnYVJVOVJaMlNneW9JYWhUNGdONWxseW5CaE1ydHJoalpXYlpTZWdubTVSSkMzUENlc3QxZ2Zjd3BqdnEwWGkyYVpkcW96ckh3WGtEVWdhd1JOaXpKZWdDT2Ura3JUY29FcmFQQnArR2NUNmRSOXl2NzRnMllveDdvM09jUXg1SHprdjhpWUVVdlpYakY1aFZUY3R2aGZlSVpSUm5KOEdzck9HYklkdmdsbFVYYTdsajlMdlowc1hYYUdic0J6ZDBTR1d6TnkxV1UyR0h1VDlhMktDQXJ3RjdDWnhmTW9FS0VNWEhsZDU1QkZWenJNUXhFRlRQTXA0NmVrREFXM0lGTFlGbzBNZmQvbkFyMlRMWnB2WERVc1YxeUlTREtyTmo0bDBBVGdtSkVXckFvbFo5ZUlaclQrR21uVHBYM0MwY09sQ3BJdnozbVJvTjZIa0hSL0V3dm1aRDVPamRLSGkrRTJtVXdDcGxJVEo0R0FkcFB0Rit6OEg1UHpPNGUrN0N2THdnd21jdzY2SVNERjZ4NHcrdU52a1dsUEE4N3ZIM0xrN1BRMzdOS3MrOUZvcXprMDgyYTR2RFcxWjZ4UWlzb1NRUmE5UDgyREU3eWRmNE5hKzdzc2NOUDZKSXlHOW5qWkV1Wko0c0NrMWlmekU1SVlwQTBaQ0dNSWpIVHpoSTVDdEsxd0VLVXczUEdCSUVqVUF0WmtqWGgxNDVqZUM0bEhwNHhRb08zU2tvTmk3Q05SaTBxclAveDNWTm84dTArUHp6QVU1SGwzdXpUVWdGeUtCckNMelU2ZGlsTjdJNGh1VnhKQk9pSjZMbGlJeVZnY3U2VzRLNlpDQ3FJVEhqSXVxRVdQZHhTb3gweTNtUGRydloveXJ5dTdBeHVHZmZXa2huS0V2dDVUUzJxbUtXRGZDMmdvL21wK3Y5U3hFT3VIOFh2SFc3bFp6bzlqYWJGdWlJYlhyK3YyVEVBVEVVaklML3lyQmQ4NlVUZlR0VDdZejBhMUdhaW9RcEVaR1FzWDRockJBNzNMWjlXMlBTMWxRRUJ1SUNGZzlvQmpzKzBzdTJDdG9vbUZKRkh6TjZNMUlIQ2JhK1JzU0hJN0xZRU5INFIzOGI0NkNwYlhjWGwwdGhTeUtJb0NlZktpSU0yQ1ZBTkdZVVZCSGQ4SjgzT2EwOGMrS0ZsSW9GWTIyaUlVeElNdUREZG02ZnZRc2cxbDRQVWl2ZWpZTGpIMHpEMlNsWTI5YjNUcHpjMm5wMHZWYXMxNCtkZVJSYjJKTmpVQXNKS0pLL0drdWY5c2tXVDF4NDV6RGFMYUxuVlFEZFRIaTRmdTV4VG0yMERrR0J5ZFQxbC8xYzhVa3E5RFZoZm5Ka3FKL3lYMHUrcTRrRU96N0hHR3R3MmRaaHVyN3NZSnBldXdLY2QwbFZFbFc0Q2pLT29NTDBISlBLN2dsWFpudk5EaXFPUTVGUmZYOFMxLzhIcFVZYUV1a3NaYlNiZ09GZGdLMkZGMEdmbGxUaEFmbi9NMnBpL25kZUt0Y0xtK2JSR3BpMXJZZ2tmanlsY05LM3NlYlZHUVhINHdLdUxGWHpla3dveTdrR1pWdE1RakRmbGxSVjJycElXWGEwL1VOb3ZKRTRJdzl4ZEFNSmpCOGVSOFVqN0dqNjJ4OHc5eTZPbVBVdllvbi8rK3pjb0J0VXJiTXBtOWdLN1VyZDRRQ0hac2VweXJQUkQxbm1pcXU4WjFUUmNJaFJxM3FoUUJXNlZTM1Nyd0NPZGtwWldvbWJ2QkJhUTljVkx5bm5PTEg4SDdyKzhwcCt6aVNxTlBtalZTU2x3YWpLTk1NUjAxK1BQam84N0twWHFrTHJ6MGxiTnpRSDdSOXlwVlNyRUFUUDUvaUFSOXFZb0pMdjNDbGx2YzhzblN3Wmp5SXBENTBtZ2VIWmhQZHBJdmkwTTZSVGdEYW5NbTg4cXBpTDdqWW0zTzhwbDdFVi8zdXpoZ1ZmallyUGlNREhjYURjcmJnaXVseERJRFhnOWRBd2h3bVg1VnRWYXBKK0ZCeGp5aDdjalVxYkhqaXBnVHRYVTcyVEl5YnJiQzFIak5pdUxEN0xlS0FoanhGRWxnZ3hJM1hqOG9ERHhJeFdHaXdxZk9IZytvWEJUUjUwYlRyYnc0R0FFdHhJSVB5TFJiNVZvQkJmQk5sRDZ2Nm0yNWM4dXpzdjJPTWJVSXRDcDNyTW5wNkdnVUxWeXpxWVQ4YnNMejVhT3ZMMERTMmdXaU9aRnRqSmlrb2tjRTJORWFBQXBzZGVEMXNVRUI3SUFxTElIM2RpSW9sdnBuM0NHM09GbDU1RzV1ZUlOZXVydjdKc3Z1cXJKQUExbEVyeG0xeVVCaVJnaUw2YlE4cXhHNlc1MFN5SDdNUTk1Q212T1FkalZUKzdVVWpoWW5odGpldU94Y3FpU2M3Yk5JTlBMNUN0amYzVXh2ZjljTytlVUdiNDFnZVN6U01Ta3kwUDRMNEpuYVV1T2QxRUY0N3JUdDF3NkIvem1IQUwyZkRzS0JUeXRZUE5PTjl4ODl4YWFDT1RUNmRscmxpa0p4M3BZalBuaVpEaVdTQWhDOXlUV0NuT2pLODlYTTduUUpYaEx3cnlIZ2x0UHV0Z3JlOC9jNk83VmxTZCtOSktoWjRKRXF6Y3FnTG9MWjdDbE1hRkQ1NVRqdmVHd0sxOE5FNGd0Mm8reFd4RktwVU13cmx2T21iMGhaL0ZtZzJYQWRJcXpGYVN3dFl6SFdLUWQzS1U2Szh4SWFBMnlqZGJzVzJxRzBtbWtadHB0YldibjExeUhvMjZaZlI3M2J1azFXVGdXZDRIeHZlbU9BSC9MTDZZUnkra2hvSDA1Yk80dGk0enc2VTdab2pyUXpZNlhZZFhHdnczeHBUUFJ4VFMzdXpQSkpnTUJTeENEUGZpY1JnWnZzeCsweVpiZ2pjKzlWNTFFS3JVMzl1cmJiSmxPNHUxRmVqM2tsdllkTnQ4WVhQdmpsRTlqNDcxVEhFMlN1VE5rVUVzcWRzNXkyeGxmcHZMdFpKV3ZSQ2haVTZpQnlhWklSVzh4QmR1bE9Fc2daanRhbWlLR3N0b0VHSmlIOU50Y0NzYkVwdzZ1MnNIM0hNc0l6VGw3Qm43Z2NNanZsdUhjbFZkdFdGeFV6WUFJTkdvd2l3Tm1Ta3ZHU09ZWWo1bXVWV3NwN2UvdmFORGpPR0xrZGFkdWc3NkhDUWpDWE5MZVNIejNkdkl1bWpucmtIeGM3UmZFR3p6VWxXYk5qSmFwUzZpRk9wNmZLR1V0VTE5K2lmam9KVWVtSlFDRG40UDV0WVB3MEhFMnphUGRQRHZZdzR2WFpXMERjK1BlNkp2aURxZ3M0TlhNa00zbWEvM0lwQkZGZmgxU0ZvMjZCMng1aXF3MStPcDU2SGtLdVBtUTd0TGRGWm9UQnIxcW1vcldCaGJnQjNIRHI2RitrQkpETWVmNUhZSHhLYmZzR1FSS09lRmRrc0phOVdOckI2dS9CRUZlYjZvbWFDcmNMTjRHZTdlL3ptTU5hMk9pWkNhbVZCcG8rRWxZMVZLQUNiZXRyK3IzaTlwKzAzUEE0QzREN0c1Y3Z3OGgxUlQ1UFRMSlZ3M3hUcjJBb1BUcmloVllmZFdRajgyMWtIdDVlZFBBbTh0dlB0NVlOOTBuYlZ5VDVxWlVrU2JlTUp5em1nb3ArdU9Qam5SN3M1amVPdTN0c251c1JNajFoeHEwOWRuN3VxbTQ2akpOL3hnM2hxRHZoUCthdG1Va2NFOE8vM2s2MG5FSndBSHJxUFBRbnMybFRWM2taMmlwMjc3dll0UWdZa01qa1lsenppU1hsRzNPT2JYMEl6NllwblVyRkpGSWZsUzNza3diMEJSN2ZJYkpFdGZ5elR5d3lJeXY0aVNQTEU3aG9ucWVZU1lKeldITUxzdUJOQk43VjRpbzZqOWU0UkhkZk0wOWEyS3JoQUlXSmptMU5maXZmZXNGL0JzQ3ZsL1JCZEZXU1l4ZzNCTGlxdERxL3N1QjRVVnZMekZ1TE5sQlN4Q1pIdnpscW1sOS8zaUtlN2xUL0hTR0JXWVZXbmJSdmpHNlhxeEFyWnNFMFpkQWNLM04yc1pXS0lCazkvU1JEN0J1b3Q5L0tITEJ0SlYvS0F3V0Vhc040ck0xV2RPelR2YU90S0FTMGNlR3dNNXBTYk1vR1M2RGl6TGYzWUk2ZFV2NkNRaGxwR28wUmtEZFlLdlNvdS9wSEsvU2djMlZteG9EYUcrb21TU0J2dkxkTGJXVXpMaTk1T1RyZWwya1pEbnNldmtuaEdlcmZjQ0xDSm13VU0wcjN6WVJlZllyMmgxa2hmT251VGNwWTVnM1NuMStFY0hUWk4yZHpQSy9Bb21nSEtpRGUwWlc1OHk4RUFSVGhZUTRhNlU1UHFYaGxkQWVyenpIekhHbmFUZ3FrREV5T2xlVnJUZ0M4L0xzdWdjTnh1cWJaWjBCNzVVWUNwM0wwNzc2VWN2b3VEU0lGekZlNzBsZlNEVitMT2JtUmFaVEFDQkVUVDM5TEo4SEVVc0t5YzIxRFY5YzRVT3R6aEQ1N0FWSVNzMlcyRDdrOTh3MHVwMmIzMkZKWStZeDNpUG04Zy9oSlhTaGpnaHNKVFdaTUVCck5HT2MzdlY2TmFiSnJ5Zmp5VWh6cVRmejRMUGo0MDdhSVlLaFhLU0RzMkRzKy9aeStpUGpuWThNS2tIaWVCdWgzcDFsZm5waHl2Q0c4VkhUWitjOUsxSEo0WVRWaXhicmtUM2I2R0JHcmcyamxKRkUycmpWcGNhVnRDOEJTeHJ6UlR5N1lLOTMwMFh1ZGJSeDV1djJsakQ3WHhmUEFoYTBJVWJ0dXlkOHROR3JYbnk2NjBUWmkzbUFDbVBnWm9wWWxiUWxTSjQ1UkFtN2lCTkF4a3N3OFE4ek5jQ2Y1d21JRGprWHRqNEV0WDhrRnRSU2xCc0tuYmJyTnhNaFRucW0xMDNBZWNZZWtiUkZ0SEhza1p6S3ZSTi80VVNjaUpTRzJ4S1lPa0xDMEd5WkhTSVhzOFhPTHhSYThTeFVsV2RSWDRaanEwb1owTm5YcFRJQ2UrRHpLZzlQTmxza21CcGZBZnFZNmFTRktCQjN3cnVWQUxoT3JtQ0QxOFdHMTExRnoyRjZhWUFoZGh1SWdBZjdJSjBTZ09ra1JpQUR1dmN6anBTL0VYRm4zemY2KzZuSjVDRS9FRDBQT2N4Y2dkR1E4bWVDMnN6aE1rdlJXNy9WQndxT2V6WHVDUWlxMktTWTZRN3ZBK2xZK1ovN0tBTGRLZHFFcXYwbGxYQWEzd1ZLeERycEdTcFpTTDZzblpONVBkbGxTRmtld0FueG90Mngwa3JEUXhUeWw2blZ2RWlITDBYa0s4WjU2UTJKR3E1QzNld01paUNXZmYrS1E2T3RnaHEyOUNBMmZVRnZTVnFBd3NVVDh0T0N2QTMrcTVXbmZTMFE4UDdWcDRxeXY0djhOK0ppdUpZQkJsOUhGb0JhTmw1SVQ4RTlnL0x6czZSNWRvemVZTWtVMnNUdXdOZ2RzK0cvVkN1Nkh4dkZxYjNhTCt1bWhscEJRVVFodER4NlV1bXpoc0NDZWtObWFJdGcvSlI5bHRMcXFxemNMbVdkMEY4NkhuQUtDL29jVkxvc0docDJvNkYwTmk4LzRSK1VqbGc0Q3pUU1IyRFZHSzVoa1dLbHp0R3ZvOVJqaFpmcmVQbUVpcjhJNWxKTTdjYy9MOTg1NjhvUndHOG4vQXhqakY4RytNaXN4RWZaN0ZjbmJPWkM1WUFoSTFQNDZ3OHBPMkVXRU51T2dKWEJtNkd6cU5jRVhmWDdDQW9vRmxtTmQxelZQbTBOTi93TlYwSFJYNWR4ejlIbXNyWXZTMGMyWStrZjZ6aWVBcUNiVEFjcjZOdjlWNlFzNmg2MGdCcnNURGY1c3BRQjFqZkpqWFduc21rWnBoTVBWTUZoemZKTkZhTmR0WEh2bXkvdXYvcHUzdkZEZVlTc2NUYW1kUmd1amtpVnNTUWlsTjlqdXZSNDVLRjNOckRMdklYZS9pdzdxN3lCK3gvSlNTRmN2Ylk4Qlp5VDRnYVU3dDBSMjN4ZlRTMmRvRlJvZkhaaVBSWk9QQU9EbnVSRVVFckF3TS9nLzZPSkt5WXJMMURxYjRHZjY4UFZabEJoSUFMbno2NCt0TW42ZUZMQlJsdGc0cnlsU3RuOWJXaUoxWlNGd2pFU2RXN1Rud05rSXlDVFpVTzA3enVrUlFGaGp6bWlyRWtKdVdJYUpWWlNrVCsxTVBLZFM3M24vQ0RHYzZ2amswRUZsMEtzM1cvOHRIRVFnMDRaWGpPODM1NVpyRy9zOUpOWjgrdVhPNVBJMjNIMG4rdHZGQ3h4bW1tRzExTThPMklvdkpLcWtDNnZ3OFBQNzZ1bE5ZeTQ4QWRJRTRlTkFPS0hJYzY3TFVTRlhjeXMzeUhWQ0x0MHNlQkd2QVJ1K2hOQ0RaQzI0NjV0cndscHNVaTJjQmhDakdEbVB0WXJFZFIybHZFNjY0aVRnSmUyaUo4Rkd4dklkZHhKdW5BaUwzUUFhR0t1eW9oMm5ydHRHaUYwOVdyVmNBaGdvU3JtaGJKNzAwQndNUFRManNydVRhcXV2aU5wVTI3dVN5SlU3NG5IK3pYMzRjck9Jckh2M3lEcnN2RUxVaDFhYXlvUzBQd2FrRHpEaWxPbXo4NDJyOXVjNUh4TjF4L0N2TDRBVHNtVHNZY29qRldIWEpmNkFrTmFhS3c5ZDNJTlg4allLVlJnOWQrekplWGw3VXZ4Z1lIMVh4RXBvd2Z2eFdsckZhQTVYRXQwMG5BRS9Ncm10NFl0b2JjQkkwRHAwTG9NSTk5dUt1YVNIYUkrY3QxVkdPMnpBelFUclBQOU5FWXVvRTlXZG9JckxONjl4dUhZdjV0NVFHMll3U042V2xBTWFVenprdUJQbldHZ3FEdXhkbGhhMm4wOXRjMjFBOW9LY05ZSWlFTkovV256aEFVdlVsYUtrK3dRQW1KTkdtanhhUHovM0YxMndzT0xMQ2VVTXVLY0lhbGpQM00vSSsyT2pYTTJSN2lRNlFYRGNING8wNGJZMms3MTViKzRucHRoOGR4Q0Z1ZGhwcW5hZVdIK2JuSTRsdnE3cHVPNkVqcy9aS0o1UzAwdHRjTFRLWEtTYlNCQWRiSFNSZ1RJVDVwWUQ1VU1QdEl4SUhUTWpSazluRjU2d0k1S1RxQjlYUVdIK2xqcUgrZzlvRzQ0emxmTk9KQXA1bGFKbS9KT1J3MjdmMnhCSDFsaVlHV04xNjgwOEJCenJQczZTamhUMXRvYTR4MUo1eDJQUjVSRjJaanUvbnZaVXZscjVBYVlHa2l0QXJnUW1aOEd3TEpsaGFwUUQxVXRJMDdwZ204VVRvaEpCYWx1U2VXaDlzZHVhM3hDdVM3WGE0S2FIRm5PazlYMkRhLzVHUlRDdFVzSkhkNFVEdXcyYTNldHpuREhZZ2kvdjJuUkhZalo0dVJWZWtjNW13ZnIyZ1N4Znp6NVZQQTN1QTVlNERWRTN3anFGYTNmcEJ3M2VNUm1PZkdHTUlyQ2VkS1V2c01KUmhjNFlYQzRvZGwvTWxsbnF6YzNlZG9vekZ3dU1ZU3N4dStFMmhZbFc1SWE1QmJyL1JuWUJjejZKL1lhTHJUbXNJenJtcHV6MGFtSVc0cjhEd2dZUVFrdU42WnFYc1BFdzBBdmVPRGQzSitJQzRkWnA0ZVdaSm9PT0tPNm1OTzU2OGNqYmF3a01IcnFFSDBKR1pwV0dVdmJ5cWRscUwzbm1rRnRXZ3d0dnhLcCsvMzVCQVlZeHRUaEw1MVJxYXBJeU5nQTFkTnhMVlFUVHc1UmdJWHNwR0RwQTBEYlE0WTVxdnZDOEp2SXRWYm1BOTRpbElpMzRnNnFvcTMxNjdhR3hSYWdHVTdWRmQ3eVQ0cEhFREhMVHNyVWJuT3lkMzNlTFlpZXdYRHFUNi96dURGUHNDM3hCZG1hUTNkU2EzL1d4N2dCT2JKckFWTVQyTWp1bkJCRTJVKytLb3ozd0xqQzVMaTNwT3JlcVJmcGJhcXgzZ25vUGdDUWtPcC9oV1QvbGFDOWs3WkE1S2FONWYyUnBDUEZ0aFpxbUxmamFwSURwWXpCMW43RVpsd2ZRYUNKSzluQ1cwK3lQdFV1MTlLbll0dXhZN1I4N2ZaUS9OS1Q1a29lU0ZKRThpWGpGTmpMcEsydHRkc1RKZ25ob3dvT21pNmkxcVlQRUlUZ2hCUGhKKzlvQ1llUmZoKzdST04yNVpFOXJIVHgyR1JFTVMwbVo2ejZJN0k0K3lOcWtDQjZqeE9oR2pSKy92aUM3T29VeHYwQlc2aTRhVlpHWERVMWQ5SlNHVStPMFhkMzRuMlh1TGs6OlD8pYhGBOn+5qhCXGnhfx8=', '2018-11-23 16:48:03', '2019-01-06 09:27:25'),
(6, 15045785, 49, 17, 37, 75, 'M', 'OTdLclRhOXd4Q3MxU2wrNHMyTGxtcXVkTDZSKzBLWTJFRlVvZUpDTHJFSitrWnpSazE5eG5yYWZkcEtMWkVPMEJrRVh1RG45eFlXZjVJVFdWKytVVzI2R1JlbXE3bFZFaWg1SmNEY09EcnBhOGJrNWZ4K3huNnVSMktNRmxBTm1pVTgvVGlqa0t3WFE4dG5aLzV3YS96MHZDVmpmYkpDN3FUclZ2L0lxQmR1SlZIYUZwZTZzL2tPWk5vS0tmbUpEYklBaGthak91a1FxMDNaWU13RUtuaDh3eEQ1MDFmU1FjaDNyUER0K1lIR1o2TW5ldU81S3g4bkptZDdKUDE3MWg0UHdac25YQm9KSmhoOGwvNVZTWVN3anp4eWZ6Tnl2ZFlGSmtjRWttTTVsRjl3N1RvK2gyZEltSG1xbCtwaVRwajlDYVFiRldWOVdmTHNsa0VRamlMTUJ0amo2eWYwR1hLQ0I3blVPbll2VVBLTndORjI5WUZiZzhWQWV0eFlhdFJ0NFpZYUFUcnJCNXBwR0hldGs0Y1h4TlllSW1KdlFCK3VJOHdITGRIVUxiRURkd0VxQ2I2dXNKV2xLd1VJb3JvVElYbWorelMyWGgxa0RIRDVFcVdRdTdqNml6ckdvL3luT3dJZEIxK1gvTHBxK3pFc01wS3RNRy9jSXFHM1VmSW8zMTdKdS9zOVZ3SGNaa1BSN1FaUWZZR3ZFcFNsT1JzYjBaa29CS20vT0dSMGpPODV6NXBGbkJlUWRmWkczdXl5cDlYNm9xclBkYVljVThPZ0Z2a1lXcjdwNE04VWVJcXRVSUwvSEhRVDJLYXVmU2xiLzlJNjYzcFdJTDVodktVcXNJTXpQU3k0VkxjQzhBbXN5ck5vUkxtNXVmRmREV0k1TW9xc0lTTTZBb0hTS2tyUXVRdUhSdXJtSXdwUUMzRVhHQUVyQVFoSURvcUVVQkVtYWo5d3U2cGJWQmpWSy9UU0pHcEdsMjQ2OTFibUFkdHFEL1g3UVdJR1oyVUs3bVFueVFnZUlhY09jcC8rNjdTYXRCZHkwZGpIRDdBRkloWG4rZDAvOERKQ2tQNmRNOEVueFI3NmxMNkwyOWpMK2pQdkNTaFN1OGpaK3h4TmZKUy8xaGcyaHhNRzVGQ2YrSkpzUEdiNXZiWWNLcVNvY3dGK2hEVE95NDI2U0JiZW1Bb1JYdUN4TjZTbmREMXZwZEh5Ri9OR3dWU3g3Rld1OEc2aGpKL3dHTTVHV2VuQjgzTWFTblRWY3FCcFRqTis2VWtZZ21VODFFTGlYV0xEUFFuQnFycnlBRWRQY0VaYTRFN1o0VFF5MkRuV3FvU1BSYXBOa1NtZ0V3RlpPblJPcWJEb2o5OXNOVmJLYTFEUURuQnJOdXljSFNUazU1Z3h0eDh3YWozREJUTmhaR0tHRXR5ODJCQXBLK2xidGhiMUlGcmNETEZLK1B6elgzbDZnb0dPNE9UcHpFbHBiYS9BY2pPZnAxMXRQejhqc3BWdE94YkdXRmpSLzYvMmIxMFNyL0YwbXl1MDNjdnZjQzV1RkovcHZwamsxNklBUUNzdzdLK1p0UkRUN3A5Uk5ML2xYTnNYbm0xbkxSVjBPdktBUGdWaW9uUE1Vbkg0K1dXbW95a3Vabk1pVzhaTk0wV2s0dHZzNjRYZE5zMFdwUVpUKyt0dllNc3BSeWI0Y2hxVVFpcFJHWGNiYTN3anRuOUt5NU93TXViR1RXTVZjWGZkU0QwdTlZUHpXRTBhTzQ5TFFvU2IwWnNQWGFSSFdOcFJFT0NzSW82c0Jabm9VY2VvZlEvdi9nQitCdTZuYVNrRVdyVFhLV3dSRGZYa2ZKb2Uya3lYTWNGMmJyUmJuZzArTWg0OG0rVDFWY0tIMFZKVFFhUCtvcndkS2pLczc1VllDeENGMi9ZZzVzR0xpbUFPdTNVbXY5MTlTUG9xeHgwNm42dWlqakNwb1RlaUxQTVVTLzdHV0dQVDJRc0hXcnp3aldSaWZpd0tFRHdrTFp3NXcxMHcxc014MStKY3I0dTcvYlRSQzJEbVRMS3BkTkZBcWRqWDR3MGlqQjgzb1dSRU9mWG1Xam1oYStQNWl5dUZiTDZuWU1Ramx5TVUzcHg5SkxmY0JQT05JV3JBcHlRdzZNSWJwdzZaVXNFZGNrcjg1RVgxN0xqd3FEd2ZlT2RTUnEvN3ovWGxmZzR5M1o2YXZkMGltWnVDVWE5WmdBenZpeEtkcG9JTkk4UEk1akY0WlUzQngwUEtJWUN0MUx5V2k3VHNQOFRnSTFteEo1bXEzRHExZ2dudFRkRTJZMk80Ty9QQUJtc3pSOEFZdERHNkFvQVI2TFVLQWN5OFlkbURycU1reitJTWxEOGxiWkFITGNrYk5VVkVsZHd6Q1c3a1FMeGFNWEJRV2dOQkhwa3o0cVFYNVRycWo3Z2kyNVdiMnBpejFzRnRMNTBNWlVmaHlYVWRHSEp2d1plbHh2cUhEUVFNODlwMmkwYllpMjJSaTFNcXlJMTJuWS9aZTBlNGJtNHJhb0VKd2FGSHpzdWFYenZqQTRCVkQ5akxXZlZVd2NrNXBVOHRvVldrQjlsRzR1NUJERllEMk9aN3NzMlhtdjNXU0Focmw1ekY3M1ZvaGJDOE1qQlVqZFY2K2tOK1RxajZTVmhEREs2QjhqLzRRUE1RdENkZkNrZGR2eXcxNE5KSHRKc0dXT0pqeWFFWUx0VVVTVjhLOS83S2JzdmdyYkdBN3FGaVIxMTV3TlArSEJwdUVHQXVWZmRCWnpabjhBSzFoZkwvazVkZVg1UW0zK0hQb2RGWEhreEdUeHNvbEkrdldTeitHQUhLUzlZRHlmN3B5L3kwL3M1dWwrUTRycGVBckYwMWlrR20yNVIyVk1GYU95MWtGZERCb2lIY1FpTmVJWURvbEp1aVRrbjZHZ2VWbkJQYkRRU0ZkeEJOTWNJb01RRk82NVk2Slh3TDh2MEkxT2RUaDRUNWNMUi9lZXhBZmFrcTgyWnZ6R2tObTlFYTQxcU1wTXAwRVpaamhmM3hBV0p1RklZVFhZeElRbFpzZVV1L3Q0ZmdHeDcrdzBwTzQvaHdIa1JoZHo0OWRVMTNEd2dKL0xOMkE0RUZzMjBVYm1ZN3UyR3Fla2FSeXJ2bU1JeThNRmhYcER2YmxsVWZLZEpnQTdUODUwRmRwRFNhbEMrU21URFN6a1BFVmpTTjc5RzMycERyNkhTcSt0VWo3UmhkVldSc0MzcVpXdCtHK25Oc21HdWtPRjZoOFZvUWNBWG9IOUxkL2tYRi9HVVlGRFRTNVdxenh1TGtMOGpJRUVDMEVVTmFjTVdvR0xETnhSYUhDamRKUERBNUphS3BzOFprWlZ3amJuTzY2NVo3ejhNNjNpbXJHTE1iVUFibkl2QVpRaUN4bkNtTHR6bjRUeWMrSFBzT3hNQkpZdDh0VHQ1SEZlU09JbUJJUWNJbmxab2JPTk02ZG5Uak5BUGRkNDZGMUpjQ1lTeWRCeWo3Smp1UEtjMVJVd2k3NXhZbm1vamZ1c3dhV2VCSTlRVGs5QUp4ZWsveTh3eDdMdDZkQ2E5NkJFUkRGWEhiaXNtT0dnTDdleXRWVXhHTXlobXZDaVVOQytTZkNOS081eFByNEFiSWRYWTMvSmZXWVZMbTZpdFlzWStrUEkva2ZHSG5UY0hUZm84NlBSZWtESCtKMDM5ZWEyTUd5TUVEWVd6d2x0VWg2dytNNG1IeXRRVVh0SGNiNTNSQkcxM0hXSjFMLy8wajVVM1JmbWUwc25UQllnRTN4TkNBaDM0Z2U0Wkx0TU04dUZyUWp6eGdrNnBPSVVicDFkdElZKzVHU0djMGVRdUowZFJmNUt5Y1o1UHE0aGg0SHdEa0pHZkZIZ0dIR3lqdXNHc3o5Q2x6b0FQVjQ2NHpYRjA2cEpBOElyb2xqcnA3dUVjQlAxaGY3NUZCb0h5QkFySHgrR1BFNElNWEpPVy9mSlBHV0FYeE9jYXRFR0RuaUZ3enVzbzR5L3Fod01pcUR6TEk2UkVJWVBNbU1EUlAxQ3liN0Q5ZVhwRjZvZk5LN3k3OVA5R3gwUEJrbDlZNzYxWXMrYkNiOTloUGFmS3hiem5RaVZHMDRlbVVQN080dFNML2tZRmlHeE1DaXYra0ZxellsUzZJOTNMVDhqWDdYTERnL3VkVHlQWmVGSnNMQUJKM1hSSzZGM0IvM2lKbThtVE1aVWFZNlBCbUMzTUJTMkc0TkZRaHF4NENWVlBmbitUQXUrY0ZmbmtCNGJXNU1ObWVRcS9JOW9Jak5weTRhWGpGbTRtY1Nyd0hXY3NBRGRUOUIxRGpGc0pQL1lJay9rS2puYXpmR09RcmxoNlZ3NmFmSERRd2ZrK3gzUzFacnZOclREWmZNbm53NXdpMUQ3L1h0a0JwR2VKOWRucXU4cTlZZUtELzJSZUJYQ3BJQzA3eWJXM3huS014ZGpnbXczMk03MlZNcTZlMTBxazBaZjZVS2tDWUpKRHRPalc3MFV5enhOVU51NUJCcGZQL2IvMVQveGdLczdxZjByMEhkMUFTOHh2enM1cXQrbmMwQnN1a0Fkd29Oc3NmZGJYWmRidmFuVk5SaVJoRmYzS3lWekNiM2pYSFNhb1dkR2JQc3dnZ3kyNno0TWs1cjhnQjQzZkRLcjg5UjIrZy81ZTFZbFRyaVdGUlZ0d1lDQWhESElBQkhLZ2hDZnc5RXg4NmJsMzMxYi9yNHF4dHJOT3JrWEc5bWtyVHZ4QkVxeGVENUw5OGZsZlQ1VzQrYVBvcmVaRjNDcTNyWlBGaXEyUTYvT29OTE5IcjdzZUlHZHBzbHN2ZFpVRlBFR0Z0T3JFMjAzbkt1VWJXcldMNUgrMkUzMHdKT2psdEZYTlFvcDJsUjkzMHJiUGZwT3RtY3NVaVdKbWpHTWpmbjRYQmpscGpsRnE3N0FxZ2tkNm5WMU5Bb0YwZzVnWUpzUThMVi9VVzBsdjAwWGI0Z2pnQ1BFeEFKNSsySVRlcVhnYVJVOVJaMlNneW9JYWhUNGdONWxseW5CaE1ydHJoalpXYlpTZWdubTVSSkMzUENlc3QxZ2Zjd3BqdnEwWGkyYVpkcW96ckh3WGtEVWdhd1JOaXpKZWdDT2Ura3JUY29FcmFQQnArR2NUNmRSOXl2NzRnMllveDdvM09jUXg1SHprdjhpWUVVdlpYakY1aFZUY3R2aGZlSVpSUm5KOEdzck9HYklkdmdsbFVYYTdsajlMdlowc1hYYUdic0J6ZDBTR1d6TnkxV1UyR0h1VDlhMktDQXJ3RjdDWnhmTW9FS0VNWEhsZDU1QkZWenJNUXhFRlRQTXA0NmVrREFXM0lGTFlGbzBNZmQvbkFyMlRMWnB2WERVc1YxeUlTREtyTmo0bDBBVGdtSkVXckFvbFo5ZUlaclQrR21uVHBYM0MwY09sQ3BJdnozbVJvTjZIa0hSL0V3dm1aRDVPamRLSGkrRTJtVXdDcGxJVEo0R0FkcFB0Rit6OEg1UHpPNGUrN0N2THdnd21jdzY2SVNERjZ4NHcrdU52a1dsUEE4N3ZIM0xrN1BRMzdOS3MrOUZvcXprMDgyYTR2RFcxWjZ4UWlzb1NRUmE5UDgyREU3eWRmNE5hKzdzc2NOUDZKSXlHOW5qWkV1Wko0c0NrMWlmekU1SVlwQTBaQ0dNSWpIVHpoSTVDdEsxd0VLVXczUEdCSUVqVUF0WmtqWGgxNDVqZUM0bEhwNHhRb08zU2tvTmk3Q05SaTBxclAveDNWTm84dTArUHp6QVU1SGwzdXpUVWdGeUtCckNMelU2ZGlsTjdJNGh1VnhKQk9pSjZMbGlJeVZnY3U2VzRLNlpDQ3FJVEhqSXVxRVdQZHhTb3gweTNtUGRydloveXJ5dTdBeHVHZmZXa2huS0V2dDVUUzJxbUtXRGZDMmdvL21wK3Y5U3hFT3VIOFh2SFc3bFp6bzlqYWJGdWlJYlhyK3YyVEVBVEVVaklML3lyQmQ4NlVUZlR0VDdZejBhMUdhaW9RcEVaR1FzWDRockJBNzNMWjlXMlBTMWxRRUJ1SUNGZzlvQmpzKzBzdTJDdG9vbUZKRkh6TjZNMUlIQ2JhK1JzU0hJN0xZRU5INFIzOGI0NkNwYlhjWGwwdGhTeUtJb0NlZktpSU0yQ1ZBTkdZVVZCSGQ4SjgzT2EwOGMrS0ZsSW9GWTIyaUlVeElNdUREZG02ZnZRc2cxbDRQVWl2ZWpZTGpIMHpEMlNsWTI5YjNUcHpjMm5wMHZWYXMxNCtkZVJSYjJKTmpVQXNKS0pLL0drdWY5c2tXVDF4NDV6RGFMYUxuVlFEZFRIaTRmdTV4VG0yMERrR0J5ZFQxbC8xYzhVa3E5RFZoZm5Ka3FKL3lYMHUrcTRrRU96N0hHR3R3MmRaaHVyN3NZSnBldXdLY2QwbFZFbFc0Q2pLT29NTDBISlBLN2dsWFpudk5EaXFPUTVGUmZYOFMxLzhIcFVZYUV1a3NaYlNiZ09GZGdLMkZGMEdmbGxUaEFmbi9NMnBpL25kZUt0Y0xtK2JSR3BpMXJZZ2tmanlsY05LM3NlYlZHUVhINHdLdUxGWHpla3dveTdrR1pWdE1RakRmbGxSVjJycElXWGEwL1VOb3ZKRTRJdzl4ZEFNSmpCOGVSOFVqN0dqNjJ4OHc5eTZPbVBVdllvbi8rK3pjb0J0VXJiTXBtOWdLN1VyZDRRQ0hac2VweXJQUkQxbm1pcXU4WjFUUmNJaFJxM3FoUUJXNlZTM1Nyd0NPZGtwWldvbWJ2QkJhUTljVkx5bm5PTEg4SDdyKzhwcCt6aVNxTlBtalZTU2x3YWpLTk1NUjAxK1BQam84N0twWHFrTHJ6MGxiTnpRSDdSOXlwVlNyRUFUUDUvaUFSOXFZb0pMdjNDbGx2YzhzblN3Wmp5SXBENTBtZ2VIWmhQZHBJdmkwTTZSVGdEYW5NbTg4cXBpTDdqWW0zTzhwbDdFVi8zdXpoZ1ZmallyUGlNREhjYURjcmJnaXVseERJRFhnOWRBd2h3bVg1VnRWYXBKK0ZCeGp5aDdjalVxYkhqaXBnVHRYVTcyVEl5YnJiQzFIak5pdUxEN0xlS0FoanhGRWxnZ3hJM1hqOG9ERHhJeFdHaXdxZk9IZytvWEJUUjUwYlRyYnc0R0FFdHhJSVB5TFJiNVZvQkJmQk5sRDZ2Nm0yNWM4dXpzdjJPTWJVSXRDcDNyTW5wNkdnVUxWeXpxWVQ4YnNMejVhT3ZMMERTMmdXaU9aRnRqSmlrb2tjRTJORWFBQXBzZGVEMXNVRUI3SUFxTElIM2RpSW9sdnBuM0NHM09GbDU1RzV1ZUlOZXVydjdKc3Z1cXJKQUExbEVyeG0xeVVCaVJnaUw2YlE4cXhHNlc1MFN5SDdNUTk1Q212T1FkalZUKzdVVWpoWW5odGpldU94Y3FpU2M3Yk5JTlBMNUN0amYzVXh2ZjljTytlVUdiNDFnZVN6U01Ta3kwUDRMNEpuYVV1T2QxRUY0N3JUdDF3NkIvem1IQUwyZkRzS0JUeXRZUE5PTjl4ODl4YWFDT1RUNmRscmxpa0p4M3BZalBuaVpEaVdTQWhDOXlUV0NuT2pLODlYTTduUUpYaEx3cnlIZ2x0UHV0Z3JlOC9jNk83VmxTZCtOSktoWjRKRXF6Y3FnTG9MWjdDbE1hRkQ1NVRqdmVHd0sxOE5FNGd0Mm8reFd4RktwVU13cmx2T21iMGhaL0ZtZzJYQWRJcXpGYVN3dFl6SFdLUWQzS1U2Szh4SWFBMnlqZGJzVzJxRzBtbWtadHB0YldibjExeUhvMjZaZlI3M2J1azFXVGdXZDRIeHZlbU9BSC9MTDZZUnkra2hvSDA1Yk80dGk0enc2VTdab2pyUXpZNlhZZFhHdnczeHBUUFJ4VFMzdXpQSkpnTUJTeENEUGZpY1JnWnZzeCsweVpiZ2pjKzlWNTFFS3JVMzl1cmJiSmxPNHUxRmVqM2tsdllkTnQ4WVhQdmpsRTlqNDcxVEhFMlN1VE5rVUVzcWRzNXkyeGxmcHZMdFpKV3ZSQ2haVTZpQnlhWklSVzh4QmR1bE9Fc2daanRhbWlLR3N0b0VHSmlIOU50Y0NzYkVwdzZ1MnNIM0hNc0l6VGw3Qm43Z2NNanZsdUhjbFZkdFdGeFV6WUFJTkdvd2l3Tm1Ta3ZHU09ZWWo1bXVWV3NwN2UvdmFORGpPR0xrZGFkdWc3NkhDUWpDWE5MZVNIejNkdkl1bWpucmtIeGM3UmZFR3p6VWxXYk5qSmFwUzZpRk9wNmZLR1V0VTE5K2lmam9KVWVtSlFDRG40UDV0WVB3MEhFMnphUGRQRHZZdzR2WFpXMERjK1BlNkp2aURxZ3M0TlhNa00zbWEvM0lwQkZGZmgxU0ZvMjZCMng1aXF3MStPcDU2SGtLdVBtUTd0TGRGWm9UQnIxcW1vcldCaGJnQjNIRHI2RitrQkpETWVmNUhZSHhLYmZzR1FSS09lRmRrc0phOVdOckI2dS9CRUZlYjZvbWFDcmNMTjRHZTdlL3ptTU5hMk9pWkNhbVZCcG8rRWxZMVZLQUNiZXRyK3IzaTlwKzAzUEE0QzREN0c1Y3Z3OGgxUlQ1UFRMSlZ3M3hUcjJBb1BUcmloVllmZFdRajgyMWtIdDVlZFBBbTh0dlB0NVlOOTBuYlZ5VDVxWlVrU2JlTUp5em1nb3ArdU9Qam5SN3M1amVPdTN0c251c1JNajFoeHEwOWRuN3VxbTQ2akpOL3hnM2hxRHZoUCthdG1Va2NFOE8vM2s2MG5FSndBSHJxUFBRbnMybFRWM2taMmlwMjc3dll0UWdZa01qa1lsenppU1hsRzNPT2JYMEl6NllwblVyRkpGSWZsUzNza3diMEJSN2ZJYkpFdGZ5elR5d3lJeXY0aVNQTEU3aG9ucWVZU1lKeldITUxzdUJOQk43VjRpbzZqOWU0UkhkZk0wOWEyS3JoQUlXSmptMU5maXZmZXNGL0JzQ3ZsL1JCZEZXU1l4ZzNCTGlxdERxL3N1QjRVVnZMekZ1TE5sQlN4Q1pIdnpscW1sOS8zaUtlN2xUL0hTR0JXWVZXbmJSdmpHNlhxeEFyWnNFMFpkQWNLM04yc1pXS0lCazkvU1JEN0J1b3Q5L0tITEJ0SlYvS0F3V0Vhc040ck0xV2RPelR2YU90S0FTMGNlR3dNNXBTYk1vR1M2RGl6TGYzWUk2ZFV2NkNRaGxwR28wUmtEZFlLdlNvdS9wSEsvU2djMlZteG9EYUcrb21TU0J2dkxkTGJXVXpMaTk1T1RyZWwya1pEbnNldmtuaEdlcmZjQ0xDSm13VU0wcjN6WVJlZllyMmgxa2hmT251VGNwWTVnM1NuMStFY0hUWk4yZHpQSy9Bb21nSEtpRGUwWlc1OHk4RUFSVGhZUTRhNlU1UHFYaGxkQWVyenpIekhHbmFUZ3FrREV5T2xlVnJUZ0M4L0xzdWdjTnh1cWJaWjBCNzVVWUNwM0wwNzc2VWN2b3VEU0lGekZlNzBsZlNEVitMT2JtUmFaVEFDQkVUVDM5TEo4SEVVc0t5YzIxRFY5YzRVT3R6aEQ1N0FWSVNzMlcyRDdrOTh3MHVwMmIzMkZKWStZeDNpUG04Zy9oSlhTaGpnaHNKVFdaTUVCck5HT2MzdlY2TmFiSnJ5Zmp5VWh6cVRmejRMUGo0MDdhSVlLaFhLU0RzMkRzKy9aeStpUGpuWThNS2tIaWVCdWgzcDFsZm5waHl2Q0c4VkhUWitjOUsxSEo0WVRWaXhicmtUM2I2R0JHcmcyamxKRkUycmpWcGNhVnRDOEJTeHJ6UlR5N1lLOTMwMFh1ZGJSeDV1djJsakQ3WHhmUEFoYTBJVWJ0dXlkOHROR3JYbnk2NjBUWmkzbUFDbVBnWm9wWWxiUWxTSjQ1UkFtN2lCTkF4a3N3OFE4ek5jQ2Y1d21JRGprWHRqNEV0WDhrRnRSU2xCc0tuYmJyTnhNaFRucW0xMDNBZWNZZWtiUkZ0SEhza1p6S3ZSTi80VVNjaUpTRzJ4S1lPa0xDMEd5WkhTSVhzOFhPTHhSYThTeFVsV2RSWDRaanEwb1owTm5YcFRJQ2UrRHpLZzlQTmxza21CcGZBZnFZNmFTRktCQjN3cnVWQUxoT3JtQ0QxOFdHMTExRnoyRjZhWUFoZGh1SWdBZjdJSjBTZ09ra1JpQUR1dmN6anBTL0VYRm4zemY2KzZuSjVDRS9FRDBQT2N4Y2dkR1E4bWVDMnN6aE1rdlJXNy9WQndxT2V6WHVDUWlxMktTWTZRN3ZBK2xZK1ovN0tBTGRLZHFFcXYwbGxYQWEzd1ZLeERycEdTcFpTTDZzblpONVBkbGxTRmtld0FueG90Mngwa3JEUXhUeWw2blZ2RWlITDBYa0s4WjU2UTJKR3E1QzNld01paUNXZmYrS1E2T3RnaHEyOUNBMmZVRnZTVnFBd3NVVDh0T0N2QTMrcTVXbmZTMFE4UDdWcDRxeXY0djhOK0ppdUpZQkJsOUhGb0JhTmw1SVQ4RTlnL0x6czZSNWRvemVZTWtVMnNUdXdOZ2RzK0cvVkN1Nkh4dkZxYjNhTCt1bWhscEJRVVFodER4NlV1bXpoc0NDZWtObWFJdGcvSlI5bHRMcXFxemNMbVdkMEY4NkhuQUtDL29jVkxvc0docDJvNkYwTmk4LzRSK1VqbGc0Q3pUU1IyRFZHSzVoa1dLbHp0R3ZvOVJqaFpmcmVQbUVpcjhJNWxKTTdjYy9MOTg1NjhvUndHOG4vQXhqakY4RytNaXN4RWZaN0ZjbmJPWkM1WUFoSTFQNDZ3OHBPMkVXRU51T2dKWEJtNkd6cU5jRVhmWDdDQW9vRmxtTmQxelZQbTBOTi93TlYwSFJYNWR4ejlIbXNyWXZTMGMyWStrZjZ6aWVBcUNiVEFjcjZOdjlWNlFzNmg2MGdCcnNURGY1c3BRQjFqZkpqWFduc21rWnBoTVBWTUZoemZKTkZhTmR0WEh2bXkvdXYvcHUzdkZEZVlTc2NUYW1kUmd1amtpVnNTUWlsTjlqdXZSNDVLRjNOckRMdklYZS9pdzdxN3lCK3gvSlNTRmN2Ylk4Qlp5VDRnYVU3dDBSMjN4ZlRTMmRvRlJvZkhaaVBSWk9QQU9EbnVSRVVFckF3TS9nLzZPSkt5WXJMMURxYjRHZjY4UFZabEJoSUFMbno2NCt0TW42ZUZMQlJsdGc0cnlsU3RuOWJXaUoxWlNGd2pFU2RXN1Rud05rSXlDVFpVTzA3enVrUlFGaGp6bWlyRWtKdVdJYUpWWlNrVCsxTVBLZFM3M24vQ0RHYzZ2amswRUZsMEtzM1cvOHRIRVFnMDRaWGpPODM1NVpyRy9zOUpOWjgrdVhPNVBJMjNIMG4rdHZGQ3h4bW1tRzExTThPMklvdkpLcWtDNnZ3OFBQNzZ1bE5ZeTQ4QWRJRTRlTkFPS0hJYzY3TFVTRlhjeXMzeUhWQ0x0MHNlQkd2QVJ1K2hOQ0RaQzI0NjV0cndscHNVaTJjQmhDakdEbVB0WXJFZFIybHZFNjY0aVRnSmUyaUo4Rkd4dklkZHhKdW5BaUwzUUFhR0t1eW9oMm5ydHRHaUYwOVdyVmNBaGdvU3JtaGJKNzAwQndNUFRManNydVRhcXV2aU5wVTI3dVN5SlU3NG5IK3pYMzRjck9Jckh2M3lEcnN2RUxVaDFhYXlvUzBQd2FrRHpEaWxPbXo4NDJyOXVjNUh4TjF4L0N2TDRBVHNtVHNZY29qRldIWEpmNkFrTmFhS3c5ZDNJTlg4allLVlJnOWQrekplWGw3VXZ4Z1lIMVh4RXBvd2Z2eFdsckZhQTVYRXQwMG5BRS9Ncm10NFl0b2JjQkkwRHAwTG9NSTk5dUt1YVNIYUkrY3QxVkdPMnpBelFUclBQOU5FWXVvRTlXZG9JckxONjl4dUhZdjV0NVFHMll3U042V2xBTWFVenprdUJQbldHZ3FEdXhkbGhhMm4wOXRjMjFBOW9LY05ZSWlFTkovV256aEFVdlVsYUtrK3dRQW1KTkdtanhhUHovM0YxMndzT0xMQ2VVTXVLY0lhbGpQM00vSSsyT2pYTTJSN2lRNlFYRGNING8wNGJZMms3MTViKzRucHRoOGR4Q0Z1ZGhwcW5hZVdIK2JuSTRsdnE3cHVPNkVqcy9aS0o1UzAwdHRjTFRLWEtTYlNCQWRiSFNSZ1RJVDVwWUQ1VU1QdEl4SUhUTWpSazluRjU2d0k1S1RxQjlYUVdIK2xqcUgrZzlvRzQ0emxmTk9KQXA1bGFKbS9KT1J3MjdmMnhCSDFsaVlHV04xNjgwOEJCenJQczZTamhUMXRvYTR4MUo1eDJQUjVSRjJaanUvbnZaVXZscjVBYVlHa2l0QXJnUW1aOEd3TEpsaGFwUUQxVXRJMDdwZ204VVRvaEpCYWx1U2VXaDlzZHVhM3hDdVM3WGE0S2FIRm5PazlYMkRhLzVHUlRDdFVzSkhkNFVEdXcyYTNldHpuREhZZ2kvdjJuUkhZalo0dVJWZWtjNW13ZnIyZ1N4Znp6NVZQQTN1QTVlNERWRTN3anFGYTNmcEJ3M2VNUm1PZkdHTUlyQ2VkS1V2c01KUmhjNFlYQzRvZGwvTWxsbnF6YzNlZG9vekZ3dU1ZU3N4dStFMmhZbFc1SWE1QmJyL1JuWUJjejZKL1lhTHJUbXNJenJtcHV6MGFtSVc0cjhEd2dZUVFrdU42WnFYc1BFdzBBdmVPRGQzSitJQzRkWnA0ZVdaSm9PT0tPNm1OTzU2OGNqYmF3a01IcnFFSDBKR1pwV0dVdmJ5cWRscUwzbm1rRnRXZ3d0dnhLcCsvMzVCQVlZeHRUaEw1MVJxYXBJeU5nQTFkTnhMVlFUVHc1UmdJWHNwR0RwQTBEYlE0WTVxdnZDOEp2SXRWYm1BOTRpbElpMzRnNnFvcTMxNjdhR3hSYWdHVTdWRmQ3eVQ0cEhFREhMVHNyVWJuT3lkMzNlTFlpZXdYRHFUNi96dURGUHNDM3hCZG1hUTNkU2EzL1d4N2dCT2JKckFWTVQyTWp1bkJCRTJVKytLb3ozd0xqQzVMaTNwT3JlcVJmcGJhcXgzZ25vUGdDUWtPcC9oV1QvbGFDOWs3WkE1S2FONWYyUnBDUEZ0aFpxbUxmamFwSURwWXpCMW43RVpsd2ZRYUNKSzluQ1cwK3lQdFV1MTlLbll0dXhZN1I4N2ZaUS9OS1Q1a29lU0ZKRThpWGpGTmpMcEsydHRkc1RKZ25ob3dvT21pNmkxcVlQRUlUZ2hCUGhKKzlvQ1llUmZoKzdST04yNVpFOXJIVHgyR1JFTVMwbVo2ejZJN0k0K3lOcWtDQjZqeE9oR2pSKy92aUM3T29VeHYwQlc2aTRhVlpHWERVMWQ5SlNHVStPMFhkMzRuMlh1TGs6OlD8pYhGBOn+5qhCXGnhfx8=', '2018-11-23 17:04:19', '2019-01-06 09:27:29');
INSERT INTO `employees` (`employees_id`, `employee_id`, `name_id`, `position_id`, `contact_id`, `account_id`, `gender`, `signature`, `created_at`, `updated_at`) VALUES
(7, 1523456, 50, 18, 38, 76, 'M', 'OTdLclRhOXd4Q3MxU2wrNHMyTGxtcXVkTDZSKzBLWTJFRlVvZUpDTHJFSitrWnpSazE5eG5yYWZkcEtMWkVPMEJrRVh1RG45eFlXZjVJVFdWKytVVzI2R1JlbXE3bFZFaWg1SmNEY09EcnBhOGJrNWZ4K3huNnVSMktNRmxBTm1pVTgvVGlqa0t3WFE4dG5aLzV3YS96MHZDVmpmYkpDN3FUclZ2L0lxQmR1SlZIYUZwZTZzL2tPWk5vS0tmbUpEYklBaGthak91a1FxMDNaWU13RUtuaDh3eEQ1MDFmU1FjaDNyUER0K1lIR1o2TW5ldU81S3g4bkptZDdKUDE3MWg0UHdac25YQm9KSmhoOGwvNVZTWVN3anp4eWZ6Tnl2ZFlGSmtjRWttTTVsRjl3N1RvK2gyZEltSG1xbCtwaVRwajlDYVFiRldWOVdmTHNsa0VRamlMTUJ0amo2eWYwR1hLQ0I3blVPbll2VVBLTndORjI5WUZiZzhWQWV0eFlhdFJ0NFpZYUFUcnJCNXBwR0hldGs0Y1h4TlllSW1KdlFCK3VJOHdITGRIVUxiRURkd0VxQ2I2dXNKV2xLd1VJb3JvVElYbWorelMyWGgxa0RIRDVFcVdRdTdqNml6ckdvL3luT3dJZEIxK1gvTHBxK3pFc01wS3RNRy9jSXFHM1VmSW8zMTdKdS9zOVZ3SGNaa1BSN1FaUWZZR3ZFcFNsT1JzYjBaa29CS20vT0dSMGpPODV6NXBGbkJlUWRmWkczdXl5cDlYNm9xclBkYVljVThPZ0Z2a1lXcjdwNE04VWVJcXRVSUwvSEhRVDJLYXVmU2xiLzlJNjYzcFdJTDVodktVcXNJTXpQU3k0VkxjQzhBbXN5ck5vUkxtNXVmRmREV0k1TW9xc0lTTTZBb0hTS2tyUXVRdUhSdXJtSXdwUUMzRVhHQUVyQVFoSURvcUVVQkVtYWo5d3U2cGJWQmpWSy9UU0pHcEdsMjQ2OTFibUFkdHFEL1g3UVdJR1oyVUs3bVFueVFnZUlhY09jcC8rNjdTYXRCZHkwZGpIRDdBRkloWG4rZDAvOERKQ2tQNmRNOEVueFI3NmxMNkwyOWpMK2pQdkNTaFN1OGpaK3h4TmZKUy8xaGcyaHhNRzVGQ2YrSkpzUEdiNXZiWWNLcVNvY3dGK2hEVE95NDI2U0JiZW1Bb1JYdUN4TjZTbmREMXZwZEh5Ri9OR3dWU3g3Rld1OEc2aGpKL3dHTTVHV2VuQjgzTWFTblRWY3FCcFRqTis2VWtZZ21VODFFTGlYV0xEUFFuQnFycnlBRWRQY0VaYTRFN1o0VFF5MkRuV3FvU1BSYXBOa1NtZ0V3RlpPblJPcWJEb2o5OXNOVmJLYTFEUURuQnJOdXljSFNUazU1Z3h0eDh3YWozREJUTmhaR0tHRXR5ODJCQXBLK2xidGhiMUlGcmNETEZLK1B6elgzbDZnb0dPNE9UcHpFbHBiYS9BY2pPZnAxMXRQejhqc3BWdE94YkdXRmpSLzYvMmIxMFNyL0YwbXl1MDNjdnZjQzV1RkovcHZwamsxNklBUUNzdzdLK1p0UkRUN3A5Uk5ML2xYTnNYbm0xbkxSVjBPdktBUGdWaW9uUE1Vbkg0K1dXbW95a3Vabk1pVzhaTk0wV2s0dHZzNjRYZE5zMFdwUVpUKyt0dllNc3BSeWI0Y2hxVVFpcFJHWGNiYTN3anRuOUt5NU93TXViR1RXTVZjWGZkU0QwdTlZUHpXRTBhTzQ5TFFvU2IwWnNQWGFSSFdOcFJFT0NzSW82c0Jabm9VY2VvZlEvdi9nQitCdTZuYVNrRVdyVFhLV3dSRGZYa2ZKb2Uya3lYTWNGMmJyUmJuZzArTWg0OG0rVDFWY0tIMFZKVFFhUCtvcndkS2pLczc1VllDeENGMi9ZZzVzR0xpbUFPdTNVbXY5MTlTUG9xeHgwNm42dWlqakNwb1RlaUxQTVVTLzdHV0dQVDJRc0hXcnp3aldSaWZpd0tFRHdrTFp3NXcxMHcxc014MStKY3I0dTcvYlRSQzJEbVRMS3BkTkZBcWRqWDR3MGlqQjgzb1dSRU9mWG1Xam1oYStQNWl5dUZiTDZuWU1Ramx5TVUzcHg5SkxmY0JQT05JV3JBcHlRdzZNSWJwdzZaVXNFZGNrcjg1RVgxN0xqd3FEd2ZlT2RTUnEvN3ovWGxmZzR5M1o2YXZkMGltWnVDVWE5WmdBenZpeEtkcG9JTkk4UEk1akY0WlUzQngwUEtJWUN0MUx5V2k3VHNQOFRnSTFteEo1bXEzRHExZ2dudFRkRTJZMk80Ty9QQUJtc3pSOEFZdERHNkFvQVI2TFVLQWN5OFlkbURycU1reitJTWxEOGxiWkFITGNrYk5VVkVsZHd6Q1c3a1FMeGFNWEJRV2dOQkhwa3o0cVFYNVRycWo3Z2kyNVdiMnBpejFzRnRMNTBNWlVmaHlYVWRHSEp2d1plbHh2cUhEUVFNODlwMmkwYllpMjJSaTFNcXlJMTJuWS9aZTBlNGJtNHJhb0VKd2FGSHpzdWFYenZqQTRCVkQ5akxXZlZVd2NrNXBVOHRvVldrQjlsRzR1NUJERllEMk9aN3NzMlhtdjNXU0Focmw1ekY3M1ZvaGJDOE1qQlVqZFY2K2tOK1RxajZTVmhEREs2QjhqLzRRUE1RdENkZkNrZGR2eXcxNE5KSHRKc0dXT0pqeWFFWUx0VVVTVjhLOS83S2JzdmdyYkdBN3FGaVIxMTV3TlArSEJwdUVHQXVWZmRCWnpabjhBSzFoZkwvazVkZVg1UW0zK0hQb2RGWEhreEdUeHNvbEkrdldTeitHQUhLUzlZRHlmN3B5L3kwL3M1dWwrUTRycGVBckYwMWlrR20yNVIyVk1GYU95MWtGZERCb2lIY1FpTmVJWURvbEp1aVRrbjZHZ2VWbkJQYkRRU0ZkeEJOTWNJb01RRk82NVk2Slh3TDh2MEkxT2RUaDRUNWNMUi9lZXhBZmFrcTgyWnZ6R2tObTlFYTQxcU1wTXAwRVpaamhmM3hBV0p1RklZVFhZeElRbFpzZVV1L3Q0ZmdHeDcrdzBwTzQvaHdIa1JoZHo0OWRVMTNEd2dKL0xOMkE0RUZzMjBVYm1ZN3UyR3Fla2FSeXJ2bU1JeThNRmhYcER2YmxsVWZLZEpnQTdUODUwRmRwRFNhbEMrU21URFN6a1BFVmpTTjc5RzMycERyNkhTcSt0VWo3UmhkVldSc0MzcVpXdCtHK25Oc21HdWtPRjZoOFZvUWNBWG9IOUxkL2tYRi9HVVlGRFRTNVdxenh1TGtMOGpJRUVDMEVVTmFjTVdvR0xETnhSYUhDamRKUERBNUphS3BzOFprWlZ3amJuTzY2NVo3ejhNNjNpbXJHTE1iVUFibkl2QVpRaUN4bkNtTHR6bjRUeWMrSFBzT3hNQkpZdDh0VHQ1SEZlU09JbUJJUWNJbmxab2JPTk02ZG5Uak5BUGRkNDZGMUpjQ1lTeWRCeWo3Smp1UEtjMVJVd2k3NXhZbm1vamZ1c3dhV2VCSTlRVGs5QUp4ZWsveTh3eDdMdDZkQ2E5NkJFUkRGWEhiaXNtT0dnTDdleXRWVXhHTXlobXZDaVVOQytTZkNOS081eFByNEFiSWRYWTMvSmZXWVZMbTZpdFlzWStrUEkva2ZHSG5UY0hUZm84NlBSZWtESCtKMDM5ZWEyTUd5TUVEWVd6d2x0VWg2dytNNG1IeXRRVVh0SGNiNTNSQkcxM0hXSjFMLy8wajVVM1JmbWUwc25UQllnRTN4TkNBaDM0Z2U0Wkx0TU04dUZyUWp6eGdrNnBPSVVicDFkdElZKzVHU0djMGVRdUowZFJmNUt5Y1o1UHE0aGg0SHdEa0pHZkZIZ0dIR3lqdXNHc3o5Q2x6b0FQVjQ2NHpYRjA2cEpBOElyb2xqcnA3dUVjQlAxaGY3NUZCb0h5QkFySHgrR1BFNElNWEpPVy9mSlBHV0FYeE9jYXRFR0RuaUZ3enVzbzR5L3Fod01pcUR6TEk2UkVJWVBNbU1EUlAxQ3liN0Q5ZVhwRjZvZk5LN3k3OVA5R3gwUEJrbDlZNzYxWXMrYkNiOTloUGFmS3hiem5RaVZHMDRlbVVQN080dFNML2tZRmlHeE1DaXYra0ZxellsUzZJOTNMVDhqWDdYTERnL3VkVHlQWmVGSnNMQUJKM1hSSzZGM0IvM2lKbThtVE1aVWFZNlBCbUMzTUJTMkc0TkZRaHF4NENWVlBmbitUQXUrY0ZmbmtCNGJXNU1ObWVRcS9JOW9Jak5weTRhWGpGbTRtY1Nyd0hXY3NBRGRUOUIxRGpGc0pQL1lJay9rS2puYXpmR09RcmxoNlZ3NmFmSERRd2ZrK3gzUzFacnZOclREWmZNbm53NXdpMUQ3L1h0a0JwR2VKOWRucXU4cTlZZUtELzJSZUJYQ3BJQzA3eWJXM3huS014ZGpnbXczMk03MlZNcTZlMTBxazBaZjZVS2tDWUpKRHRPalc3MFV5enhOVU51NUJCcGZQL2IvMVQveGdLczdxZjByMEhkMUFTOHh2enM1cXQrbmMwQnN1a0Fkd29Oc3NmZGJYWmRidmFuVk5SaVJoRmYzS3lWekNiM2pYSFNhb1dkR2JQc3dnZ3kyNno0TWs1cjhnQjQzZkRLcjg5UjIrZy81ZTFZbFRyaVdGUlZ0d1lDQWhESElBQkhLZ2hDZnc5RXg4NmJsMzMxYi9yNHF4dHJOT3JrWEc5bWtyVHZ4QkVxeGVENUw5OGZsZlQ1VzQrYVBvcmVaRjNDcTNyWlBGaXEyUTYvT29OTE5IcjdzZUlHZHBzbHN2ZFpVRlBFR0Z0T3JFMjAzbkt1VWJXcldMNUgrMkUzMHdKT2psdEZYTlFvcDJsUjkzMHJiUGZwT3RtY3NVaVdKbWpHTWpmbjRYQmpscGpsRnE3N0FxZ2tkNm5WMU5Bb0YwZzVnWUpzUThMVi9VVzBsdjAwWGI0Z2pnQ1BFeEFKNSsySVRlcVhnYVJVOVJaMlNneW9JYWhUNGdONWxseW5CaE1ydHJoalpXYlpTZWdubTVSSkMzUENlc3QxZ2Zjd3BqdnEwWGkyYVpkcW96ckh3WGtEVWdhd1JOaXpKZWdDT2Ura3JUY29FcmFQQnArR2NUNmRSOXl2NzRnMllveDdvM09jUXg1SHprdjhpWUVVdlpYakY1aFZUY3R2aGZlSVpSUm5KOEdzck9HYklkdmdsbFVYYTdsajlMdlowc1hYYUdic0J6ZDBTR1d6TnkxV1UyR0h1VDlhMktDQXJ3RjdDWnhmTW9FS0VNWEhsZDU1QkZWenJNUXhFRlRQTXA0NmVrREFXM0lGTFlGbzBNZmQvbkFyMlRMWnB2WERVc1YxeUlTREtyTmo0bDBBVGdtSkVXckFvbFo5ZUlaclQrR21uVHBYM0MwY09sQ3BJdnozbVJvTjZIa0hSL0V3dm1aRDVPamRLSGkrRTJtVXdDcGxJVEo0R0FkcFB0Rit6OEg1UHpPNGUrN0N2THdnd21jdzY2SVNERjZ4NHcrdU52a1dsUEE4N3ZIM0xrN1BRMzdOS3MrOUZvcXprMDgyYTR2RFcxWjZ4UWlzb1NRUmE5UDgyREU3eWRmNE5hKzdzc2NOUDZKSXlHOW5qWkV1Wko0c0NrMWlmekU1SVlwQTBaQ0dNSWpIVHpoSTVDdEsxd0VLVXczUEdCSUVqVUF0WmtqWGgxNDVqZUM0bEhwNHhRb08zU2tvTmk3Q05SaTBxclAveDNWTm84dTArUHp6QVU1SGwzdXpUVWdGeUtCckNMelU2ZGlsTjdJNGh1VnhKQk9pSjZMbGlJeVZnY3U2VzRLNlpDQ3FJVEhqSXVxRVdQZHhTb3gweTNtUGRydloveXJ5dTdBeHVHZmZXa2huS0V2dDVUUzJxbUtXRGZDMmdvL21wK3Y5U3hFT3VIOFh2SFc3bFp6bzlqYWJGdWlJYlhyK3YyVEVBVEVVaklML3lyQmQ4NlVUZlR0VDdZejBhMUdhaW9RcEVaR1FzWDRockJBNzNMWjlXMlBTMWxRRUJ1SUNGZzlvQmpzKzBzdTJDdG9vbUZKRkh6TjZNMUlIQ2JhK1JzU0hJN0xZRU5INFIzOGI0NkNwYlhjWGwwdGhTeUtJb0NlZktpSU0yQ1ZBTkdZVVZCSGQ4SjgzT2EwOGMrS0ZsSW9GWTIyaUlVeElNdUREZG02ZnZRc2cxbDRQVWl2ZWpZTGpIMHpEMlNsWTI5YjNUcHpjMm5wMHZWYXMxNCtkZVJSYjJKTmpVQXNKS0pLL0drdWY5c2tXVDF4NDV6RGFMYUxuVlFEZFRIaTRmdTV4VG0yMERrR0J5ZFQxbC8xYzhVa3E5RFZoZm5Ka3FKL3lYMHUrcTRrRU96N0hHR3R3MmRaaHVyN3NZSnBldXdLY2QwbFZFbFc0Q2pLT29NTDBISlBLN2dsWFpudk5EaXFPUTVGUmZYOFMxLzhIcFVZYUV1a3NaYlNiZ09GZGdLMkZGMEdmbGxUaEFmbi9NMnBpL25kZUt0Y0xtK2JSR3BpMXJZZ2tmanlsY05LM3NlYlZHUVhINHdLdUxGWHpla3dveTdrR1pWdE1RakRmbGxSVjJycElXWGEwL1VOb3ZKRTRJdzl4ZEFNSmpCOGVSOFVqN0dqNjJ4OHc5eTZPbVBVdllvbi8rK3pjb0J0VXJiTXBtOWdLN1VyZDRRQ0hac2VweXJQUkQxbm1pcXU4WjFUUmNJaFJxM3FoUUJXNlZTM1Nyd0NPZGtwWldvbWJ2QkJhUTljVkx5bm5PTEg4SDdyKzhwcCt6aVNxTlBtalZTU2x3YWpLTk1NUjAxK1BQam84N0twWHFrTHJ6MGxiTnpRSDdSOXlwVlNyRUFUUDUvaUFSOXFZb0pMdjNDbGx2YzhzblN3Wmp5SXBENTBtZ2VIWmhQZHBJdmkwTTZSVGdEYW5NbTg4cXBpTDdqWW0zTzhwbDdFVi8zdXpoZ1ZmallyUGlNREhjYURjcmJnaXVseERJRFhnOWRBd2h3bVg1VnRWYXBKK0ZCeGp5aDdjalVxYkhqaXBnVHRYVTcyVEl5YnJiQzFIak5pdUxEN0xlS0FoanhGRWxnZ3hJM1hqOG9ERHhJeFdHaXdxZk9IZytvWEJUUjUwYlRyYnc0R0FFdHhJSVB5TFJiNVZvQkJmQk5sRDZ2Nm0yNWM4dXpzdjJPTWJVSXRDcDNyTW5wNkdnVUxWeXpxWVQ4YnNMejVhT3ZMMERTMmdXaU9aRnRqSmlrb2tjRTJORWFBQXBzZGVEMXNVRUI3SUFxTElIM2RpSW9sdnBuM0NHM09GbDU1RzV1ZUlOZXVydjdKc3Z1cXJKQUExbEVyeG0xeVVCaVJnaUw2YlE4cXhHNlc1MFN5SDdNUTk1Q212T1FkalZUKzdVVWpoWW5odGpldU94Y3FpU2M3Yk5JTlBMNUN0amYzVXh2ZjljTytlVUdiNDFnZVN6U01Ta3kwUDRMNEpuYVV1T2QxRUY0N3JUdDF3NkIvem1IQUwyZkRzS0JUeXRZUE5PTjl4ODl4YWFDT1RUNmRscmxpa0p4M3BZalBuaVpEaVdTQWhDOXlUV0NuT2pLODlYTTduUUpYaEx3cnlIZ2x0UHV0Z3JlOC9jNk83VmxTZCtOSktoWjRKRXF6Y3FnTG9MWjdDbE1hRkQ1NVRqdmVHd0sxOE5FNGd0Mm8reFd4RktwVU13cmx2T21iMGhaL0ZtZzJYQWRJcXpGYVN3dFl6SFdLUWQzS1U2Szh4SWFBMnlqZGJzVzJxRzBtbWtadHB0YldibjExeUhvMjZaZlI3M2J1azFXVGdXZDRIeHZlbU9BSC9MTDZZUnkra2hvSDA1Yk80dGk0enc2VTdab2pyUXpZNlhZZFhHdnczeHBUUFJ4VFMzdXpQSkpnTUJTeENEUGZpY1JnWnZzeCsweVpiZ2pjKzlWNTFFS3JVMzl1cmJiSmxPNHUxRmVqM2tsdllkTnQ4WVhQdmpsRTlqNDcxVEhFMlN1VE5rVUVzcWRzNXkyeGxmcHZMdFpKV3ZSQ2haVTZpQnlhWklSVzh4QmR1bE9Fc2daanRhbWlLR3N0b0VHSmlIOU50Y0NzYkVwdzZ1MnNIM0hNc0l6VGw3Qm43Z2NNanZsdUhjbFZkdFdGeFV6WUFJTkdvd2l3Tm1Ta3ZHU09ZWWo1bXVWV3NwN2UvdmFORGpPR0xrZGFkdWc3NkhDUWpDWE5MZVNIejNkdkl1bWpucmtIeGM3UmZFR3p6VWxXYk5qSmFwUzZpRk9wNmZLR1V0VTE5K2lmam9KVWVtSlFDRG40UDV0WVB3MEhFMnphUGRQRHZZdzR2WFpXMERjK1BlNkp2aURxZ3M0TlhNa00zbWEvM0lwQkZGZmgxU0ZvMjZCMng1aXF3MStPcDU2SGtLdVBtUTd0TGRGWm9UQnIxcW1vcldCaGJnQjNIRHI2RitrQkpETWVmNUhZSHhLYmZzR1FSS09lRmRrc0phOVdOckI2dS9CRUZlYjZvbWFDcmNMTjRHZTdlL3ptTU5hMk9pWkNhbVZCcG8rRWxZMVZLQUNiZXRyK3IzaTlwKzAzUEE0QzREN0c1Y3Z3OGgxUlQ1UFRMSlZ3M3hUcjJBb1BUcmloVllmZFdRajgyMWtIdDVlZFBBbTh0dlB0NVlOOTBuYlZ5VDVxWlVrU2JlTUp5em1nb3ArdU9Qam5SN3M1amVPdTN0c251c1JNajFoeHEwOWRuN3VxbTQ2akpOL3hnM2hxRHZoUCthdG1Va2NFOE8vM2s2MG5FSndBSHJxUFBRbnMybFRWM2taMmlwMjc3dll0UWdZa01qa1lsenppU1hsRzNPT2JYMEl6NllwblVyRkpGSWZsUzNza3diMEJSN2ZJYkpFdGZ5elR5d3lJeXY0aVNQTEU3aG9ucWVZU1lKeldITUxzdUJOQk43VjRpbzZqOWU0UkhkZk0wOWEyS3JoQUlXSmptMU5maXZmZXNGL0JzQ3ZsL1JCZEZXU1l4ZzNCTGlxdERxL3N1QjRVVnZMekZ1TE5sQlN4Q1pIdnpscW1sOS8zaUtlN2xUL0hTR0JXWVZXbmJSdmpHNlhxeEFyWnNFMFpkQWNLM04yc1pXS0lCazkvU1JEN0J1b3Q5L0tITEJ0SlYvS0F3V0Vhc040ck0xV2RPelR2YU90S0FTMGNlR3dNNXBTYk1vR1M2RGl6TGYzWUk2ZFV2NkNRaGxwR28wUmtEZFlLdlNvdS9wSEsvU2djMlZteG9EYUcrb21TU0J2dkxkTGJXVXpMaTk1T1RyZWwya1pEbnNldmtuaEdlcmZjQ0xDSm13VU0wcjN6WVJlZllyMmgxa2hmT251VGNwWTVnM1NuMStFY0hUWk4yZHpQSy9Bb21nSEtpRGUwWlc1OHk4RUFSVGhZUTRhNlU1UHFYaGxkQWVyenpIekhHbmFUZ3FrREV5T2xlVnJUZ0M4L0xzdWdjTnh1cWJaWjBCNzVVWUNwM0wwNzc2VWN2b3VEU0lGekZlNzBsZlNEVitMT2JtUmFaVEFDQkVUVDM5TEo4SEVVc0t5YzIxRFY5YzRVT3R6aEQ1N0FWSVNzMlcyRDdrOTh3MHVwMmIzMkZKWStZeDNpUG04Zy9oSlhTaGpnaHNKVFdaTUVCck5HT2MzdlY2TmFiSnJ5Zmp5VWh6cVRmejRMUGo0MDdhSVlLaFhLU0RzMkRzKy9aeStpUGpuWThNS2tIaWVCdWgzcDFsZm5waHl2Q0c4VkhUWitjOUsxSEo0WVRWaXhicmtUM2I2R0JHcmcyamxKRkUycmpWcGNhVnRDOEJTeHJ6UlR5N1lLOTMwMFh1ZGJSeDV1djJsakQ3WHhmUEFoYTBJVWJ0dXlkOHROR3JYbnk2NjBUWmkzbUFDbVBnWm9wWWxiUWxTSjQ1UkFtN2lCTkF4a3N3OFE4ek5jQ2Y1d21JRGprWHRqNEV0WDhrRnRSU2xCc0tuYmJyTnhNaFRucW0xMDNBZWNZZWtiUkZ0SEhza1p6S3ZSTi80VVNjaUpTRzJ4S1lPa0xDMEd5WkhTSVhzOFhPTHhSYThTeFVsV2RSWDRaanEwb1owTm5YcFRJQ2UrRHpLZzlQTmxza21CcGZBZnFZNmFTRktCQjN3cnVWQUxoT3JtQ0QxOFdHMTExRnoyRjZhWUFoZGh1SWdBZjdJSjBTZ09ra1JpQUR1dmN6anBTL0VYRm4zemY2KzZuSjVDRS9FRDBQT2N4Y2dkR1E4bWVDMnN6aE1rdlJXNy9WQndxT2V6WHVDUWlxMktTWTZRN3ZBK2xZK1ovN0tBTGRLZHFFcXYwbGxYQWEzd1ZLeERycEdTcFpTTDZzblpONVBkbGxTRmtld0FueG90Mngwa3JEUXhUeWw2blZ2RWlITDBYa0s4WjU2UTJKR3E1QzNld01paUNXZmYrS1E2T3RnaHEyOUNBMmZVRnZTVnFBd3NVVDh0T0N2QTMrcTVXbmZTMFE4UDdWcDRxeXY0djhOK0ppdUpZQkJsOUhGb0JhTmw1SVQ4RTlnL0x6czZSNWRvemVZTWtVMnNUdXdOZ2RzK0cvVkN1Nkh4dkZxYjNhTCt1bWhscEJRVVFodER4NlV1bXpoc0NDZWtObWFJdGcvSlI5bHRMcXFxemNMbVdkMEY4NkhuQUtDL29jVkxvc0docDJvNkYwTmk4LzRSK1VqbGc0Q3pUU1IyRFZHSzVoa1dLbHp0R3ZvOVJqaFpmcmVQbUVpcjhJNWxKTTdjYy9MOTg1NjhvUndHOG4vQXhqakY4RytNaXN4RWZaN0ZjbmJPWkM1WUFoSTFQNDZ3OHBPMkVXRU51T2dKWEJtNkd6cU5jRVhmWDdDQW9vRmxtTmQxelZQbTBOTi93TlYwSFJYNWR4ejlIbXNyWXZTMGMyWStrZjZ6aWVBcUNiVEFjcjZOdjlWNlFzNmg2MGdCcnNURGY1c3BRQjFqZkpqWFduc21rWnBoTVBWTUZoemZKTkZhTmR0WEh2bXkvdXYvcHUzdkZEZVlTc2NUYW1kUmd1amtpVnNTUWlsTjlqdXZSNDVLRjNOckRMdklYZS9pdzdxN3lCK3gvSlNTRmN2Ylk4Qlp5VDRnYVU3dDBSMjN4ZlRTMmRvRlJvZkhaaVBSWk9QQU9EbnVSRVVFckF3TS9nLzZPSkt5WXJMMURxYjRHZjY4UFZabEJoSUFMbno2NCt0TW42ZUZMQlJsdGc0cnlsU3RuOWJXaUoxWlNGd2pFU2RXN1Rud05rSXlDVFpVTzA3enVrUlFGaGp6bWlyRWtKdVdJYUpWWlNrVCsxTVBLZFM3M24vQ0RHYzZ2amswRUZsMEtzM1cvOHRIRVFnMDRaWGpPODM1NVpyRy9zOUpOWjgrdVhPNVBJMjNIMG4rdHZGQ3h4bW1tRzExTThPMklvdkpLcWtDNnZ3OFBQNzZ1bE5ZeTQ4QWRJRTRlTkFPS0hJYzY3TFVTRlhjeXMzeUhWQ0x0MHNlQkd2QVJ1K2hOQ0RaQzI0NjV0cndscHNVaTJjQmhDakdEbVB0WXJFZFIybHZFNjY0aVRnSmUyaUo4Rkd4dklkZHhKdW5BaUwzUUFhR0t1eW9oMm5ydHRHaUYwOVdyVmNBaGdvU3JtaGJKNzAwQndNUFRManNydVRhcXV2aU5wVTI3dVN5SlU3NG5IK3pYMzRjck9Jckh2M3lEcnN2RUxVaDFhYXlvUzBQd2FrRHpEaWxPbXo4NDJyOXVjNUh4TjF4L0N2TDRBVHNtVHNZY29qRldIWEpmNkFrTmFhS3c5ZDNJTlg4allLVlJnOWQrekplWGw3VXZ4Z1lIMVh4RXBvd2Z2eFdsckZhQTVYRXQwMG5BRS9Ncm10NFl0b2JjQkkwRHAwTG9NSTk5dUt1YVNIYUkrY3QxVkdPMnpBelFUclBQOU5FWXVvRTlXZG9JckxONjl4dUhZdjV0NVFHMll3U042V2xBTWFVenprdUJQbldHZ3FEdXhkbGhhMm4wOXRjMjFBOW9LY05ZSWlFTkovV256aEFVdlVsYUtrK3dRQW1KTkdtanhhUHovM0YxMndzT0xMQ2VVTXVLY0lhbGpQM00vSSsyT2pYTTJSN2lRNlFYRGNING8wNGJZMms3MTViKzRucHRoOGR4Q0Z1ZGhwcW5hZVdIK2JuSTRsdnE3cHVPNkVqcy9aS0o1UzAwdHRjTFRLWEtTYlNCQWRiSFNSZ1RJVDVwWUQ1VU1QdEl4SUhUTWpSazluRjU2d0k1S1RxQjlYUVdIK2xqcUgrZzlvRzQ0emxmTk9KQXA1bGFKbS9KT1J3MjdmMnhCSDFsaVlHV04xNjgwOEJCenJQczZTamhUMXRvYTR4MUo1eDJQUjVSRjJaanUvbnZaVXZscjVBYVlHa2l0QXJnUW1aOEd3TEpsaGFwUUQxVXRJMDdwZ204VVRvaEpCYWx1U2VXaDlzZHVhM3hDdVM3WGE0S2FIRm5PazlYMkRhLzVHUlRDdFVzSkhkNFVEdXcyYTNldHpuREhZZ2kvdjJuUkhZalo0dVJWZWtjNW13ZnIyZ1N4Znp6NVZQQTN1QTVlNERWRTN3anFGYTNmcEJ3M2VNUm1PZkdHTUlyQ2VkS1V2c01KUmhjNFlYQzRvZGwvTWxsbnF6YzNlZG9vekZ3dU1ZU3N4dStFMmhZbFc1SWE1QmJyL1JuWUJjejZKL1lhTHJUbXNJenJtcHV6MGFtSVc0cjhEd2dZUVFrdU42WnFYc1BFdzBBdmVPRGQzSitJQzRkWnA0ZVdaSm9PT0tPNm1OTzU2OGNqYmF3a01IcnFFSDBKR1pwV0dVdmJ5cWRscUwzbm1rRnRXZ3d0dnhLcCsvMzVCQVlZeHRUaEw1MVJxYXBJeU5nQTFkTnhMVlFUVHc1UmdJWHNwR0RwQTBEYlE0WTVxdnZDOEp2SXRWYm1BOTRpbElpMzRnNnFvcTMxNjdhR3hSYWdHVTdWRmQ3eVQ0cEhFREhMVHNyVWJuT3lkMzNlTFlpZXdYRHFUNi96dURGUHNDM3hCZG1hUTNkU2EzL1d4N2dCT2JKckFWTVQyTWp1bkJCRTJVKytLb3ozd0xqQzVMaTNwT3JlcVJmcGJhcXgzZ25vUGdDUWtPcC9oV1QvbGFDOWs3WkE1S2FONWYyUnBDUEZ0aFpxbUxmamFwSURwWXpCMW43RVpsd2ZRYUNKSzluQ1cwK3lQdFV1MTlLbll0dXhZN1I4N2ZaUS9OS1Q1a29lU0ZKRThpWGpGTmpMcEsydHRkc1RKZ25ob3dvT21pNmkxcVlQRUlUZ2hCUGhKKzlvQ1llUmZoKzdST04yNVpFOXJIVHgyR1JFTVMwbVo2ejZJN0k0K3lOcWtDQjZqeE9oR2pSKy92aUM3T29VeHYwQlc2aTRhVlpHWERVMWQ5SlNHVStPMFhkMzRuMlh1TGs6OlD8pYhGBOn+5qhCXGnhfx8=', '2018-11-24 02:48:03', '2019-01-06 09:27:33'),
(8, 13000133, 53, 14, 41, 79, 'M', 'OTdLclRhOXd4Q3MxU2wrNHMyTGxtcXVkTDZSKzBLWTJFRlVvZUpDTHJFSitrWnpSazE5eG5yYWZkcEtMWkVPMEJrRVh1RG45eFlXZjVJVFdWKytVVzI2R1JlbXE3bFZFaWg1SmNEY09EcnBhOGJrNWZ4K3huNnVSMktNRmxBTm1pVTgvVGlqa0t3WFE4dG5aLzV3YS96MHZDVmpmYkpDN3FUclZ2L0lxQmR1SlZIYUZwZTZzL2tPWk5vS0tmbUpEYklBaGthak91a1FxMDNaWU13RUtuaDh3eEQ1MDFmU1FjaDNyUER0K1lIR1o2TW5ldU81S3g4bkptZDdKUDE3MWg0UHdac25YQm9KSmhoOGwvNVZTWVN3anp4eWZ6Tnl2ZFlGSmtjRWttTTVsRjl3N1RvK2gyZEltSG1xbCtwaVRwajlDYVFiRldWOVdmTHNsa0VRamlMTUJ0amo2eWYwR1hLQ0I3blVPbll2VVBLTndORjI5WUZiZzhWQWV0eFlhdFJ0NFpZYUFUcnJCNXBwR0hldGs0Y1h4TlllSW1KdlFCK3VJOHdITGRIVUxiRURkd0VxQ2I2dXNKV2xLd1VJb3JvVElYbWorelMyWGgxa0RIRDVFcVdRdTdqNml6ckdvL3luT3dJZEIxK1gvTHBxK3pFc01wS3RNRy9jSXFHM1VmSW8zMTdKdS9zOVZ3SGNaa1BSN1FaUWZZR3ZFcFNsT1JzYjBaa29CS20vT0dSMGpPODV6NXBGbkJlUWRmWkczdXl5cDlYNm9xclBkYVljVThPZ0Z2a1lXcjdwNE04VWVJcXRVSUwvSEhRVDJLYXVmU2xiLzlJNjYzcFdJTDVodktVcXNJTXpQU3k0VkxjQzhBbXN5ck5vUkxtNXVmRmREV0k1TW9xc0lTTTZBb0hTS2tyUXVRdUhSdXJtSXdwUUMzRVhHQUVyQVFoSURvcUVVQkVtYWo5d3U2cGJWQmpWSy9UU0pHcEdsMjQ2OTFibUFkdHFEL1g3UVdJR1oyVUs3bVFueVFnZUlhY09jcC8rNjdTYXRCZHkwZGpIRDdBRkloWG4rZDAvOERKQ2tQNmRNOEVueFI3NmxMNkwyOWpMK2pQdkNTaFN1OGpaK3h4TmZKUy8xaGcyaHhNRzVGQ2YrSkpzUEdiNXZiWWNLcVNvY3dGK2hEVE95NDI2U0JiZW1Bb1JYdUN4TjZTbmREMXZwZEh5Ri9OR3dWU3g3Rld1OEc2aGpKL3dHTTVHV2VuQjgzTWFTblRWY3FCcFRqTis2VWtZZ21VODFFTGlYV0xEUFFuQnFycnlBRWRQY0VaYTRFN1o0VFF5MkRuV3FvU1BSYXBOa1NtZ0V3RlpPblJPcWJEb2o5OXNOVmJLYTFEUURuQnJOdXljSFNUazU1Z3h0eDh3YWozREJUTmhaR0tHRXR5ODJCQXBLK2xidGhiMUlGcmNETEZLK1B6elgzbDZnb0dPNE9UcHpFbHBiYS9BY2pPZnAxMXRQejhqc3BWdE94YkdXRmpSLzYvMmIxMFNyL0YwbXl1MDNjdnZjQzV1RkovcHZwamsxNklBUUNzdzdLK1p0UkRUN3A5Uk5ML2xYTnNYbm0xbkxSVjBPdktBUGdWaW9uUE1Vbkg0K1dXbW95a3Vabk1pVzhaTk0wV2s0dHZzNjRYZE5zMFdwUVpUKyt0dllNc3BSeWI0Y2hxVVFpcFJHWGNiYTN3anRuOUt5NU93TXViR1RXTVZjWGZkU0QwdTlZUHpXRTBhTzQ5TFFvU2IwWnNQWGFSSFdOcFJFT0NzSW82c0Jabm9VY2VvZlEvdi9nQitCdTZuYVNrRVdyVFhLV3dSRGZYa2ZKb2Uya3lYTWNGMmJyUmJuZzArTWg0OG0rVDFWY0tIMFZKVFFhUCtvcndkS2pLczc1VllDeENGMi9ZZzVzR0xpbUFPdTNVbXY5MTlTUG9xeHgwNm42dWlqakNwb1RlaUxQTVVTLzdHV0dQVDJRc0hXcnp3aldSaWZpd0tFRHdrTFp3NXcxMHcxc014MStKY3I0dTcvYlRSQzJEbVRMS3BkTkZBcWRqWDR3MGlqQjgzb1dSRU9mWG1Xam1oYStQNWl5dUZiTDZuWU1Ramx5TVUzcHg5SkxmY0JQT05JV3JBcHlRdzZNSWJwdzZaVXNFZGNrcjg1RVgxN0xqd3FEd2ZlT2RTUnEvN3ovWGxmZzR5M1o2YXZkMGltWnVDVWE5WmdBenZpeEtkcG9JTkk4UEk1akY0WlUzQngwUEtJWUN0MUx5V2k3VHNQOFRnSTFteEo1bXEzRHExZ2dudFRkRTJZMk80Ty9QQUJtc3pSOEFZdERHNkFvQVI2TFVLQWN5OFlkbURycU1reitJTWxEOGxiWkFITGNrYk5VVkVsZHd6Q1c3a1FMeGFNWEJRV2dOQkhwa3o0cVFYNVRycWo3Z2kyNVdiMnBpejFzRnRMNTBNWlVmaHlYVWRHSEp2d1plbHh2cUhEUVFNODlwMmkwYllpMjJSaTFNcXlJMTJuWS9aZTBlNGJtNHJhb0VKd2FGSHpzdWFYenZqQTRCVkQ5akxXZlZVd2NrNXBVOHRvVldrQjlsRzR1NUJERllEMk9aN3NzMlhtdjNXU0Focmw1ekY3M1ZvaGJDOE1qQlVqZFY2K2tOK1RxajZTVmhEREs2QjhqLzRRUE1RdENkZkNrZGR2eXcxNE5KSHRKc0dXT0pqeWFFWUx0VVVTVjhLOS83S2JzdmdyYkdBN3FGaVIxMTV3TlArSEJwdUVHQXVWZmRCWnpabjhBSzFoZkwvazVkZVg1UW0zK0hQb2RGWEhreEdUeHNvbEkrdldTeitHQUhLUzlZRHlmN3B5L3kwL3M1dWwrUTRycGVBckYwMWlrR20yNVIyVk1GYU95MWtGZERCb2lIY1FpTmVJWURvbEp1aVRrbjZHZ2VWbkJQYkRRU0ZkeEJOTWNJb01RRk82NVk2Slh3TDh2MEkxT2RUaDRUNWNMUi9lZXhBZmFrcTgyWnZ6R2tObTlFYTQxcU1wTXAwRVpaamhmM3hBV0p1RklZVFhZeElRbFpzZVV1L3Q0ZmdHeDcrdzBwTzQvaHdIa1JoZHo0OWRVMTNEd2dKL0xOMkE0RUZzMjBVYm1ZN3UyR3Fla2FSeXJ2bU1JeThNRmhYcER2YmxsVWZLZEpnQTdUODUwRmRwRFNhbEMrU21URFN6a1BFVmpTTjc5RzMycERyNkhTcSt0VWo3UmhkVldSc0MzcVpXdCtHK25Oc21HdWtPRjZoOFZvUWNBWG9IOUxkL2tYRi9HVVlGRFRTNVdxenh1TGtMOGpJRUVDMEVVTmFjTVdvR0xETnhSYUhDamRKUERBNUphS3BzOFprWlZ3amJuTzY2NVo3ejhNNjNpbXJHTE1iVUFibkl2QVpRaUN4bkNtTHR6bjRUeWMrSFBzT3hNQkpZdDh0VHQ1SEZlU09JbUJJUWNJbmxab2JPTk02ZG5Uak5BUGRkNDZGMUpjQ1lTeWRCeWo3Smp1UEtjMVJVd2k3NXhZbm1vamZ1c3dhV2VCSTlRVGs5QUp4ZWsveTh3eDdMdDZkQ2E5NkJFUkRGWEhiaXNtT0dnTDdleXRWVXhHTXlobXZDaVVOQytTZkNOS081eFByNEFiSWRYWTMvSmZXWVZMbTZpdFlzWStrUEkva2ZHSG5UY0hUZm84NlBSZWtESCtKMDM5ZWEyTUd5TUVEWVd6d2x0VWg2dytNNG1IeXRRVVh0SGNiNTNSQkcxM0hXSjFMLy8wajVVM1JmbWUwc25UQllnRTN4TkNBaDM0Z2U0Wkx0TU04dUZyUWp6eGdrNnBPSVVicDFkdElZKzVHU0djMGVRdUowZFJmNUt5Y1o1UHE0aGg0SHdEa0pHZkZIZ0dIR3lqdXNHc3o5Q2x6b0FQVjQ2NHpYRjA2cEpBOElyb2xqcnA3dUVjQlAxaGY3NUZCb0h5QkFySHgrR1BFNElNWEpPVy9mSlBHV0FYeE9jYXRFR0RuaUZ3enVzbzR5L3Fod01pcUR6TEk2UkVJWVBNbU1EUlAxQ3liN0Q5ZVhwRjZvZk5LN3k3OVA5R3gwUEJrbDlZNzYxWXMrYkNiOTloUGFmS3hiem5RaVZHMDRlbVVQN080dFNML2tZRmlHeE1DaXYra0ZxellsUzZJOTNMVDhqWDdYTERnL3VkVHlQWmVGSnNMQUJKM1hSSzZGM0IvM2lKbThtVE1aVWFZNlBCbUMzTUJTMkc0TkZRaHF4NENWVlBmbitUQXUrY0ZmbmtCNGJXNU1ObWVRcS9JOW9Jak5weTRhWGpGbTRtY1Nyd0hXY3NBRGRUOUIxRGpGc0pQL1lJay9rS2puYXpmR09RcmxoNlZ3NmFmSERRd2ZrK3gzUzFacnZOclREWmZNbm53NXdpMUQ3L1h0a0JwR2VKOWRucXU4cTlZZUtELzJSZUJYQ3BJQzA3eWJXM3huS014ZGpnbXczMk03MlZNcTZlMTBxazBaZjZVS2tDWUpKRHRPalc3MFV5enhOVU51NUJCcGZQL2IvMVQveGdLczdxZjByMEhkMUFTOHh2enM1cXQrbmMwQnN1a0Fkd29Oc3NmZGJYWmRidmFuVk5SaVJoRmYzS3lWekNiM2pYSFNhb1dkR2JQc3dnZ3kyNno0TWs1cjhnQjQzZkRLcjg5UjIrZy81ZTFZbFRyaVdGUlZ0d1lDQWhESElBQkhLZ2hDZnc5RXg4NmJsMzMxYi9yNHF4dHJOT3JrWEc5bWtyVHZ4QkVxeGVENUw5OGZsZlQ1VzQrYVBvcmVaRjNDcTNyWlBGaXEyUTYvT29OTE5IcjdzZUlHZHBzbHN2ZFpVRlBFR0Z0T3JFMjAzbkt1VWJXcldMNUgrMkUzMHdKT2psdEZYTlFvcDJsUjkzMHJiUGZwT3RtY3NVaVdKbWpHTWpmbjRYQmpscGpsRnE3N0FxZ2tkNm5WMU5Bb0YwZzVnWUpzUThMVi9VVzBsdjAwWGI0Z2pnQ1BFeEFKNSsySVRlcVhnYVJVOVJaMlNneW9JYWhUNGdONWxseW5CaE1ydHJoalpXYlpTZWdubTVSSkMzUENlc3QxZ2Zjd3BqdnEwWGkyYVpkcW96ckh3WGtEVWdhd1JOaXpKZWdDT2Ura3JUY29FcmFQQnArR2NUNmRSOXl2NzRnMllveDdvM09jUXg1SHprdjhpWUVVdlpYakY1aFZUY3R2aGZlSVpSUm5KOEdzck9HYklkdmdsbFVYYTdsajlMdlowc1hYYUdic0J6ZDBTR1d6TnkxV1UyR0h1VDlhMktDQXJ3RjdDWnhmTW9FS0VNWEhsZDU1QkZWenJNUXhFRlRQTXA0NmVrREFXM0lGTFlGbzBNZmQvbkFyMlRMWnB2WERVc1YxeUlTREtyTmo0bDBBVGdtSkVXckFvbFo5ZUlaclQrR21uVHBYM0MwY09sQ3BJdnozbVJvTjZIa0hSL0V3dm1aRDVPamRLSGkrRTJtVXdDcGxJVEo0R0FkcFB0Rit6OEg1UHpPNGUrN0N2THdnd21jdzY2SVNERjZ4NHcrdU52a1dsUEE4N3ZIM0xrN1BRMzdOS3MrOUZvcXprMDgyYTR2RFcxWjZ4UWlzb1NRUmE5UDgyREU3eWRmNE5hKzdzc2NOUDZKSXlHOW5qWkV1Wko0c0NrMWlmekU1SVlwQTBaQ0dNSWpIVHpoSTVDdEsxd0VLVXczUEdCSUVqVUF0WmtqWGgxNDVqZUM0bEhwNHhRb08zU2tvTmk3Q05SaTBxclAveDNWTm84dTArUHp6QVU1SGwzdXpUVWdGeUtCckNMelU2ZGlsTjdJNGh1VnhKQk9pSjZMbGlJeVZnY3U2VzRLNlpDQ3FJVEhqSXVxRVdQZHhTb3gweTNtUGRydloveXJ5dTdBeHVHZmZXa2huS0V2dDVUUzJxbUtXRGZDMmdvL21wK3Y5U3hFT3VIOFh2SFc3bFp6bzlqYWJGdWlJYlhyK3YyVEVBVEVVaklML3lyQmQ4NlVUZlR0VDdZejBhMUdhaW9RcEVaR1FzWDRockJBNzNMWjlXMlBTMWxRRUJ1SUNGZzlvQmpzKzBzdTJDdG9vbUZKRkh6TjZNMUlIQ2JhK1JzU0hJN0xZRU5INFIzOGI0NkNwYlhjWGwwdGhTeUtJb0NlZktpSU0yQ1ZBTkdZVVZCSGQ4SjgzT2EwOGMrS0ZsSW9GWTIyaUlVeElNdUREZG02ZnZRc2cxbDRQVWl2ZWpZTGpIMHpEMlNsWTI5YjNUcHpjMm5wMHZWYXMxNCtkZVJSYjJKTmpVQXNKS0pLL0drdWY5c2tXVDF4NDV6RGFMYUxuVlFEZFRIaTRmdTV4VG0yMERrR0J5ZFQxbC8xYzhVa3E5RFZoZm5Ka3FKL3lYMHUrcTRrRU96N0hHR3R3MmRaaHVyN3NZSnBldXdLY2QwbFZFbFc0Q2pLT29NTDBISlBLN2dsWFpudk5EaXFPUTVGUmZYOFMxLzhIcFVZYUV1a3NaYlNiZ09GZGdLMkZGMEdmbGxUaEFmbi9NMnBpL25kZUt0Y0xtK2JSR3BpMXJZZ2tmanlsY05LM3NlYlZHUVhINHdLdUxGWHpla3dveTdrR1pWdE1RakRmbGxSVjJycElXWGEwL1VOb3ZKRTRJdzl4ZEFNSmpCOGVSOFVqN0dqNjJ4OHc5eTZPbVBVdllvbi8rK3pjb0J0VXJiTXBtOWdLN1VyZDRRQ0hac2VweXJQUkQxbm1pcXU4WjFUUmNJaFJxM3FoUUJXNlZTM1Nyd0NPZGtwWldvbWJ2QkJhUTljVkx5bm5PTEg4SDdyKzhwcCt6aVNxTlBtalZTU2x3YWpLTk1NUjAxK1BQam84N0twWHFrTHJ6MGxiTnpRSDdSOXlwVlNyRUFUUDUvaUFSOXFZb0pMdjNDbGx2YzhzblN3Wmp5SXBENTBtZ2VIWmhQZHBJdmkwTTZSVGdEYW5NbTg4cXBpTDdqWW0zTzhwbDdFVi8zdXpoZ1ZmallyUGlNREhjYURjcmJnaXVseERJRFhnOWRBd2h3bVg1VnRWYXBKK0ZCeGp5aDdjalVxYkhqaXBnVHRYVTcyVEl5YnJiQzFIak5pdUxEN0xlS0FoanhGRWxnZ3hJM1hqOG9ERHhJeFdHaXdxZk9IZytvWEJUUjUwYlRyYnc0R0FFdHhJSVB5TFJiNVZvQkJmQk5sRDZ2Nm0yNWM4dXpzdjJPTWJVSXRDcDNyTW5wNkdnVUxWeXpxWVQ4YnNMejVhT3ZMMERTMmdXaU9aRnRqSmlrb2tjRTJORWFBQXBzZGVEMXNVRUI3SUFxTElIM2RpSW9sdnBuM0NHM09GbDU1RzV1ZUlOZXVydjdKc3Z1cXJKQUExbEVyeG0xeVVCaVJnaUw2YlE4cXhHNlc1MFN5SDdNUTk1Q212T1FkalZUKzdVVWpoWW5odGpldU94Y3FpU2M3Yk5JTlBMNUN0amYzVXh2ZjljTytlVUdiNDFnZVN6U01Ta3kwUDRMNEpuYVV1T2QxRUY0N3JUdDF3NkIvem1IQUwyZkRzS0JUeXRZUE5PTjl4ODl4YWFDT1RUNmRscmxpa0p4M3BZalBuaVpEaVdTQWhDOXlUV0NuT2pLODlYTTduUUpYaEx3cnlIZ2x0UHV0Z3JlOC9jNk83VmxTZCtOSktoWjRKRXF6Y3FnTG9MWjdDbE1hRkQ1NVRqdmVHd0sxOE5FNGd0Mm8reFd4RktwVU13cmx2T21iMGhaL0ZtZzJYQWRJcXpGYVN3dFl6SFdLUWQzS1U2Szh4SWFBMnlqZGJzVzJxRzBtbWtadHB0YldibjExeUhvMjZaZlI3M2J1azFXVGdXZDRIeHZlbU9BSC9MTDZZUnkra2hvSDA1Yk80dGk0enc2VTdab2pyUXpZNlhZZFhHdnczeHBUUFJ4VFMzdXpQSkpnTUJTeENEUGZpY1JnWnZzeCsweVpiZ2pjKzlWNTFFS3JVMzl1cmJiSmxPNHUxRmVqM2tsdllkTnQ4WVhQdmpsRTlqNDcxVEhFMlN1VE5rVUVzcWRzNXkyeGxmcHZMdFpKV3ZSQ2haVTZpQnlhWklSVzh4QmR1bE9Fc2daanRhbWlLR3N0b0VHSmlIOU50Y0NzYkVwdzZ1MnNIM0hNc0l6VGw3Qm43Z2NNanZsdUhjbFZkdFdGeFV6WUFJTkdvd2l3Tm1Ta3ZHU09ZWWo1bXVWV3NwN2UvdmFORGpPR0xrZGFkdWc3NkhDUWpDWE5MZVNIejNkdkl1bWpucmtIeGM3UmZFR3p6VWxXYk5qSmFwUzZpRk9wNmZLR1V0VTE5K2lmam9KVWVtSlFDRG40UDV0WVB3MEhFMnphUGRQRHZZdzR2WFpXMERjK1BlNkp2aURxZ3M0TlhNa00zbWEvM0lwQkZGZmgxU0ZvMjZCMng1aXF3MStPcDU2SGtLdVBtUTd0TGRGWm9UQnIxcW1vcldCaGJnQjNIRHI2RitrQkpETWVmNUhZSHhLYmZzR1FSS09lRmRrc0phOVdOckI2dS9CRUZlYjZvbWFDcmNMTjRHZTdlL3ptTU5hMk9pWkNhbVZCcG8rRWxZMVZLQUNiZXRyK3IzaTlwKzAzUEE0QzREN0c1Y3Z3OGgxUlQ1UFRMSlZ3M3hUcjJBb1BUcmloVllmZFdRajgyMWtIdDVlZFBBbTh0dlB0NVlOOTBuYlZ5VDVxWlVrU2JlTUp5em1nb3ArdU9Qam5SN3M1amVPdTN0c251c1JNajFoeHEwOWRuN3VxbTQ2akpOL3hnM2hxRHZoUCthdG1Va2NFOE8vM2s2MG5FSndBSHJxUFBRbnMybFRWM2taMmlwMjc3dll0UWdZa01qa1lsenppU1hsRzNPT2JYMEl6NllwblVyRkpGSWZsUzNza3diMEJSN2ZJYkpFdGZ5elR5d3lJeXY0aVNQTEU3aG9ucWVZU1lKeldITUxzdUJOQk43VjRpbzZqOWU0UkhkZk0wOWEyS3JoQUlXSmptMU5maXZmZXNGL0JzQ3ZsL1JCZEZXU1l4ZzNCTGlxdERxL3N1QjRVVnZMekZ1TE5sQlN4Q1pIdnpscW1sOS8zaUtlN2xUL0hTR0JXWVZXbmJSdmpHNlhxeEFyWnNFMFpkQWNLM04yc1pXS0lCazkvU1JEN0J1b3Q5L0tITEJ0SlYvS0F3V0Vhc040ck0xV2RPelR2YU90S0FTMGNlR3dNNXBTYk1vR1M2RGl6TGYzWUk2ZFV2NkNRaGxwR28wUmtEZFlLdlNvdS9wSEsvU2djMlZteG9EYUcrb21TU0J2dkxkTGJXVXpMaTk1T1RyZWwya1pEbnNldmtuaEdlcmZjQ0xDSm13VU0wcjN6WVJlZllyMmgxa2hmT251VGNwWTVnM1NuMStFY0hUWk4yZHpQSy9Bb21nSEtpRGUwWlc1OHk4RUFSVGhZUTRhNlU1UHFYaGxkQWVyenpIekhHbmFUZ3FrREV5T2xlVnJUZ0M4L0xzdWdjTnh1cWJaWjBCNzVVWUNwM0wwNzc2VWN2b3VEU0lGekZlNzBsZlNEVitMT2JtUmFaVEFDQkVUVDM5TEo4SEVVc0t5YzIxRFY5YzRVT3R6aEQ1N0FWSVNzMlcyRDdrOTh3MHVwMmIzMkZKWStZeDNpUG04Zy9oSlhTaGpnaHNKVFdaTUVCck5HT2MzdlY2TmFiSnJ5Zmp5VWh6cVRmejRMUGo0MDdhSVlLaFhLU0RzMkRzKy9aeStpUGpuWThNS2tIaWVCdWgzcDFsZm5waHl2Q0c4VkhUWitjOUsxSEo0WVRWaXhicmtUM2I2R0JHcmcyamxKRkUycmpWcGNhVnRDOEJTeHJ6UlR5N1lLOTMwMFh1ZGJSeDV1djJsakQ3WHhmUEFoYTBJVWJ0dXlkOHROR3JYbnk2NjBUWmkzbUFDbVBnWm9wWWxiUWxTSjQ1UkFtN2lCTkF4a3N3OFE4ek5jQ2Y1d21JRGprWHRqNEV0WDhrRnRSU2xCc0tuYmJyTnhNaFRucW0xMDNBZWNZZWtiUkZ0SEhza1p6S3ZSTi80VVNjaUpTRzJ4S1lPa0xDMEd5WkhTSVhzOFhPTHhSYThTeFVsV2RSWDRaanEwb1owTm5YcFRJQ2UrRHpLZzlQTmxza21CcGZBZnFZNmFTRktCQjN3cnVWQUxoT3JtQ0QxOFdHMTExRnoyRjZhWUFoZGh1SWdBZjdJSjBTZ09ra1JpQUR1dmN6anBTL0VYRm4zemY2KzZuSjVDRS9FRDBQT2N4Y2dkR1E4bWVDMnN6aE1rdlJXNy9WQndxT2V6WHVDUWlxMktTWTZRN3ZBK2xZK1ovN0tBTGRLZHFFcXYwbGxYQWEzd1ZLeERycEdTcFpTTDZzblpONVBkbGxTRmtld0FueG90Mngwa3JEUXhUeWw2blZ2RWlITDBYa0s4WjU2UTJKR3E1QzNld01paUNXZmYrS1E2T3RnaHEyOUNBMmZVRnZTVnFBd3NVVDh0T0N2QTMrcTVXbmZTMFE4UDdWcDRxeXY0djhOK0ppdUpZQkJsOUhGb0JhTmw1SVQ4RTlnL0x6czZSNWRvemVZTWtVMnNUdXdOZ2RzK0cvVkN1Nkh4dkZxYjNhTCt1bWhscEJRVVFodER4NlV1bXpoc0NDZWtObWFJdGcvSlI5bHRMcXFxemNMbVdkMEY4NkhuQUtDL29jVkxvc0docDJvNkYwTmk4LzRSK1VqbGc0Q3pUU1IyRFZHSzVoa1dLbHp0R3ZvOVJqaFpmcmVQbUVpcjhJNWxKTTdjYy9MOTg1NjhvUndHOG4vQXhqakY4RytNaXN4RWZaN0ZjbmJPWkM1WUFoSTFQNDZ3OHBPMkVXRU51T2dKWEJtNkd6cU5jRVhmWDdDQW9vRmxtTmQxelZQbTBOTi93TlYwSFJYNWR4ejlIbXNyWXZTMGMyWStrZjZ6aWVBcUNiVEFjcjZOdjlWNlFzNmg2MGdCcnNURGY1c3BRQjFqZkpqWFduc21rWnBoTVBWTUZoemZKTkZhTmR0WEh2bXkvdXYvcHUzdkZEZVlTc2NUYW1kUmd1amtpVnNTUWlsTjlqdXZSNDVLRjNOckRMdklYZS9pdzdxN3lCK3gvSlNTRmN2Ylk4Qlp5VDRnYVU3dDBSMjN4ZlRTMmRvRlJvZkhaaVBSWk9QQU9EbnVSRVVFckF3TS9nLzZPSkt5WXJMMURxYjRHZjY4UFZabEJoSUFMbno2NCt0TW42ZUZMQlJsdGc0cnlsU3RuOWJXaUoxWlNGd2pFU2RXN1Rud05rSXlDVFpVTzA3enVrUlFGaGp6bWlyRWtKdVdJYUpWWlNrVCsxTVBLZFM3M24vQ0RHYzZ2amswRUZsMEtzM1cvOHRIRVFnMDRaWGpPODM1NVpyRy9zOUpOWjgrdVhPNVBJMjNIMG4rdHZGQ3h4bW1tRzExTThPMklvdkpLcWtDNnZ3OFBQNzZ1bE5ZeTQ4QWRJRTRlTkFPS0hJYzY3TFVTRlhjeXMzeUhWQ0x0MHNlQkd2QVJ1K2hOQ0RaQzI0NjV0cndscHNVaTJjQmhDakdEbVB0WXJFZFIybHZFNjY0aVRnSmUyaUo4Rkd4dklkZHhKdW5BaUwzUUFhR0t1eW9oMm5ydHRHaUYwOVdyVmNBaGdvU3JtaGJKNzAwQndNUFRManNydVRhcXV2aU5wVTI3dVN5SlU3NG5IK3pYMzRjck9Jckh2M3lEcnN2RUxVaDFhYXlvUzBQd2FrRHpEaWxPbXo4NDJyOXVjNUh4TjF4L0N2TDRBVHNtVHNZY29qRldIWEpmNkFrTmFhS3c5ZDNJTlg4allLVlJnOWQrekplWGw3VXZ4Z1lIMVh4RXBvd2Z2eFdsckZhQTVYRXQwMG5BRS9Ncm10NFl0b2JjQkkwRHAwTG9NSTk5dUt1YVNIYUkrY3QxVkdPMnpBelFUclBQOU5FWXVvRTlXZG9JckxONjl4dUhZdjV0NVFHMll3U042V2xBTWFVenprdUJQbldHZ3FEdXhkbGhhMm4wOXRjMjFBOW9LY05ZSWlFTkovV256aEFVdlVsYUtrK3dRQW1KTkdtanhhUHovM0YxMndzT0xMQ2VVTXVLY0lhbGpQM00vSSsyT2pYTTJSN2lRNlFYRGNING8wNGJZMms3MTViKzRucHRoOGR4Q0Z1ZGhwcW5hZVdIK2JuSTRsdnE3cHVPNkVqcy9aS0o1UzAwdHRjTFRLWEtTYlNCQWRiSFNSZ1RJVDVwWUQ1VU1QdEl4SUhUTWpSazluRjU2d0k1S1RxQjlYUVdIK2xqcUgrZzlvRzQ0emxmTk9KQXA1bGFKbS9KT1J3MjdmMnhCSDFsaVlHV04xNjgwOEJCenJQczZTamhUMXRvYTR4MUo1eDJQUjVSRjJaanUvbnZaVXZscjVBYVlHa2l0QXJnUW1aOEd3TEpsaGFwUUQxVXRJMDdwZ204VVRvaEpCYWx1U2VXaDlzZHVhM3hDdVM3WGE0S2FIRm5PazlYMkRhLzVHUlRDdFVzSkhkNFVEdXcyYTNldHpuREhZZ2kvdjJuUkhZalo0dVJWZWtjNW13ZnIyZ1N4Znp6NVZQQTN1QTVlNERWRTN3anFGYTNmcEJ3M2VNUm1PZkdHTUlyQ2VkS1V2c01KUmhjNFlYQzRvZGwvTWxsbnF6YzNlZG9vekZ3dU1ZU3N4dStFMmhZbFc1SWE1QmJyL1JuWUJjejZKL1lhTHJUbXNJenJtcHV6MGFtSVc0cjhEd2dZUVFrdU42WnFYc1BFdzBBdmVPRGQzSitJQzRkWnA0ZVdaSm9PT0tPNm1OTzU2OGNqYmF3a01IcnFFSDBKR1pwV0dVdmJ5cWRscUwzbm1rRnRXZ3d0dnhLcCsvMzVCQVlZeHRUaEw1MVJxYXBJeU5nQTFkTnhMVlFUVHc1UmdJWHNwR0RwQTBEYlE0WTVxdnZDOEp2SXRWYm1BOTRpbElpMzRnNnFvcTMxNjdhR3hSYWdHVTdWRmQ3eVQ0cEhFREhMVHNyVWJuT3lkMzNlTFlpZXdYRHFUNi96dURGUHNDM3hCZG1hUTNkU2EzL1d4N2dCT2JKckFWTVQyTWp1bkJCRTJVKytLb3ozd0xqQzVMaTNwT3JlcVJmcGJhcXgzZ25vUGdDUWtPcC9oV1QvbGFDOWs3WkE1S2FONWYyUnBDUEZ0aFpxbUxmamFwSURwWXpCMW43RVpsd2ZRYUNKSzluQ1cwK3lQdFV1MTlLbll0dXhZN1I4N2ZaUS9OS1Q1a29lU0ZKRThpWGpGTmpMcEsydHRkc1RKZ25ob3dvT21pNmkxcVlQRUlUZ2hCUGhKKzlvQ1llUmZoKzdST04yNVpFOXJIVHgyR1JFTVMwbVo2ejZJN0k0K3lOcWtDQjZqeE9oR2pSKy92aUM3T29VeHYwQlc2aTRhVlpHWERVMWQ5SlNHVStPMFhkMzRuMlh1TGs6OlD8pYhGBOn+5qhCXGnhfx8=', '2018-11-27 21:37:19', '2019-01-06 09:27:38'),
(9, 15001234, 54, 19, 42, 80, 'M', 'OG9WcFprajAxMnpTcXFrUHhHRXlCQW1UZGdRbm9qZUZWUy84U2wvRTFENnlMdEtRZ0dhamNHL0RZeCtqZitMb2F3QVhFc0M3N29RVGJQZ2tua1cvbWJ6eTV6YlVNNmt0R0NMRndmWHZHVFBBeitTSUJqd29vTHFlS1U5UUYzTGk1STJISE9xN0JpUExnSEVQeUMzMlppS2E5OTVFbW13c2thTitBRFZKZVhFdWoweTBoMmhlZkJCZ0s2Vk1VeERrZEpPaWlFL1h2VWZGZDRCRkRPa2tFZDJGTGd3aEZ4MG5pWFZzSmp0U0xmTTgxREtvM0lyWkhlZ2Z3aUwyQWZoSUlaTmhlUnllNnl4aCtyU2xlWFNadFhDT24wR1g5emxTMkZFeHRCOTU0YUdYeVc0K0VVelowV0hQWXZudGRKcmIzK3d2ZEszRmZOSUFka1V3VEdYMkI5Q1crZFRnQlpGRkgzaTh3UE1qRWtEVG9CRER6SDRYenBzTDQzbkZWaVBlNG1pNEo5MkNVZzR4U1dYYjZPdDFQeGZEMWNCNmFheFhmWTRMQmRuVjg3cUtEQk9DNjUwcUFPNGU3bGFUUUN6Z21QbHNJY1lnU1lqUytFbmRUZER3TUJxOE5VTUVSOHVxUHpoVXFtYjErN2NoNE9LZW85bHpudi9ZZDdiOVNZUmJrWGtrdTIxbU9Pb3grVXFkcGlEbFJlQzNBTmwwSmx5TTE5cS9HT0JTRkNOVzBNVHhUbEQ4Sk9BbVBtZ3UyY21naEpYS1A2NW0zUGVHWEdQMlhFMGV6eUhmZGQvSHJmcXF1aFpSL01zUEwvODZQNEJDWVY5ZVN1a3NaODREL1o4SEdZa2M0MER5d21uMjFWQjhlcEp0VnM5NEJMQnNQaXc5bnVBMXNXam96M1g5aGNkOVpUWUl2N3hYWVdqbjhxSjlyaHRBemdWS2syYmNMUkk3RkxHZU1uNVlVaEhxOUFiZGxhRzVPNGxhMUh0dkw4ZnpjdXVnR1FmNUd6aHlVTER3THkrcmJRUW9Sdk15Ty9qdGljWkhXdSsrZkljUm11b1VnL3UyMDBrQjFwL2JUNUNZM3gxVlR2K2QrRXRjTG5iMUFSekNJalZ0Q1BheDEva0Z6b1VVczg5OEY2azZWbXRrN1VWYUVJSmhDTllSOG1ITmpqTExKc25XYVBqYW9KUnJJOG1IUHA0ZS9KaHFibWFMNGdvYzNubE9pT3I3b2E0SGpzYmg1ZlZOZVhZeHhsd0tTeGZhUVgxa3FBM0RjNnh0Z1d6eXV3b2dZRCtzT3Z3UlVqbjNtRDJWaVpRQUdKTDh4OGU4S3JLK2ZFRjZBL0ZhQTBWTzRMcnVMTlFOcjZYS01kS3l5eFRxY2ExbHlJTXNtUVVxYlIvNVlybU01UjlDQXk1M1F6U3JxcHQ0bjZYdFhpenhZNkpTaWtLRkp1NEdnczdOSlptNC9jTkFEVTY0YVlqMzYxSkZTMWNVTTlCYzQxOFdoMVY1OFZJWGVnVi9MdkgwNnJwZTBKQXBDeGhDOFNKeDl0QmFKZzRyZm41ZDRhSlVBTklCNUtadjl0WWRHTWlxZnUwNDRLZTJLNHBmZ28xdDF4cVA1ZlVkMGhEM3U5YzRJaC9YMWdGYlRHNFVuUUk3VUFycnJzb0lENVVnemkxUEtRUzF1OERiTWs5cG5iNUhMbXc3bWlpV0Vpc1lmYU9WaEs0L3B3dnN0Tmx5WmwvaXBGS2lFWUU0TmsveWNXZEtBMmpoYVhJSnBhN2g3Wi9aQXlkQlhsaU1rUFh6azZzSEJrbXl3M216YzJMOFJmZnlMTllSU216R0dKWklDN0NoY1lLQi8wdlI3akFWQmlTMHNtamljRTJIUEtWbytVTFp6Q1RGYXBUK3h2S3VqUGxsOXhnZ2hycnhIM0lEU3NyMmlPWnZkZnMzc1NRdmlzYlEwTE5PaFM2Um5vQTNnSytCc1hWVUdyT0pTUnlwS3pwR2tvV240SFVWMjRJREpxOWdmK3ZKWmpSNWdVN2p2M3UxR0R4UTZrcTd1Zm81elcwZlJ6L2poMkhSYndOLzQyRVRER05DYzNtOFVJOUZqd3FVbnd4WndSYk1JZW9ycSs3b1ZpTHA3aGRETys2M09pVXBITGpmUWV4YW1SNmF5Um95V3k1Y0pmZTNnUUhML3VoVHgwL1crN2NJWlJGWHRZN1YzL016VGNZaFNhajRkaUdrb1ZsUkFOQklvVFBKWDZlbzNORFBJcm1mQVRxalNaSUc0T1dGbTNIcWk5ZVZBekVXRGw2MDlrdURYVkpsNHN3TUY5TW4yaXJmblV5aStkQ21KdkRmYUFkSWRqbGgyTEFVaHdLVll0YmN5UWJsb0Zad0Z3Y28yNUtvbGM0K1NSTUNNQkdhOHhiUWtCclRJNldPTE1ydFM3Lzl1RkNBZUs3ZkUyVFhnc0p2ZUh5RCtlVm9iSmxDYi9Vano1Y2hndlhqOFdVUGljbkFIMFlQZmJCMkFiWGxrU2VqM2pPQVBXMFArQlRSVnZ5bm9mSkhES3FmMTJQTXlEUk13emlqLzlTQzJXbmZmUnBjWVF1aGVwSkhybEhuTit2YytlWG1xRGh6aFFJcXBIM3lMSEJvL2lsVm00OCt0YmcrRitZSjY3bHpaZHp5b3pyUHZTSW16R0VvUStkSk5yb0RrK2ErUGxFdzlPUytwSWNGb1BQenIvcnNZTVJuK1JXSjhQdWpYY3hqZFlPaEhFVlY2ZXFZVmlOZEN4MWJvNTRzalpTN011ckxqQkRqZitUUlZyaDIwYmUyMXhUaU9CdDhHUVdVaWh0SHBCNHZtb2Q5S2lINUM3UXYvSjJROWtGVFJUT0VwRHJKTmhQekRqbnd1OUJObnhQVmtqYSthSWdIQTZ6YTFnMUU1a2pkUm00bmR2UTVEN0R0TGtzditQY0RvYTJOd0ovTGpwUUE3WUZjOEhsOVZ5cExac25Zc1BSYXpKeW5qb2tWTHViS3lTOElFSFhtZnhEc2h6d3NuN0VsUldYS2Jwdm54ZjVjMm1MM0ZjLzhod0dZeE5QbStsYU13b2loNFM4ZnZJS2lqa1VNQzc5bFFRMEhYZmhHQjJTR0RmbXp2TDZKTWkvaGNZcDhtalYzUXc2anV4ckJibTRadzNjdzZXRHlvWlZHVFhrOFBnbTVJYUp0ZEwyK3FieGZSdmFYc25OcVFZMitlRWdhV2hxNEVuckdzSFFSMndHVFI4OTI2b1dLMXZLU1BCRUNDbFg3Rmk5aGFOWk5nclVBNkExR2VvWXhoT0V4allnZkJSSUt5Nm05ajI4Z2VDdTZ6Qi96TVp1aUIxVk1ISWRvY3ZCYkxyT2dIcDdKQzVqMWMvdiszL1ovanJXR09qNE14ZVZkdjU0YVoySTE1R21XTWtUVElWNWJOSHZPd1FjYWloLzQ2Zzh4WjZod3JtRmNGbHE3VkRtS1k5UFJ1ZFdjZDNNR1A2bk9NamVuNWg1Smt6Y3JiR3RyUGR4MURFOVNqSkwxVW55NkRDcCtzWE5mdnNyUXVPdUFqSUFuL0czMUJYSy8xNDhjVWw2MVgzYk9DRjNVNDhhOVJ2Y3lKaTVRajRiZ3pWZmhxTmdNU1RqZXoyRVp5RmYwTC9rK3NPbU1ZSHhuS1NubnpVdG5hRndiN0NnOXZPOUg2K09DNjhYeEJhcGlJbURvK0c2ZzEvRHgwWXZFRGpJekM1MWJLQTY3MlNxQUYrZlowTlJVV2o0VGROMDlpYWx1ZUVUYU8zcEwrSSsxZUtrWlgyRTA3TmMzaWljZEhjTHVNL3NxenFsZzNGTGNnVjNiTEo2cjJsQUVkcHNVT2M0bUhWOTVVQVZ5U2c1N21JNm1lL1FVNzRKRkRTVWNvMmluRytWdVFXR2c0cURtRFhvODA3TWJIZVFITDI1L0x4Q0ovbFU0bUJBZENqRW43V2NjYllIQzVDNkFBL0RTVXFoZnhGSG5MZTRtNnFvVHJBanVXUk5XUmZqbER1TzhXYVd4L0JSdHJjK0dEMDI1eFQ0TGFXWkFZaDgxWWRLTDM1Tzg2MnpweGxuUUJqZ2N5c1NOVkV5OHYwK21rYm9iVFp5ZTdaQjRNaUFNZDQzQlhaRENJa3Q3b1hnQVFNVW5WSmkxUGlYbGtpTnljK2pXUkpLSDlZenpnd0x5c1FFVW1lOUxkZGFMc3J5VGh1dEpxaU4wcTJxV2pyUlNnQ3VBdHRrcEtIWE83ajhjOE16VDR5UTZYZmllZUtYcHZyREM1NE5uM2RhVEMrRGlUbHcxMTF2VWtYbkwyeEJha3lJcTFrKzNYbkxoei8vUEt3RXQ1dXQ0alhVMlc0SE1ZOEIzajU0SXJjNDV3Y0l3dDJwMEJPbktqMjNKeCtZVHd2S2EweHhDbkorRjlwemJJeG5zTWE4ZThCTVdYL1hETUppMTNUZHV5NHIrUjNqMUd6Q1FhYW9yZ2VCNVBXMVpYZVRKSmlYRXp0d1QvQVdkSmxzamdHOEhmUFdXQkhOWWVJbFlpN1I0eG9wblJQZVZZQzdCcXJXWWVacCtpamMzM1VkZUJsYnFaRFZ0TTk1SzBtNjJlc08zYjBSZllsSmxuQ2dGN1ZCVWFNUzV2a0E3SGNDSTNoclhBa2E0NGRuRTVmeWVLVE1JSVZ0NHkzNHJYYlFlbTV5S3Y1QyttdUdPWEx2OGhleEp3VzV2S0VyK1hXSVIrYXB2L2VUWTQ3UG5ieG1lWUdWQ0FNelU0NjM5elNsQ3FqZEQ4dG84T21WUUtGZ0xscitreVNQWGhnbFM3MUxhSHZwbEduZWVGQ0J6R2tFcXZSNUVLb2xlV1lRS1BaQTkxQ2dadW5adDRNV3ZDbWNrOThWb1RKTmxvNFFhTnlQN25sRWVIOEtiMWY4c0VPZjMwcVhSVldVbjMxMEtuU3JrKy9sRVByaUduQmNtSnNBclBJck9XOXpxME03eE1kTzc5dDZKY25BbVc1Q0x5b0Q3MnhCNDZEaGRCS3JRQk9ndlI2MHJnd2dzc3lWckJyODdzZkxkYjBKK3RYNnJuUWk1OVAxZDljVUJ0bjAzcTBPWW1tVGdoTUFhYitJOUFZaUkwODVqU1hXR0hoMGlxRjNCWHc2SzlYTU1yTHNRNlBGdkw3cVI2VTVzMTV3M0o2RU5tSDZPdGlkbWpIU1R3RFZpalhtVjNsT0w5MUZsRG1tSmdJOWZGWXhDZndWSmVWTElhU0ZIUjRTcWlNYnFNWHh2ZUh5ckF5aFhuNVlnSHRVVFVEMFBoVlFUZGp0RTZKNVpoNyt3MzdzQmprbDIwNmY3WVNZbDY0aCt2Sktkb1JPaTdDemdoNW51cVVwQ2dkdndIVEVKQkd1MlJMcFoxY0tCd1M4QzRhMXJ2UEdLdDRMaFVTblc2cFZsQmhuS05sS0R1NnhGZ2Z4VWNRSytYUERSNVJUOEtIU2Rqd1RXdDdNZmhkSXZvc2JlZ1EvVWZtMXRDOEtuajQ3TE0va1paSmczWjUxdmg1UUtnRXBqSng2ZlduYVdIcmV4WFptUldoS1R3eTBMZzhnNi9UT2o3YWR6TDZKRGIrM1IxbU9xYlRiS1JpcnRtNTZBYkV2ME0xb2JSWjFDZXR0TFJtenJYbVhNb1lyVEkvSDBUODBjeGhQS3dOZ3ErR2t0QjVFWkpRdDBvWWt6OCtTVnRtcDdNQzdkbE85NW1TUXpZblVCcko0eExRSk9EQXRUQXcrRlAwU3Q3WlltVjZ0dldOd2xVSmJGSUQzeXp4OGkrRlBPZ1c2SHVVeS94bno5MzNoWEcxakNyNlJQN0N6Vy9yWHVMMkxGQlZ1KzAvK2U2TStKb2NRM3BxN2VGSFZRZTJzS091VnpCeTRaYmxZWS9IRFZNa1pvNWp1MEcrSHR0N1J6YUllbjh4NXdHb085T3JrQ0NLM0pycU5relRMVDRqelJ1U044MnJ1WlRWUStkQ1c3NEJZUmMyaGcwd1JnSmVEUmYwdDFuU2ptdVY2U1hBNFFUYmZGT00zSGhNUGpzUzNVOHJoc29BTE5PRzQvUGl5V2lEcTVQdlRlbVVPUkpRYlFNelZZaHppM3NaRkdkUGMrTDVpY0Ztam5JZUUwU3dIVndNSmlsbGlXUWxqSFB0aVRDVkFYR0M1YXZscXZyZDNZUXg3ZEt5T0NvQTIxWGp4VjJ0YlpqTUlEWjh5endrK3NtTEpCbjRQMGV4VERya013M2c0YlBnZnRnODQ3bTRKRERqYVplL3VBMkprQ2NOM1FEdnNxUkVVTFZqYXBoOVhCOG9oNUFndnNndWJqa1d0SC9OVWRCS1V2a3JFZHYrZ2IydmhZSUJ5K284azZ4UVNYMWw2MWpsWmlHN0lTZ2VrNjVJRlU0cEFWa1htbmpQbDQ5M0cwcmxGUnZTenphVDhxbUxjaTltb28reDZEbVhJTW92WTJJczhJTWoxZFJaVFRScmZIb1hZbzFmOS9vQm1wQjJDNmFacXlUYW9CSVdjUnpkLzlqZU1EbkZ1dTcxdlJnd1JmVjkwWWZ0dWUwRXdib0JxWVBSWFpYQjJ3Nm16SWljZkJscjB3VWFDZ3lYckhZSUUwYzVTMXpYSktqblRRUzVxL1pBVWdIM0hSNHB5TDRyQWpSbU5PZmJ0UDZlNGhmQzdQSWVxVVlINjVrQTMxQ3RNRE9ybmJaY0NRYi9sNmlZWFVQYWF1RkRGWUYvNVYwUnpMeUNHd2dkWUo5alVwRVFmNE1qdFV3TG1vajZIaDFlRXR1ZmZmN0JXN0daSjYzeGZDUyt0QUZ5WHNBR2RVd2RZbzJnWGl6NS9rR054alE4QVFwaUxVTHZnTG5YWU9CZ253MWRWYklyMUM4ODIzd2prQ3FSL0pFV3N0S0ZYRUh3T1BIZmtQelF2bDVDNnIyL09uZERjdkJLRm9UZERlc0pxeGVpQkNKbEV6dEN0TW1PK3drTXc0SWs2V0hZR00zQU91d2xkZDJIWk1WaEErNEhsckE2RTM1bjQ5OTFpQ0lObXhqS1dOS05haHVPSHVkNmY1N0RPZWVEU213ckNXQ2ZITzlVbVpCRCtUZG9DWGJyQit0eFJCaEVkcUN2TWtoTlVBeXRUQklES2ZLNWlna29WWUNXUHpmZEpTR0dPeFRJaDNQNWdXOUl0MlArZll6YittSktNTGNPbXR0K1VyTUptYm9lNUI3SmFVeklmV2g4NjlWZ2VaZVJVNnNhaHpoL1I5T1FGTHBUb0ZzekUzMzJoMEJ5aFBGWTM4d0JLTmdjOXpYRG9xOGprTTFibHU3bWVkemFoQ3diQUFOZFRONkVXQnJLb040cDdERHJtNUc3WDR1SVJ5MUtnbkxJT1JobVZLUTdjU2dzU0s1SHlQNWZ3TG9YemsxdEJqbXZXMEdtbFErSE5jTkhiQzJabndVYXhTdldGNHloeWQzdllMUnBCOHNXeTc0ekt0ZWg4UmYzUG5TUGhaZFNSODUvSmlzekROT1lHZFVERHJyMkJPVGxoWlRqZGdHL1lBbWpmUXBCRDhLd0xScUN3QzVIRTVkNHBMblhQQUROazhWb2ZWUXFDWGJoZloyTDgycEtKbWtKZlNGQm9JaDkza1dIWU9aV0IzaHpKSlg5elc2Q3JRT0JPZEE1cWlkeXQ1NW1VenY3THdEcndoeHVCSFJXaXNSZ093MkNIWmsyNzhpcEtPQXJKSmIrdzZ4ek9xWnZvS0pUUHJ4MzI5a0d4Zjc5bjd1VFdTNmluZ2p3aENLdFY5V3BudnhaL3hHWFd6NWpZaUVLWkYzS0xLKzRZdHdiaFRJTTYwWEFFWlFNYmIxMml0alliakxEQTZpazVIckpSdXJCcUdJTFZRN1B6UDg0dlovV3pLTHBiaGpIejFjNUY3TG9VbFF0Y0g2eWFIYmtJUTlmdmNhUUVCVnU4bjFqc0o0UW1iVHBSNjZtYkg3RGlPbzBnVytrNDFHS0ZHWE5sTWNsTmovdmlqaDh1RXA2VHpldGsyTzUzajRMZEY1a1Qzc3ZCdHhIWTdPZFM1RUlVUjdBcWdab2MxNlJlV3V0S3NvSmpjWGRLRU5RUVNtL0xOMXYxaUM1WUhwUkloeXo3S0tuSUw4OVpQVUNVZ1RyaTY5S0szVGJabEZyTnp6WTVibzFYZWdNemtWT2IwUENvSHdnNzdRZ0MzdVJCZ0pFQmR0YjUwRHV1REFLNEovNG9xdjRzR1Urc3dlNXZCSk5yYlpYcUhGM2FheTR0bWpYazNvYkpUa2FNT0Rrc2UrKzc2L2lXa0VCMHl4bHBGaVpLanFVMXVUNzd1Yk1IWmF4Mm9ialliWDJnVFlaMzJ0RjBQS1Y1U2h0cHk2NE5SUUw2RVQ5Y0xjWHJTNjJnZWN4aWhhbnRhb25PbTJFRW1VMDZzT0Vibk9jWmxDWFdyTDg2cmFkWFBOb1hCK1NwakhoZmRkWFdWSndlQklTN3g3ZEZudkRUQ1BXVkg2N3NHWjRmeGorL1IzclRYR0I1alR1VWt6MmtRUGdLeHVMMHB4cEhHOUtCcnlkZ1NFMldKVDNvcnVtSTFLV1JHbHdwdU9wZDlSbzY1LzJ1WE15eS8yNUUwdmFxR0VqWXhyKys0bzZ3VnVlc29wZXFQSmhwMzhlZlZyU2JzOU41ZlZEQzNLWWNLNzZJRDkrc2FIc1JhRElZSmtSb3VKaVNPcmE3WmN3QXRzbFZIMTgxZlpCLytYMnFQWkdRNFdxbFE3MCt3WlI2TnZwd1JSdDVpZVcwQ3NJQ0lXWkJINzN5dlBBZWphYlFqSDd6amY3OERSRWZCUHplUWdGOGJTNWhuQVhnMkRlVDBITFd2ekI5RmlFS3JHRkV4dnI3eFFKYWdUMkVLemtqcCtSUUVLMXFXTEJua3RJdEhoS0JuR0FCYWtUczVya1VUMFAxVE1OWDhJbnJkNGJDYmJYSVdQajA0cmRLWStkY3JFcEJNWE5yMmdJdjV5Ym9HZ0J5ZDRTN1kxV0tPZkVGam5CUmhPUUliNFJTd1NvN0cva0k3S05XNjFiNnFaV2ZHRWd4K0RRQnFFTUM4VEdRaEk2M2lGSVdGaXR5aXpzcXZSK1pITXhsTWFVcTAxNUZaa1J1by9kOFpIVG1sdDVOM3pzL3ZFR1dDeWlJSHR2djFoT0Q4VitReE80V2NrdG5pMDNRMlJGZUR3T0VtelAxdW5pMUVjM0ZDQlFRNkh2Mk4zR2JPRlY1c3pOdE9MZHNmK2xHYVVMMktUandWUFpkT2g0eHVKeEYwTnNIMXRSRjNMcVVraTEwUmdIRnRjSVk3YzVxdGc1a1BVYUFJWWFSRVoyQ3YrajZkTFhJdkxkcGN1MnVGRU5KUmtEa0pFeTZ4d0tpbmFZVGRKRmxpaFpndzB4eGNtQXVTUXNOb3E5OGVsRXpDbEgzOVVENjBXQklCeXdLdTlDYVQxb0ZmVVRLTHNrUmhqdnk2ZUJiUjFTdDFCTkhaREdLbFpVaGVFUEVLMklmQkdtVk5oYWRXLzg1S1NmaEpublN2Mi9kdjY0SmljRGkyYktnbTlVM0hWN09KQ1dpejBaZThGVTBiUlc4ZlB2aDJJYjRDc2hzZHZ4L3dlMitKTEh4TzYrejRWek8vYk9kczZvaDdGM0xGNFpZUWtpdlRxeWZzWnprTkFjTmIxWjNNSjRCOTBQak9Va3JTWnFoaXNPZ2IwNEZNaUsrdnI0ejdPb3BRaUhjVVAzZVgwbVpQOExJMTIrcnJyRHJWWmVLdjdYdFJtRitjQVlISVhEeHppcTMxcGtNdEpndGVYcUZWek1uOGlhR0puUnkwRmlkMndZeUpHeFJ5ZjBFcm0yTmRaSXhzNnZNbkRlR3A4US9qUWNWKzljZ2NzMWRjWU1GaHU2T0Z1SnVYMnY1UFZ3RmJBL0tGeWwzTjF3Z1JTVGtSSjh1R0tUWUNoNlJrM1ppWVA4MzBEYXd0bEdCdDlBTWt0MUZYTjhiVkVVU0h2TmJwTHdINVBGR0hYeEFPSUpvd3dGQjgyZ01VMFlkUVM2ZDhWaHpkSG9Wcm5hQkdQd1FaM2g1QzNPK2x4NVR3OHBCOXU3Myt6d251VlNyUEJobkNOcW9zVzRTTWprZTBnMDlWMnpEdUQvR0lrT2o3Z0EzNWl3eVFoVG9UcDFyZUVlRjBvMHhndzVkSkk1T2Zod0VGeHFaenVzc3dPTDk0d25jWVkxUmlvblE2THVnYVZnblZYdlZ1Q2RybVlVSmZPUXhjWTR3YzRqNzlBdnk1Q1AvNHplMkxXZ3pYejh0aG1IN2tHNGY4TXFmZ0pmelhnUEcyblh4WGd2eVlXb3RtNEpNZmk4V0RFSW9rbVI2NE81T2FhZjU0azNxT25ocHRmYWxTNWR1WkpRWjlmblNNM0VkMm83MnkzNjlNWWpCQ0lPTVp1aEFieGxyMGo1WS84UWVRb0JuelFCRitnWGpiL2EvNldLbTBSSEtLTDM4SkVQNmo5NTl6NmVyejFaMGhzaGFJYlAyU3piSFlrd1hxQmw3K1VxK01BSVFoVi9mMVNiM3luN3NzZlRKZ3JzS0hqTmR0ZE4yckpoRWxCY1lmd0htb1hYSHk2UE1Cem1jNGthaklvdXBEVzFpdkZFZnpIWUdJZytaWnBWaGVYZUdNbGZMVFR5aThZdjJTZ1VST0RHTmJmNDlJZ0xKVFhDdENlMDJvWTN2R1JRbXJ4cXphM1ZmVERrazhIWDF6Y0JYRVFhdFgvZTl0YTZNVzZPbTBJdEpocU4zTG5yai9raUZzUDRmdHQ2cWlEZkltcXFCTnkrTzlBUXZLdE9UUTh2NGgweDJHZ1VhdlVZUzl0K0Z2ZWpqd2lCVjBJNkFodjBZVzkwT2NhRWxFa3hxQmREeWQrMnZWUnJCekk1ei9oR3lhQzhsWEZkS0twVU1Vb3BXR2RaK25vd3dIRkhqNHoxalV4Q01aTkR4SEdWa0JTOHRRUHI4WGkrcjZzc3B6SWY5cWJyZC8wTS9hd1ArMGd6N1F0ZnlQZ3NuTTVqS3FNcWZldHdhdVZVL3hQU21QTmlCNzUrbkNJSnpwbEhEN1d5eWdzblFEMHVSR2hQd1VhWC9udHpEWDVxK3NGcERsUndvTG9YUXkySVc1WTE4cG1FL1JwMlpSS1FPOGVpaXVKbU5ENmhmMStLakNrQlFubThLRlZ6SXVPMDZZS0RvVFFxQ3QvNGh3WHhGYVBwTitvOTJPWkh5M1FNVi9jcVEwWWt6ZnJLbk50VkNhR2J5MFBSSnUrZHE2ZXdpMmR6UURmUGJaSlphdHZXVHlqeTdCTUdTRFFZUEszbC9TRDdFVW0vTUlmTGZab01FQ3lDSk9OZ2wvWmJnazZCK2wwR2k5Y2dJOTJwTVBiQmtkK1Jkd1BiMEd6MjlaT3pWK0dWV0Z0UHdvbzQ2L2ppWitCWjdseU84WTU5dklrZ2RCWk03c0hFK204RjhEb3RpN2RFTEZTMXE3NHJJdFFNMGl1b3FSTmR2SmRMV3dCSU10THVFTVoxQWtlZkRhSmsxalBiT1lRVHRUVldPbTZVUE12ODRYL09CQXRMSGt0OWtwS2taZ01pY2tlbXgvQjQxbXpib2FXMzRENk4vbE1obE5YdzRDNnZzWlR3YXluMXg3Tk82OWw4cXhnZW81WjZBcm5sWkhuR0t3ZFBzbWx1UjVXOXZpVi8yUStGRUlLWWg5Y0JVTUhrdGZFQ2dtYk1Eejc1Nk9FMTBPM213TzRTRWtNNjNlOG12RE5JTVN2RWsvWm13ZE4raEdIRUVVZW1jajFyZDdLRG93Z1FDMzVrQkVnQVMxNTN1QVRoVndLOW8vUTVVNkFjNWR0TkdiVUJLUGp3YVNucy80SEdJMFgyZ05leWFJUnF0VWFrL09NK29PbXNneVUyb2R4TFg5MkZldXUveGJLSCtzcnNmZVhJbU5hMDdJK3l2Um5HNm9pbTgxQUMraUhVNkdRc1ZLaUtZY08xK1RVRGhNajVTOFVtUXBXdk81eE0vaHFMdktyY0dBdTZ5elEwVnJ5QUJ2dStCRFpHNWxWeFJMOTZoaXhCVXNSMkpzNGE3czNtbGtuZzFndnRMSE9BWnd5SWNhREJ1WFE0Z3RzT1hEMGJ1VG1pcHZ6NTNBY2VEcFdqUmVwZTZnR0ZkSStRMnYwSlpmUmhBallqdXBEUVpmSTVIdDJJSko5dzdCYUUxTmh5VWQxYitZOHFZNGFFOWdHdGdZWUVWamJRcmJlS3A0eEk5TkxkV0hxY1VkVjREUlgzaklwZTN2RW9wdVk3dG1OYW9QdGkzajNwV3hkU0tFN2hzZ2QwdXhJWVMvUUlUZG0wV0kvOVdla3ZwOWZGL2cyVnVob3pHOTBmd29oZVVoLzBoSHVwZzJYNWlCcVFTZEtiR29mdjFHNllERGY0azh5eU9ROHdhbFBkbmhhZlYrODRtcVhUbFBuS1BLRk5BaWVMc3MvdzhuOGRzS1hvMmJjSSt5NVRpWGtCcXorVXFvSXRIMXczVnRRamk0Z29yUHdJNDBhNklFd0hueDlmMmgxWnZ6ZlpjV1d0UlRPcmhpdDlXcHVSbG9nOElpd0Q0M2JXWTJ3cGhRcUpVcFJPaGdxQmViOG5xVDZmL1JtdUM1Rm5GQ2FSMTVVSExpUU13NFJCdENycE5GaDVtT0g5UFJVaFZmUkJtTTllaE9icnRxMzJjamNFVTRBRVM4bmFNTmZ6ZUFQOS9pdDdUbVVSU1FuZlYxN1VFNzJ6RWVuSVl5NkdDK1Q2MUdCcS9KOW9TRTh4c1dqbERaSkFjcUJBV21zSGFaSmw2SThvV2dPMnRNTG1YbTB2QmtZUG1GZXNVMS9GVzhuYnRDS01KLzFTc3ZUOWdYQ1ZxbnV2OUIxMkY2OG5YLzY1NytON1pQKzJ0NlZLRGRRL2c0UzM2OTk2aS92NGgwYjgwbXNIenN1TS96S1VmNzNwRlF4dS9pcmN3YXpubmNuaVFaYjd2aVBrdUxhMW5oUXlNUmdVNzh4ZTlXbUNzenlhN2Z2YkJpQkVJa1pPelJBQVU1MDF6amRKYXU3cG13VnF4RHlScHJJM2J1OGVNSFB2R2ZFeW9ERlZtcTZuSEpSOGZhZnJSclFLWU1PYUVtWXlZQUZkeUZvOHpWUVdCeGZBUlU0WkNkV2N1WmlmYkphV0J0c29hM1h6OTkxZ3pUNzlRaDQxSVpTS3ltM09Dd0xKYU14aER0MmRWdTVvOGVZcUhFdHM0NDVCQ2NKdHc5YldodU0rWitQTmlPMzJuY2pYclVCMHJNQS83NTZvZFVyY0o0c3d0QUpjSXQyM1FjVEgza1B4ODV2RmFZTVZqWTkxRGdDVEJDZ3pjMWIwSzBQMHgrZC9kcG1RZFhtNXZOMkZHeWZKVllSWlBUOFZqUGdnWWg2SVVmLzFURUFXdWdyV1RMdVNQTUhMaFI3OUZKZnVueXZXNlN3THRyUDNPQVRWYS9wNTkvUnhJZ21aNVR5cGdFdk9kY1QxV3dJSisxaDRFMGxkN0k1MkE3eXEvNkxmOE8yM2hKaWdwaEs2N2p4N0NZRTA5b1FIMXlQT2RKejFBWHEwTU9GSDB6NEgvdG5xRDltdExXSVdpdk9ocUlTa2UrU1hCRHh5cDNHblRLOVZaVjVjbmRBV0VmM1pZc2dhbnBEMzJ1b3J3NVQwcXB0Y0g1MmQ5MzlsbFFoQWZUazY3SG5uQ0lmTUxoTVFEejhZalRYcTRFdVZzYUxOVHl2ZnFpSDljM2huSnJZbkl2aW85NExIVmpuSEoyU0ovcVd3a1pSc2p5NjYyUWRTem91bGFCR2pzaE5ocXQ2ZnltcENEV3l6eGlnNWpROWdhb2dUK2x5ajVXbko2L3ZxYW0wNGpBZTdZS0dtNkpUOWRDZ1lQWlp1eXg5Qng4VmZZditITGNtNDg3VThOUWFMdDVNamNUcEQ2dEZTbDU3ZVFTQXpxM1dZOFB6R3RYVjlXQUpUcTN2eHp6dlpSbElwV2s4ZnNic3NCdll1OHpLKzh1R2thYStlMlV0QUtkdG1xMWJYS1A1MXdZcXhKWTV1ejZjZ3FpTzliWXRodXl5QzA4QVArd1lxOTlYSkQ2aUFJREFKZ3pMalBxd3RoWmkvNGpHZmtkNHNYVnc1aUNGa1RQZHo2RnZtbEFsdU9MTFJmN2EvZlZzdXhsMmNBOEozU05MMFBuODdEWjVzckZtNkdoRld5SWtsQ2w0Ti85cnBvT1AzZUM4R2xyM1RMNnN3ZEhYQm1nRXprMnBaREZCbjNqZ0lyV2lDcjkrOWM4VDNHa2dZN3piSU5Xa3JNdU1vc0ovM1ZKVkxxSEc0RitaVEgwc3ozMDFrSFpJTEdqaXFnYy9tM2JZSy9pWDN0Q01SUXh6d1FUQlRteXJ4UnNJMUEyZi93b3I2R3ZKTmxWUWdGRXFtcVpUd3FvZkVPZ29kRnFyNG5VTVJUTUJWaDAvTWFuR3U2REV4L0RTSXQ2SUJqQ2FtMHc3dXBzQys2dk1aeHVvbDc4UmJyY3NhOE1IOW1DaThKVDNpQ0lDUFB2TGMyVDRYVkQ3OVR2TG9NSXA3bm01QWdSTjBYMU9MUjgzTDR4TkNDMGdXeGtTZGN6RjFsMmkzbUthSVplaWZ1N0dsTG4zdmQ2T2tacEtYdjBxQTZJWTdGVkkrdUxYYkdqeTFoNDF2WDdyZENLZDY5Z1ljcmd2QWJaZ1Mwa0h1ZFRBaElhaDh6Z0ozMWlmM1Y4QkdtcUMydGFDak1SU0k1UzJTZjFlZVJ3WjUveCthUFB4VGY4b1Y1T3lpZHdTNkRMUlFGWnhpL00vSEs4L2ZTRjBhU3dPZmZ1cisrYVVCcEFhRzM5R1J3VDUyWllsWUNOVG9GYXNpUmd4dUtTSEx3TTg3SGlqMnVxQlloYjFkSnNtWTdkQlZOcSs2QlVVTHdJVm0wY3Znd2NXV2hlVnRtVzF4RmdaNlFHd1dqdlZxS0pWaVlOLzdYeE16YS93VFlGZjlxV0w1VnEzVTYvN2ExTmVzVTJPNEhKZE5INDNzeXg3dkduL1RmNVp6dldFYVNKb29TeE8wVDUvK250RTNpQnhJOXIvNS92RDVlbGxIWGJhL0lEUm9oQ2lvM0xWOGhEWTVvWVJoUGNDbzJJQnM0ZFAxN2Q4YmZHVEFaQmdJWEdWK0lJck4yQW5hMHQyNkluWnNldlVxQ3pvblkwcWxiblRoZnJyMHFNRndvb0xlVjUzbldsZVU5UTJRclVuQTJuOExBbmxjUzZpaDRRbDRxdE1xQkNNT0YzdzFHUUZQcnJuWVFLSDNaNElZOG1wTzFGb2xNUXFDLzk4MUtpZXcwWGpqdVFZY0RqT09vT3J0bSt6c0dQOGwrZldNU2I4UWhqLzFQZHNsWVovVWVFRE5SQldZYWY3VlV6Q1R5ZmoyY2pRN0F3WjhmK3dxOU1yYkVEdkxXUUVyZUhWdnY2dXJuTE55aXpWUlVTTzdMKzJ3c1dBRFNrd2JHNDJ4N3RjejlSZTkwZ2ZEeTlIZmYzamhUQzFKV1pNYW4wMVRCSkZUeTdzTUt4UTBjTlVBczhNWUtqTEdsT2xWMnBBd2IzdW9wdlVLTjlGOXBPMzNRTXNCbk9NUVhUa1I0d1hnZkJuanhMb3dMR0QvK2NuTkI4VEwyc1V3dTdQSS9pT01HRUhXVVdjOVJOb3NlNGQ5dDZrWjZvak50NlRhM0k1QkI3YUF0bVJTd0xJQ1FqY05mdzExZFFMOHFEcTlCaHpKT2M0SVdSYXM1ZXNCUWJmOXpYVHJLV3F3alJJeTRETDRCajJ6QnJ4Q05YcjJvRzgxNjdCUkdFSE85NHpoM3p4QVh3RUtBZnFmRFh6REFMV1VPMTdMSnA2N3dhVmE1emFjVE82KzVST1h3VEVicllHcm5yUTY2R1VpQ2xXMTVoV05ERzRBZHpVSHU4amx5TmE1LzgvRThKZW5GMmZLL3hQTGZwcXBkcFFRL09rdnhITXBGbFhQYlBUbDY0UzZia0FodUxSdFFqc3E4b1RsMTQwbEc2bUpyWTMxOTE3Y3RIR2svSHhJUnVYRTlVTkhEME95cjNhenFGaHA3MG5ac2Rza09Zdk1ZdFIzc0RwcDNNN3ZBQ1pBWmR4U3MvWXdaekloNEI4YmlKTEQxbk4yRWowNEE4TDdmcWVEY1ZxaDROS0dmODNkZENtNk5uWXV6KzdiN00renBrOVRCZmhpcHJuekZLbHlpNm9qYjl1aWRoQVpxVFArL3NWSEFscmY3b3JZeWllQ0FncHd4TjZ6WUxiSitmWG44dld6dDNaLytXcitobW0zVGlQeWZHQWZ1TmF1SDM4TEpUUXkwVVlwMHBUR3h0MmJNSjIrcG1acWx2dVYwak93aS9nL3pQSHlWMlM0V3B5VGF3Mkpyd1hqQUpZeGZpN1p4TXhpK08wb3dWa3oybTVBeWdmK0YyUW9pNytCa1BsV0RjNFlFRFh6Z21PdEZ6bnpWMUMrMjhubXNwbXQ0ZFBUWGw1RE0vMGVHWFlxSFQ0S3ZaUDNlbUhBTC96WXFQWjhzL1d2bWtwcGxCaXgwTnVSUXJpVDEzZE1NWHF3PT06OiIQ5KppWWIqk+C2t/JkyVA=', '2018-11-27 21:48:54', '2019-02-17 11:00:21');
INSERT INTO `employees` (`employees_id`, `employee_id`, `name_id`, `position_id`, `contact_id`, `account_id`, `gender`, `signature`, `created_at`, `updated_at`) VALUES
(10, 30326548, 66, 15, 54, 92, 'M', 'TWNCN3FMMFZRRmcvODc3NnErSTdSQ1JUSHRhSHFuN3NzMGcvdlczWk1RQzg4V3JVUHN2N2d2MC9yVGxPSzBSSEtXOU81dExoaXpoZ3o3L054NHVIMEZlSi9LYld2bGZOSlNtZEhkR3lzVCtERkJOQk9YS3R0cE1OaXdJYm5FendST0RlRUxlbG8yWkhZU3ZMemFxQVZDai8zbW1kM0FPUjhKNmcvb1hrZXVMNCtzbVhHQ2xVL1NLOGxBc3ZaOGQ5S2J5YnJzN1JEMittSjhrTkpMNnZxRHBmNlN3SWRIbWFFVlpXTVl6VXNhSDlxMWhHWktqYVlQMkJnWmRQQVJ5ZElkcmdKMHFMVXFVTm1ocGtOVzRlejl0VFVOR3FmSDg0N2R2SVNwOG1wY2pJcEk5Kzh5eW9SYXEweXVsalBUVXI1MlpPSm8waDU5VFdXN0ZhUVFKQ2lOUjF4anF3UjFrMDZVOWFWY2hBU2xnSTN3c0JZcVZ4TTdrMHl5U2pJUnp6SEpOMFNvNVBVVUpZU3dpVzM0Q2lzenZ0RjI3ZzdzSll5d0pQZ003VUNNbVJpQjUwdVRpMUh0U3dHNnhzc2hIcGJoTUVkcWcwd0VhbjNaRURoc3dJYWt0NkVkSkkxTjBQcHhYdTg1UWc3NWdpSnEweFQxQmNiV2pmQnh1N2UyTXppUVc0RFlIaXZTZWkvdnZMQkRySzhFZ0dGK3lFTGF2NVlpNUZ5MTFyUzQxKzFad0hVZWZ6U0ExUzJzVitPV2JWZ1dhM2d1dmdHaldVQTlMT0tXazdnSHFXNTNOT1BUSFVSQ2kyT3J3V3VvS1NrZlMwN1ZwTWZiUCtqZ3g2SDBCM2d1Qm55SWNJT3pmY1JrSk85aWJTU3M4VE1yTDA3RjFwYTl4dW1sV1Y2L2J6WW5MejdLNmJpakdLUms5SnRnUjRhckF0ZFdYVDdLZ2FtYW5vbE83YmFHSitJY2sxNmM0Z0tCR2JyWkxCUytPVy8zM3FpQUtLTmVaVDd6VTk2Wmhxa3VIeWdTTHByRGEyUVYxQmZkMzErTDVPcVRmV0ZST2ZjV3d2Um5xQU9hUS9pelVzYVQxeHlUc2FiVnZmUVRwWEhMU2xkcVczWGN6VjRWTk8zV2d1bUltZ2lWVzN4aEdGRjVXcHZZU3pWTlc2am9YczQ1YnRvZElqSy9UQlpGanUzNXhyLzFKcnVUb0swMDE0VXRPeS9sUklobWNsUzg0L216SFA5VDdxVnFJRU5wck5uUDFxaFA0OWx4bFZ3OVRyS0pDNE1uckw1aG5CODFDSEc3U0dSMDBYd0JlS093RHFmQm9zSXl1c2h4ck0vMCtZdDZJckk4M3VCTm1LNXBhYUJaaUFjS3hBbmVNd0E3Sm81aFV6OWo3RWRPWGZkTnVKRzZkZ2pYd0txZW9BOWxiSFIzWFpiZk9ReERPNmNRWGlVVk4rWFlWRm5pRVJmN2VYSUd6SFljK29BRUg2K0YyeE9CRlRXZjF0dmNpMjlBa3pRczF0c01uSDU5dm5IZjR1aytIWkl3WFFNMHlGUGxDS3llKzFVNW92Tjc2OC9VK0k0SjY4ZUs1TUcxVTYxeG9YVDJuVVU5dnpVOEkrZFZKRDBsWHQ3cENaSHVmYnpCQkFMODN6T0hlV2tobjNpb3VDMGVTU2R6bTM1dFN3K2EwQk9BVzdzUjBmbEt5cTBMMkRVN3RZUXh4bGkrMlJCWnc2ZFVnd3NBWEM3bzFROXVtVm9ydWgrU0M1VGJ6SVBQbWtER1BZSmpMU0NpUWg1K3ZQU0UyRE1la3h0aThVMDJTeSs5NTFGc1N0MWVBWkFkajE5dUdFckl4dHNIUGkwZWN4NDdIdWR2ZmlsZGkxVHQzdGRVNDhtQ0xQNWl1WUdIeG9mU2Z4T2hWcjM5NE9PQWpabWFvaDhybmpPTzFDbEl0K2hIV3hhVVd1ckJXMkNFanhGbk96cFNNK3NWV1ZsSkZORVNXL1d1OUxrN2cwNEpqN0tBU25GUkhvcTBxNldlZmdzS2RrcmR5MVBqSGU1ay81MVBteThJZlZMb3ZKMmQrVGROakJ2UmhINnIvb0ZFUlc0N1pFay9RWmd1RENwTWRUTDJIR0tkS0hZbmpaa3g4eHhOaVBIeUI3Rm5adGlnZG9qZGQyRXFzMVRMOVpNY01tOGkxTUlPZTUrVXhlS0NZbkgxTW1rYUY2RkJDeUxGQjFnMG9LK0RjaVZ2UVl3MEZoU0FEc3d2dzZOOTVuNGdncTdIbnZabFhvcExJQ3k1OWw5UkRWMUhxSVZ0a2I1N05EeC9xTFpITE5XeXQ3WnM3VXpqTXhPcWp2cnlNUlV2VXlvcWVEVk1XU3MySWlaYy9KN0RpUGliRld0b2lJc0I4KzVmdUtzM3E0NjZnd2RhWUVUMHVJMnpuOEFzR053TzNyMk9LSXFueFJndzVvUlBqdTBnVVFiUnRzeE5oTjdGaXA3aEJZbEJxM1hDUWptREJDVDJ1dStJdWxqbm5ta1luYXVsNkZhOExxTnlUNDBHaTQyNlZVQkw2S2wybXZoK3VBdzQzckxid0VpUUZLaU5FS210TjFhUmJRTm15QnlQdmpEYXRDcjZQUUxnWi9DMnpmcVlDcnBpYnlyZk1ERVA4aU1NMitxOG94SFJGOUxNY0pkckFaSjBDeGZFcC9HS0VZT1dpakcreTlaaTgraVp3eUpja0FaRmxJcW5pNlVqZ0t6eUFzWEpQd2VRd0JLS2ZvOEtBcjg1ZUxpV3FQVGhjUFhjSXlXNGpCQkhFL0JWbHJTbXp4T1NzOXNKNTlFeHluaFg2MUJrUHgxbmpqSFV2a213WWpSSlNNcnVwbkVkY2FKcUVJTWtlZlRvOFBBRFNPeFhCdnZFclFGTlcxMHNNRlIyNk5KRTdpUnRMTVUybUt5eTBkQmlhRWQ4ZWVzN2g1NFh4bnM4dkY1QXkvRUZVKzhCT3gyRjRISFRYR2s4eThFK2RNVTdpM0hFbmFzV09UMEh3YjlQNDRrVSthVjdWcnhiRkZ5dThyS3IrZnBLRFc1VXYxSzBBbFdlcWhKQkVGUmhtQWtiVWR1b2x4MnNJWkdVWjV5dWRJZW1pU3l3VUpyVXM0NFdHVWYydXFmUVVDVk9KZ0NRYUVoalpNeHVjT0RXWi9OeGhoYU1UUVAvRFY5c1dBdnl5aS95VXdEUXEyTm1OenQ5aVIrVTdUZ0hraldEc3hWRlNUSHo2all5Ym1tMEcwcDcyUFdvRlRVdlRIV0FNTUdkeVlKZkNNOE9HVEZiYlN5S1dIZ3lTcXlPZTNGOS9TemdmM1JaQ1k0V0xDV3ljQjBNV0Y3RzcreWJBVi80QjBERHBicUQyVy9RdEdUaVpwL1BtT2xOWmdqbmQrZmZRTXo5M2J6R0lFN0g4RUVqNlYxR2VSaGplbFo1MnpjSTFjWTlXeWJlVmVsaGMvY0JlZzVtNCthc1k5b01Td3VHaVB2bytkYXhXRE55L1lXUHlwNnJqNjc2MlBlUzZ3cGJYeVloazdUT0RMOFBNWUZhUFJscXNqZHhXaEJyRytQd1ltNVd1b1BSdTRRaHQrWDNyKzVmbTR0eml6aGZhS0oyUGdhMjQyTWJ0VW5JclhYaVU5SXBKeDdoYTFaUDM1VXUrOHd1OEhxNzJEeU4yK0V2VjFFVTVIYVRNZ3ROU2RBMjkxWThXRkQ4d3B5VlRIVUNid1dGZ0EzOE4vQzk1UzN3SGpCUnVRYmtjKzJnWEptaDRic09GL3RyUGk4Z3Y0VDFOdUhsQXl2TFhoK2ZZZ0ttZU5xZk1obEJzUjlIMW1JUWp5KzFZM3ZwOFBRVVJOd0Z6UXpqd2lXTzFwVU9TY1h4dVJnQUc1aExES3pTaUVFbXlLYkt2dlJwWUc3L1hYZnpYZmcraGR4SkpLU2ZUekJKQVdPd1lnTmwwaVQ4d2hZZ2hJa3BDdXplMGRSQ3c4b1lubjE0SVpoS2x1U00xbjM2cGI4YlZDUEE3M3Ria3daTDVFVEM3V3RKUUw5dmd0ZUxNUTVuSWFFNTY1S1B3a0tISHF1RGVWOEM4NEZORUloRlRwZ1pmbmFxR3JRbjRaTklxYjl2YlVxWHMrbGZ0a20rRlhzempsd2xKN1U5N2pxeitvbHN5aWFaaDdUMDY4MUtBbTNlS25BakVNUmlNTE5PaTJiakxnaUdSbWNsTmhjU3pnNkxZN2JkMnFZQ1BoWUs5cHV2UkVqam53R2c5bTBVa0dyMjFiYTQwL3RVY0h4S1lWY3dFK1Z5U3h1aDVQc1JjS1NNUVVxaXJEMFBJZUV4U2g2SldTL3NYN2tNNTArd3R6UXVCVXgxVjNOb1BLcEJyZldZTXIzSzhIU0tQb3BzQUtzOU1YT3NESGl5Z2prcUF2Q2xmYk5ZVnFycUVhYjVITEtLWVNLTHlYbldKMDhyNFE2RlkyeW9HREhpdTFuOS9VNlRrN2RaYitUQWNEV1c2RzdMNzhpZ0xKWm15a2Y4T0FnK0VVZzhmK0dNc2o3OER6ZXM5K2RDeFFSZkprYmhjUWxqRlc1OGNyd2Z1OEdTcFhZWGxXb2RxQ1RBOGJ5YkR6RkMxQUc4UEk0S25sK01mUnFQWnllSG0xdVN3a0laNVRzWTl2c0VCWUM0SnVFTjVPd1BnUnVhaWx3Q0VwWnpxMmovT2ZkYVkxYktadHFWcGtuZ2xzSklsTlFZZmxNbGU4TENUK3c0d0hoUnFTbHM4Y2hmeWFSOWZkaGtEZEltSm5EbUdkdEFRZjcxbzN2Q1FRdWg1QmVBNm80eWRMUzRGUmVtcGEyMEhHY1RQWHNHaGJtYzE2THppblZoOE52cElQMTZSTnZOdWExY2Y1dDFoU3ZEY0s1NGpQMlo3dmo5UGluMFVXc1hZcUF0WDQxREJrbXRCOFVLanNsOUFGSHRHdHEyUm9ETStHdWNQc1BpcUxNY3orU1JENVNXVWZVMnVqWXFxUHZ5eHVDOXcvT241b2xTS0NubFJkS1g2NFdBM05jbXVFSWVoNkVnSEdrK0gvN1d6WjlxN25FUGFzTERmWC9kaUZJQWZTU1VqYjFiY2xBai83UEo3RFh6bk1lQXJsSmljU01PZUVqR1piRWxsQzBtTEtyMmM4aVR3UWZOK1F3NDN1a1YyTFZZTFlyZEZ2MDdWMjYyelgvR0Y1QU4xd3hCMHh6cXJCZzJNcDl3TG1hb1BrR3FMdEl2MmxhQ2Q2elZlczBvNVJqK0VNS3E0VVRnNnJxUExTS1VqNjhTL0hYRFQ5UmptSE1lTVhUYk9yQk9rVytZR0tybCtTQUxPcTZHdDZ3R3hJWFNwSWpyVkVXcjUrNThUY3Joam9uRk5yUThGVFJxWkZPSmFnQ0dJUFgzZTFtYTJzdjhSUW5FbEcwcElhck1oUXdTTjEzMFFzdENqM0dreGdYTFI0ZFk1Vks2WkU1V3NXcUpOcDVRSFFzNDZZcjJKZStWRDliL0NaVENFZlUxVS9aMGxTaG8zQjhyRlJHVkt6VjRTMXByb1Q2Q2JZd0NGMXFYeGIvZmRsaGlQQ0NlT20yUyt3WXQ0d3FNeHRwVnZhdWh5MWx0UmJpUThkbHVVVmhhWDNOSzUyOStDMGhSL0U4dFBtTUNwYXpuSXVmeVdsdHJ1Q1VRcnFKT1hjMmM2TnVUR2EyWFFTeHd5NzJibGovZFhxcTFNd09yWFBQbTNUWFEyaDd2M1Y4Yk41QnpqcjVWSUtDM1hCRTRkdmUyQ1h2bE5Hb2JSeFN1ODJmTm9YdVpSN2F6RUhNVDF2cVBCdFdjSTBwdDk0T0FxNU1jRG1TRGcyOTd5NXdPRGNDeTZVcjkwQ0Y0czlQRUM0bWFFUjZOVDhiRmJobzZqSllidEVGMURaVEdFc2ttMmp5SVpWSDJEV2dwaTFKOTJkSm9SeU53TXNnUGY0bk5GcS9wN1lISUJTRDVqSWhpN2Y4bUhNS3ZZNDkxQW5aNk9UMWZkN1dxMmZwME5kSjRiVmdXOU5tSEVQV2wyZ1VmUWVvbjFHblQrRCs1NjA4aEFZZllUUDdOdWZVL2hjNXg5c2RPZzlOOG5kWlBzQjZTUVU2UDBQY2ZvTDJEeXBYWFFoOVQrS241bXlqODFRSXFpOXJYbDA1aytLbzd1THlJOFQwQlBFNjRyM2R1dkdydXN0L08wRW1hWFJkSzlsV3BvTFdMOHl6bGhoYWE3Y3FYejJoQ2FYdVJ6Tk5Vb3JBaThlYjdsVGtMcitQd2FlTTJjUXorMDIxR1B5bFVqTXAvc3F4SEttdGZPakZYNWlSQWJUT2tUdTZBRDhZa2cxYTl0WWpBd3dTeVVMTGtGMCsrL0hiZm4yL21rZE1lOVpZL3BaWjlwdlVudHJ0dVp2K0dPT3cwT2FtWDg5UG5SODFENkVlZVVvVTBiZDFQZ3VnRTNmbEQ0c2tEMlp4R3RFUXMxVkZuQ1lTTk1uZE9hbFJ5cXBUZ0N0T0hFMXhKSEVFUEtRcnRVay9JRDFaWmlhRFQ1S2hGSVV4NGV2bFNDeVIxOEZXbmM1RlpBbCt5VnhhVnp6anhVZ2pGSjZKK2ltajVrY0YrK1JBYWszUVFBQTJuQlR1Nldya3JSYmFmZ1BnTUcxd055OE5VQVpzU1RvdSt5TUFHWDI3YjNrMzBCR1BSTUREalZiR1NQb0tlQTFzYjBFay96NGdhelZtcVd4M2JiQUpPWTQ4dWRVNm82S0NuVmpMVVZIZFpVUzg2ai82aGV0aWUxKzJvRjNGS3k2TnM0Vk9OdGE2S1FYTEhZYUpOSFdEV0hwYUdrcldRZlE4THhNYUlGYUVpMDNMWDdhY2syUWpmaEQrWjNyK2FES0l0Q2t2c1dhSnJtNlM4ck9ucWVPTXV6S2tiMG5qYzlQcWw0L1Bza0tYQXNvK3ZzOUJuVVVwV0p4YWgzT2s3UER6aHA5MER5ZEtpZEV4ZUlQTlJxbVZQR3VONmVvWXMwcnR5UlhEejdhRHlLK3krWE5PZFl4VkZOTzMzT0FoVmRIK1JzNWdZR0xQaFAySmRydDMvZnpPOERpdExFaTBQRDEvWHc5WVBvM2FaQnVaRFRMVHJKK0F5ZWFmYk5YUEhsaXREa1VSWUI1dVJNS2ZSWlpuUFpqWVgwbU5LUTlBNWVHaGt4SndzZDVLc1lidGhBaGo1YVh6YmtrNThiVTRVK2N3ck1QOEZ6QW5BMjliNXNKM0NaMjUxT3B4TkMxMGdPakRvZGlxeU9XVjFxMllnSTlKeGx1VUZjc3dROStsM0c0ZVpHWGVoTlhySVgvekY0aWNQS3dOYWQ0cXFWQU1JQ2NvalJoTitGZ0UxUEtVZHJoK3B4bXhZdGgzUWJNbThVZ3p5REphZzdIZnMvU3p2dmpqYWhrcFJ0aWNyb29YeU4rVzhpOUJsVzNZcGFoYkJIb1kyVDMwbjMwOElDVjhCcTF2YkQwbmU0UWhpRnRaOHJUNDlBdmZRU2ZMU3BBbU56eDlOMDFRSUJ6MGdwWUFQSXdQRENaV0EvVXdoQUZya1Q4WGFnaitvc2RVS0xieDQweDNWOGt6UlNLV2hvY3pYbnJzU05ucWo5RzM5SWdwNkVZSmxlbG9meGRqdHRURVlrWmkxQnpRYmVTTkRuM3lpSys3OFZ1TnIwcjBHRXVUVWNwWldYRUtEaEVjVXFSYnplVno3Qm1icHVvRVN2NFRaWlF0aktra2NWMVVhVm0xdUY5c3JJWHMrbzNPYmFUN3RaRVYxV2R6U2MxbCswNVZRZHdFdEhJVDgycHV4OUkwSjVkNWh3Yno4UXhIbmRZTFYvdC9LVHlSSVY2YkxlNUU4WW9Qb25pSkdKRE1TZm5LR25rampMTng1WmlrNmhNdkltOUlmS0RraGZNbWk3THVTVjJ1S3Q4Z0RNSVIwMVNWaGt2bUhDN3F0eUlHbmF3Si92RzRORDYrcXVMeHI4MVY0cEZrYzduZG1PVERDdEc5WFh0NkdmYmZyVFMzVmNZZ1ZpeDNYaWdBRXYzQ25QdHl2NjdHajl4UEFodXJmK1F3QjBDNHpxVis2SEV0WlJTVmlCWi9vdUI4MVoxR3VFQnpFRitsSTAyeTliL1FHcGdSK2F6S3V5dzF4SU4yczgwdGtaR2xrSitBaGFONE5MT2NuZmdRNmFIc3FXdWc3UlFMWFhhWWdRYXdpUVRJU3RndmFObC9vcXNyQkJPTmN3VzdsUG14QVZWRDMzZGp2dy9iUDhVODhwMXBLNEZMZGx1Mm9QOVVXU08rWlFoalBFWnhMd0VESjE5ZitlVFArRGlhWkIxaVVJNDFZZTdyeTNWalJOR29UczJGOVU2VzlBSytQTXlZY2JoaGUzVXREcmhsWUh2SGFjMis3WmZuaUlIUTJBNGJDOVY3Q0I4V0tDaXRVWUlaQmZTdVJzMGZBcGhhbGkwcHBMUnVyUm55ejZwMUU3RVdwNW4rVUZEbmFiWGJ0N0xzZUlFMmdUajlHd2NkZjEydnVBUlBJY0ppbUIrMjI2WmZ2RG1rY09kWVNsU2NZWmdmMmdkYjBCMlVIbmpwakYwRE5WZjZJTmpHZUlzemRkNXlNcW1zSlM2YVRTd0RJa0h1WExyZXdSd1VYZi9VMWpPa1hYNlJILzdQcEFTRXdNcUpPcHI2L2RrbEoreUpoYy9xdjhYVFRpSWJxUUF5dkVhaGVJVVkwdm1sZjF5bkJRc09tdVpsOHJWV2lQOEtFaFlvSWMySGRMZmFIaFJidzgySnRZeFFtZkg0ZVhmYkxiYVI2QVcxMUZsUTlqc0dtcUJTM2MxenRpRklZckxaaGUwcVBXUWJEbVdtWG5IM2xYUGdJbXVISlVxTEp5SVQ3MlZjNUF1NTVMaVdnY0xaaXV3SXFwYW5wMlpoeHpmZjFIdkZGK3NhQXU0T29oMm1wTFhURzVYRWZPeGpKaTJ2WDB6WlV1UWo2eFJtNTdscmlkVjVCelpVaE04WEVyNW9Pb3BzMkpFbDhFVlNITjlSeFBPbGZmb1Z4N0JYLzdHM2wwbzNkOGFIdVdpUjVjQkxCeGd0WmxqbU1pQXRvcHJEL0tiTGh6YlV5QXFNQTBhLzczOXZSUkh3QVFKS1lEMWEvL2N0UVlzUFlvR2Uzc3YzVHBqRFRiNkd6WURLOFNVY2tWUGNGNVRYREt2aW5ZK2llQ1hnYjI1TldWb3BZWTJkMGx0WWNkOFQrdXBhc0grUjY2SFNhVXZOWlhYL1RmZGNVZklRZVBjOFFuZ0RlREljSW5xN1luejFlNkg4OEFwMUNxUnJxTnl0UGlUSUswV1pJMWxXa25VWnNUekl5QzJVRGtiNy9yR0dKbGkwZjlaa0JSa09BZFdpOW9oZ2VydEIvOStIOUhrVVkrc1NqZ09QMVBIK0Y1bjdiUjFsa2s0cGN4SzF0ZlhsaFN3Z2NCRVBKQmJkaVlPMkVHQmtzYWxkMitBK3VtQWJmc1VYSlhWeE0wTTBTQXd2SWF0VEpjRjYzSktQSFdJcEZpbUZDUVRJVC96dXpmVlE0RHN6VEN2Vk1FUUY5QUNaRUxMV0VCQ0dybkhEdWJjNkhKbDJUZU92Wjk3aVJDV0VPWjlGZk1adzlLRXd4bGcxeEY0L1lrT1lqRnZUbUJ0dm1qYThyUlpTTUc5ekh3K1lHNHpBenM4N3ZHcitiV3F5aXJSWlhRSnVOalhEMVdSZnBQTmpFOXZSbTdRY3ZUTFU2RVlIeWlnM1ltYmZGRFFtM3YyUGh0Z0gxTUQyZ2kzS2EzRVh2M2l0cXdjUVpSN0owbTg5akdhU091b1NGSEJUd0ROR2JTWTJ4NHBtVnlwMHdVQzV5YlB3MUM3MjhzZEtBVmFkOW5wYk56NU5BUzJKUWxPTytlM0Nhaklwd2FDT0Uxek5mUWkvZElvdXBVS2Z3ckNEUHZKV01scWZJSWtBQW5NTDByU08wYWcwbFdEUlRlazgreTU1OTUxbC9xSzhQQWVYVW1mOU5vQW9tSWsyWmFkVWhBQnhtVEM5enhic1grZnF3cnNDV0JsNURING42Yk1TSFZadWJydDVFZGhVMnRTSVJjdlMyejNvSm80YWpNcWRib21hR0NiQU9hWlo4akZOK3M3RUxHZXVsVFVwR1pkV2NpYUhRZ0hTd3lmcmRsaE5ha0NKV2FHTGNGZWxwQnFPeFBGdm92dXdySEIxSlNIaiswRS9GdExLbWtTSVIxMlZyNDVCcGZ1NzRid3RKeXNxektXRUZaWGdSSkw3QkRZRkFuWVJBajdQd1A5WnJSSGVuYkFqcEt6eDUyWm1yaUxuZGY4WWRXQVE0b0xiajlBOTYrZVU2MU5MN29obW9yZEdFbDR3NFRlRGVjUFgzUVQrUWFydkRPNFRGb1UyM2ZBWU1JVHIwVFI4ODU0cnZVVWRqTGw4ZmlVOHlRd0dFaDI0KzhudDREUFJjdVgxMFovTWRRTmw4eFluNmNEam1LNkNqTTV0eHUyVGNZQ1NiN2VSQ0ZLMTNCUzdYejRVSHpvRzBoM1Y3YWxvSkFuSVBqVzNkZGdOeGdrcXZ5L1hQMGNLTUx6NC9Tck9kb2lLMm9jcnB1YStoN2pxTG81M1VGU3ZuTmd5alR6ajJGaTk2bFJ2UHhsTVRORkNMTlpCYkRwa0tKMVY4Wm1WZENMR3ZNTWJNbjdvUnNNRm1NSkdNWHc3bUhweUdsU2l2WmVybGZtYWhuNTRHcVRIc01ZaElXUkFHSFAvQ21PT3lJT1FoZGpQaXN6VjlHaWZtV2h0VTR0RkVOdmh3ZU9TMFZTUSt5NnZUamlZMXd5UU02VmZxMkhTU1JJUDdXR2hYS0k3MEFJOEUvNno1bWlFYUx4NkRaZE44aWNpVlFNdUhiR3p4empmS1hjUDFCcWNuL1dPT0VzTlNMVnM3UlBYVkh4K05DeXoyMlFKYnlwdDc3Z2I4dWI5d1hhK0JWYWcxaGk0WVdGMDFpLytiQ1p0ZklUN0RkNnZWd3ZKdkw4TUsrWCs5bFM0cjNoZXMxV3JLZXpHMWp0NlhwK3dBNXg0ZGZya0lJSWwzR3ZaMWVzVXdiOEZKWnZnQ2xMdlJLTEhsN0lDRC9WTDBCeWVtQ3dmVk85ZHNVRktpQ0RxMFBUK0VGRFFYWURpc0t5blZ4a0JobzhtRTBzR0VYNW1idWlTWHY4eGRlT0pCc29zREVib3MrclREcC9aWUtxZjU0NnVQWmRFejFrYmltemVmZVlJaVNIdVpJVXI1UVprb2NlRmFoajFUUFBiRFJINU5MTm9yWEkzd2RCTXdjeUszY2MwM2s2SnhFQ2tVdFMxQkkrVnpycWdhUTJ3c3ZEc29YVTBxekJocFQ2WWZhNHRLMk1mc0JNMExNN21VMExwUkl6QklrV1N3Y1JweU1MaFZRRm11OWdCaDZBS2pGdk1OMGxuK0U2cEJOZUxvNlBHT2pYMW9rU0lJbEd6eTJHSDFsMDJCeUlpSGJyV1JJL2kzSXppcFp3ald5RUhSNjY0K0x2UVRFdEJab0c2TTZCS0h3R21MbGRTS1VpZysxbmd0cWk2aGtKTHBuSFlLWW5uZGZsNXJmVVBTdEh4ZVhWdFdTaFpvd3ZmcnlpNGVhYnd6c0pIWURnalROaDFUNGVpNjBVRlhnUmtsMDN0V1dEb2U3anBuQUF2MzR4ZjIvRzRmRXNPU0IwTGt2ZHdHTTBsMHRpVjNDTzVpVzArRE0vdE56M3c4eXZ0WmJMeDE2M3Y5V1kvejlwdHlaN0RUd2tmbUN1M3BpbEV4SzEzR3pBZzFGZkZCVGVXc3hoaHMzNUVUMmdIL3drUTd5N2M5R05vZ1k2b1dWTnZXNitIYmdTS1ZmNUE3S2c1TkROSUR1bHliM29RVlZmTTROckZFczI0eU1LM1VJbHpqVXByUWNiV2E5RnNhcFlpTTg4TllpcEZzN3FBNWRGT1RaMGNLNVgycGJFU1kxMmM2SzV5RFRraFpYbGc2bDhKS3FkSHBWVWFSbnFURWY4cld5bDRjeitiZm9HSThxejdkeFRqNnczWFNDdSsrcjhkVExTR2hMY1JUQ1pRcXQ0LzBKWC90VkE2ZGNVNXVPN0hQSWVENEFWWGhaVk8velRtTVphUTNxS0lwKzhBUmQxM2U4MCtQR2U3VFRQdmRud1phTVoyemUyb2daemhQb1JSaVZLNDdyZ0xwY1E2NEFZbUVXMStOK2N4YnJNUFZlRUxpenE0bDlvOGVpamNsMGNzVVI1UXg0c29qK1R2SkxoZ3YzcUc3anVtMUdaU2MrOW4yN2dGZ2JMQXU2OVR1TDVDckNWQ0puM0VvdVZzOXQ0VUczTDYvTjMySkJERW9xSlp6UTJwWnlCZU9WNWd1UmUvMHl3MUt6R0YzbjkvREh4eGdMYUdXSnU3VUh5cWpXcVEwUW9EYms2SU40bGZkKzdPdkZqdzVrM0N1azVUdWVzQ1ZOZWx0dXlGbTZRTHRZRFo3SjhLalYvbElyVmZ3bW5tZWh5OTdVS1diWFlWNi9SSGthc1l2REkzWGxyOExQUkNpWER4bFZwcS9RNTBWSFpWTU1oek9JNmJnWEEvMHZFdEh6YkRVRm1qUkNVN0xNbGxLNVlGdG9CMEs1WHZuV2lBUHVadGE5SkpmUDdzMjgzY0tVT3lJY3BCVEtUZngvS3R4QUpkaWxIVzZEQ2RDeENXU2RPVXRyeDVpZlN3enFRcVZocDNiSnY1d2JaU0hhU2graEZlb0ovR2JwbHZSVjdFdnUxSHRhK0M2ZzR3QkNCYnBzUW5wazJKRWdmeHhybU9JNGVidWZVYWJMa1BlRk9XQW1yWHhuUnNRR2FnRWZFdXZ4eER1TFJ6N3VtWnh3VmpMWWdtT3F4KzAyUkVNR3M4VnNxWSszL3pNTkpJQXMrUGZnQjk4ZUJBajNRMlE9PTo6Yg9834ebD4+JCLxpf+QrHg==OTdLclRhOXd4Q3MxU2wrNHMyTGxtcXVkTDZSKzBLWTJFRlVvZUpDTHJFSitrWnpSazE5eG5yYWZkcEtMWkVPMEJrRVh1RG45eFlXZjVJVFdWKytVVzI2R1JlbXE3bFZFaWg1SmNEY09EcnBhOGJrNWZ4K3huNnVSMktNRmxBTm1pVTgvVGlqa0t3WFE4dG5aLzV3YS96MHZDVmpmYkpDN3FUclZ2L0lxQmR1SlZIYUZwZTZzL2tPWk5vS0tmbUpEYklBaGthak91a1FxMDNaWU13RUtuaDh3eEQ1MDFmU1FjaDNyUER0K1lIR1o2TW5ldU81S3g4bkptZDdKUDE3MWg0UHdac25YQm9KSmhoOGwvNVZTWVN3anp4eWZ6Tnl2ZFlGSmtjRWttTTVsRjl3N1RvK2gyZEltSG1xbCtwaVRwajlDYVFiRldWOVdmTHNsa0VRamlMTUJ0amo2eWYwR1hLQ0I3blVPbll2VVBLTndORjI5WUZiZzhWQWV0eFlhdFJ0NFpZYUFUcnJCNXBwR0hldGs0Y1h4TlllSW1KdlFCK3VJOHdITGRIVUxiRURkd0VxQ2I2dXNKV2xLd1VJb3JvVElYbWorelMyWGgxa0RIRDVFcVdRdTdqNml6ckdvL3luT3dJZEIxK1gvTHBxK3pFc01wS3RNRy9jSXFHM1VmSW8zMTdKdS9zOVZ3SGNaa1BSN1FaUWZZR3ZFcFNsT1JzYjBaa29CS20vT0dSMGpPODV6NXBGbkJlUWRmWkczdXl5cDlYNm9xclBkYVljVThPZ0Z2a1lXcjdwNE04VWVJcXRVSUwvSEhRVDJLYXVmU2xiLzlJNjYzcFdJTDVodktVcXNJTXpQU3k0VkxjQzhBbXN5ck5vUkxtNXVmRmREV0k1TW9xc0lTTTZBb0hTS2tyUXVRdUhSdXJtSXdwUUMzRVhHQUVyQVFoSURvcUVVQkVtYWo5d3U2cGJWQmpWSy9UU0pHcEdsMjQ2OTFibUFkdHFEL1g3UVdJR1oyVUs3bVFueVFnZUlhY09jcC8rNjdTYXRCZHkwZGpIRDdBRkloWG4rZDAvOERKQ2tQNmRNOEVueFI3NmxMNkwyOWpMK2pQdkNTaFN1OGpaK3h4TmZKUy8xaGcyaHhNRzVGQ2YrSkpzUEdiNXZiWWNLcVNvY3dGK2hEVE95NDI2U0JiZW1Bb1JYdUN4TjZTbmREMXZwZEh5Ri9OR3dWU3g3Rld1OEc2aGpKL3dHTTVHV2VuQjgzTWFTblRWY3FCcFRqTis2VWtZZ21VODFFTGlYV0xEUFFuQnFycnlBRWRQY0VaYTRFN1o0VFF5MkRuV3FvU1BSYXBOa1NtZ0V3RlpPblJPcWJEb2o5OXNOVmJLYTFEUURuQnJOdXljSFNUazU1Z3h0eDh3YWozREJUTmhaR0tHRXR5ODJCQXBLK2xidGhiMUlGcmNETEZLK1B6elgzbDZnb0dPNE9UcHpFbHBiYS9BY2pPZnAxMXRQejhqc3BWdE94YkdXRmpSLzYvMmIxMFNyL0YwbXl1MDNjdnZjQzV1RkovcHZwamsxNklBUUNzdzdLK1p0UkRUN3A5Uk5ML2xYTnNYbm0xbkxSVjBPdktBUGdWaW9uUE1Vbkg0K1dXbW95a3Vabk1pVzhaTk0wV2s0dHZzNjRYZE5zMFdwUVpUKyt0dllNc3BSeWI0Y2hxVVFpcFJHWGNiYTN3anRuOUt5NU93TXViR1RXTVZjWGZkU0QwdTlZUHpXRTBhTzQ5TFFvU2IwWnNQWGFSSFdOcFJFT0NzSW82c0Jabm9VY2VvZlEvdi9nQitCdTZuYVNrRVdyVFhLV3dSRGZYa2ZKb2Uya3lYTWNGMmJyUmJuZzArTWg0OG0rVDFWY0tIMFZKVFFhUCtvcndkS2pLczc1VllDeENGMi9ZZzVzR0xpbUFPdTNVbXY5MTlTUG9xeHgwNm42dWlqakNwb1RlaUxQTVVTLzdHV0dQVDJRc0hXcnp3aldSaWZpd0tFRHdrTFp3NXcxMHcxc014MStKY3I0dTcvYlRSQzJEbVRMS3BkTkZBcWRqWDR3MGlqQjgzb1dSRU9mWG1Xam1oYStQNWl5dUZiTDZuWU1Ramx5TVUzcHg5SkxmY0JQT05JV3JBcHlRdzZNSWJwdzZaVXNFZGNrcjg1RVgxN0xqd3FEd2ZlT2RTUnEvN3ovWGxmZzR5M1o2YXZkMGltWnVDVWE5WmdBenZpeEtkcG9JTkk4UEk1akY0WlUzQngwUEtJWUN0MUx5V2k3VHNQOFRnSTFteEo1bXEzRHExZ2dudFRkRTJZMk80Ty9QQUJtc3pSOEFZdERHNkFvQVI2TFVLQWN5OFlkbURycU1reitJTWxEOGxiWkFITGNrYk5VVkVsZHd6Q1c3a1FMeGFNWEJRV2dOQkhwa3o0cVFYNVRycWo3Z2kyNVdiMnBpejFzRnRMNTBNWlVmaHlYVWRHSEp2d1plbHh2cUhEUVFNODlwMmkwYllpMjJSaTFNcXlJMTJuWS9aZTBlNGJtNHJhb0VKd2FGSHpzdWFYenZqQTRCVkQ5akxXZlZVd2NrNXBVOHRvVldrQjlsRzR1NUJERllEMk9aN3NzMlhtdjNXU0Focmw1ekY3M1ZvaGJDOE1qQlVqZFY2K2tOK1RxajZTVmhEREs2QjhqLzRRUE1RdENkZkNrZGR2eXcxNE5KSHRKc0dXT0pqeWFFWUx0VVVTVjhLOS83S2JzdmdyYkdBN3FGaVIxMTV3TlArSEJwdUVHQXVWZmRCWnpabjhBSzFoZkwvazVkZVg1UW0zK0hQb2RGWEhreEdUeHNvbEkrdldTeitHQUhLUzlZRHlmN3B5L3kwL3M1dWwrUTRycGVBckYwMWlrR20yNVIyVk1GYU95MWtGZERCb2lIY1FpTmVJWURvbEp1aVRrbjZHZ2VWbkJQYkRRU0ZkeEJOTWNJb01RRk82NVk2Slh3TDh2MEkxT2RUaDRUNWNMUi9lZXhBZmFrcTgyWnZ6R2tObTlFYTQxcU1wTXAwRVpaamhmM3hBV0p1RklZVFhZeElRbFpzZVV1L3Q0ZmdHeDcrdzBwTzQvaHdIa1JoZHo0OWRVMTNEd2dKL0xOMkE0RUZzMjBVYm1ZN3UyR3Fla2FSeXJ2bU1JeThNRmhYcER2YmxsVWZLZEpnQTdUODUwRmRwRFNhbEMrU21URFN6a1BFVmpTTjc5RzMycERyNkhTcSt0VWo3UmhkVldSc0MzcVpXdCtHK25Oc21HdWtPRjZoOFZvUWNBWG9IOUxkL2tYRi9HVVlGRFRTNVdxenh1TGtMOGpJRUVDMEVVTmFjTVdvR0xETnhSYUhDamRKUERBNUphS3BzOFprWlZ3amJuTzY2NVo3ejhNNjNpbXJHTE1iVUFibkl2QVpRaUN4bkNtTHR6bjRUeWMrSFBzT3hNQkpZdDh0VHQ1SEZlU09JbUJJUWNJbmxab2JPTk02ZG5Uak5BUGRkNDZGMUpjQ1lTeWRCeWo3Smp1UEtjMVJVd2k3NXhZbm1vamZ1c3dhV2VCSTlRVGs5QUp4ZWsveTh3eDdMdDZkQ2E5NkJFUkRGWEhiaXNtT0dnTDdleXRWVXhHTXlobXZDaVVOQytTZkNOS081eFByNEFiSWRYWTMvSmZXWVZMbTZpdFlzWStrUEkva2ZHSG5UY0hUZm84NlBSZWtESCtKMDM5ZWEyTUd5TUVEWVd6d2x0VWg2dytNNG1IeXRRVVh0SGNiNTNSQkcxM0hXSjFMLy8wajVVM1JmbWUwc25UQllnRTN4TkNBaDM0Z2U0Wkx0TU04dUZyUWp6eGdrNnBPSVVicDFkdElZKzVHU0djMGVRdUowZFJmNUt5Y1o1UHE0aGg0SHdEa0pHZkZIZ0dIR3lqdXNHc3o5Q2x6b0FQVjQ2NHpYRjA2cEpBOElyb2xqcnA3dUVjQlAxaGY3NUZCb0h5QkFySHgrR1BFNElNWEpPVy9mSlBHV0FYeE9jYXRFR0RuaUZ3enVzbzR5L3Fod01pcUR6TEk2UkVJWVBNbU1EUlAxQ3liN0Q5ZVhwRjZvZk5LN3k3OVA5R3gwUEJrbDlZNzYxWXMrYkNiOTloUGFmS3hiem5RaVZHMDRlbVVQN080dFNML2tZRmlHeE1DaXYra0ZxellsUzZJOTNMVDhqWDdYTERnL3VkVHlQWmVGSnNMQUJKM1hSSzZGM0IvM2lKbThtVE1aVWFZNlBCbUMzTUJTMkc0TkZRaHF4NENWVlBmbitUQXUrY0ZmbmtCNGJXNU1ObWVRcS9JOW9Jak5weTRhWGpGbTRtY1Nyd0hXY3NBRGRUOUIxRGpGc0pQL1lJay9rS2puYXpmR09RcmxoNlZ3NmFmSERRd2ZrK3gzUzFacnZOclREWmZNbm53NXdpMUQ3L1h0a0JwR2VKOWRucXU4cTlZZUtELzJSZUJYQ3BJQzA3eWJXM3huS014ZGpnbXczMk03MlZNcTZlMTBxazBaZjZVS2tDWUpKRHRPalc3MFV5enhOVU51NUJCcGZQL2IvMVQveGdLczdxZjByMEhkMUFTOHh2enM1cXQrbmMwQnN1a0Fkd29Oc3NmZGJYWmRidmFuVk5SaVJoRmYzS3lWekNiM2pYSFNhb1dkR2JQc3dnZ3kyNno0TWs1cjhnQjQzZkRLcjg5UjIrZy81ZTFZbFRyaVdGUlZ0d1lDQWhESElBQkhLZ2hDZnc5RXg4NmJsMzMxYi9yNHF4dHJOT3JrWEc5bWtyVHZ4QkVxeGVENUw5OGZsZlQ1VzQrYVBvcmVaRjNDcTNyWlBGaXEyUTYvT29OTE5IcjdzZUlHZHBzbHN2ZFpVRlBFR0Z0T3JFMjAzbkt1VWJXcldMNUgrMkUzMHdKT2psdEZYTlFvcDJsUjkzMHJiUGZwT3RtY3NVaVdKbWpHTWpmbjRYQmpscGpsRnE3N0FxZ2tkNm5WMU5Bb0YwZzVnWUpzUThMVi9VVzBsdjAwWGI0Z2pnQ1BFeEFKNSsySVRlcVhnYVJVOVJaMlNneW9JYWhUNGdONWxseW5CaE1ydHJoalpXYlpTZWdubTVSSkMzUENlc3QxZ2Zjd3BqdnEwWGkyYVpkcW96ckh3WGtEVWdhd1JOaXpKZWdDT2Ura3JUY29FcmFQQnArR2NUNmRSOXl2NzRnMllveDdvM09jUXg1SHprdjhpWUVVdlpYakY1aFZUY3R2aGZlSVpSUm5KOEdzck9HYklkdmdsbFVYYTdsajlMdlowc1hYYUdic0J6ZDBTR1d6TnkxV1UyR0h1VDlhMktDQXJ3RjdDWnhmTW9FS0VNWEhsZDU1QkZWenJNUXhFRlRQTXA0NmVrREFXM0lGTFlGbzBNZmQvbkFyMlRMWnB2WERVc1YxeUlTREtyTmo0bDBBVGdtSkVXckFvbFo5ZUlaclQrR21uVHBYM0MwY09sQ3BJdnozbVJvTjZIa0hSL0V3dm1aRDVPamRLSGkrRTJtVXdDcGxJVEo0R0FkcFB0Rit6OEg1UHpPNGUrN0N2THdnd21jdzY2SVNERjZ4NHcrdU52a1dsUEE4N3ZIM0xrN1BRMzdOS3MrOUZvcXprMDgyYTR2RFcxWjZ4UWlzb1NRUmE5UDgyREU3eWRmNE5hKzdzc2NOUDZKSXlHOW5qWkV1Wko0c0NrMWlmekU1SVlwQTBaQ0dNSWpIVHpoSTVDdEsxd0VLVXczUEdCSUVqVUF0WmtqWGgxNDVqZUM0bEhwNHhRb08zU2tvTmk3Q05SaTBxclAveDNWTm84dTArUHp6QVU1SGwzdXpUVWdGeUtCckNMelU2ZGlsTjdJNGh1VnhKQk9pSjZMbGlJeVZnY3U2VzRLNlpDQ3FJVEhqSXVxRVdQZHhTb3gweTNtUGRydloveXJ5dTdBeHVHZmZXa2huS0V2dDVUUzJxbUtXRGZDMmdvL21wK3Y5U3hFT3VIOFh2SFc3bFp6bzlqYWJGdWlJYlhyK3YyVEVBVEVVaklML3lyQmQ4NlVUZlR0VDdZejBhMUdhaW9RcEVaR1FzWDRockJBNzNMWjlXMlBTMWxRRUJ1SUNGZzlvQmpzKzBzdTJDdG9vbUZKRkh6TjZNMUlIQ2JhK1JzU0hJN0xZRU5INFIzOGI0NkNwYlhjWGwwdGhTeUtJb0NlZktpSU0yQ1ZBTkdZVVZCSGQ4SjgzT2EwOGMrS0ZsSW9GWTIyaUlVeElNdUREZG02ZnZRc2cxbDRQVWl2ZWpZTGpIMHpEMlNsWTI5YjNUcHpjMm5wMHZWYXMxNCtkZVJSYjJKTmpVQXNKS0pLL0drdWY5c2tXVDF4NDV6RGFMYUxuVlFEZFRIaTRmdTV4VG0yMERrR0J5ZFQxbC8xYzhVa3E5RFZoZm5Ka3FKL3lYMHUrcTRrRU96N0hHR3R3MmRaaHVyN3NZSnBldXdLY2QwbFZFbFc0Q2pLT29NTDBISlBLN2dsWFpudk5EaXFPUTVGUmZYOFMxLzhIcFVZYUV1a3NaYlNiZ09GZGdLMkZGMEdmbGxUaEFmbi9NMnBpL25kZUt0Y0xtK2JSR3BpMXJZZ2tmanlsY05LM3NlYlZHUVhINHdLdUxGWHpla3dveTdrR1pWdE1RakRmbGxSVjJycElXWGEwL1VOb3ZKRTRJdzl4ZEFNSmpCOGVSOFVqN0dqNjJ4OHc5eTZPbVBVdllvbi8rK3pjb0J0VXJiTXBtOWdLN1VyZDRRQ0hac2VweXJQUkQxbm1pcXU4WjFUUmNJaFJxM3FoUUJXNlZTM1Nyd0NPZGtwWldvbWJ2QkJhUTljVkx5bm5PTEg4SDdyKzhwcCt6aVNxTlBtalZTU2x3YWpLTk1NUjAxK1BQam84N0twWHFrTHJ6MGxiTnpRSDdSOXlwVlNyRUFUUDUvaUFSOXFZb0pMdjNDbGx2YzhzblN3Wmp5SXBENTBtZ2VIWmhQZHBJdmkwTTZSVGdEYW5NbTg4cXBpTDdqWW0zTzhwbDdFVi8zdXpoZ1ZmallyUGlNREhjYURjcmJnaXVseERJRFhnOWRBd2h3bVg1VnRWYXBKK0ZCeGp5aDdjalVxYkhqaXBnVHRYVTcyVEl5YnJiQzFIak5pdUxEN0xlS0FoanhGRWxnZ3hJM1hqOG9ERHhJeFdHaXdxZk9IZytvWEJUUjUwYlRyYnc0R0FFdHhJSVB5TFJiNVZvQkJmQk5sRDZ2Nm0yNWM4dXpzdjJPTWJVSXRDcDNyTW5wNkdnVUxWeXpxWVQ4YnNMejVhT3ZMMERTMmdXaU9aRnRqSmlrb2tjRTJORWFBQXBzZGVEMXNVRUI3SUFxTElIM2RpSW9sdnBuM0NHM09GbDU1RzV1ZUlOZXVydjdKc3Z1cXJKQUExbEVyeG0xeVVCaVJnaUw2YlE4cXhHNlc1MFN5SDdNUTk1Q212T1FkalZUKzdVVWpoWW5odGpldU94Y3FpU2M3Yk5JTlBMNUN0amYzVXh2ZjljTytlVUdiNDFnZVN6U01Ta3kwUDRMNEpuYVV1T2QxRUY0N3JUdDF3NkIvem1IQUwyZkRzS0JUeXRZUE5PTjl4ODl4YWFDT1RUNmRscmxpa0p4M3BZalBuaVpEaVdTQWhDOXlUV0NuT2pLODlYTTduUUpYaEx3cnlIZ2x0UHV0Z3JlOC9jNk83VmxTZCtOSktoWjRKRXF6Y3FnTG9MWjdDbE1hRkQ1NVRqdmVHd0sxOE5FNGd0Mm8reFd4RktwVU13cmx2T21iMGhaL0ZtZzJYQWRJcXpGYVN3dFl6SFdLUWQzS1U2Szh4SWFBMnlqZGJzVzJxRzBtbWtadHB0YldibjExeUhvMjZaZlI3M2J1azFXVGdXZDRIeHZlbU9BSC9MTDZZUnkra2hvSDA1Yk80dGk0enc2VTdab2pyUXpZNlhZZFhHdnczeHBUUFJ4VFMzdXpQSkpnTUJTeENEUGZpY1JnWnZzeCsweVpiZ2pjKzlWNTFFS3JVMzl1cmJiSmxPNHUxRmVqM2tsdllkTnQ4WVhQdmpsRTlqNDcxVEhFMlN1VE5rVUVzcWRzNXkyeGxmcHZMdFpKV3ZSQ2haVTZpQnlhWklSVzh4QmR1bE9Fc2daanRhbWlLR3N0b0VHSmlIOU50Y0NzYkVwdzZ1MnNIM0hNc0l6VGw3Qm43Z2NNanZsdUhjbFZkdFdGeFV6WUFJTkdvd2l3Tm1Ta3ZHU09ZWWo1bXVWV3NwN2UvdmFORGpPR0xrZGFkdWc3NkhDUWpDWE5MZVNIejNkdkl1bWpucmtIeGM3UmZFR3p6VWxXYk5qSmFwUzZpRk9wNmZLR1V0VTE5K2lmam9KVWVtSlFDRG40UDV0WVB3MEhFMnphUGRQRHZZdzR2WFpXMERjK1BlNkp2aURxZ3M0TlhNa00zbWEvM0lwQkZGZmgxU0ZvMjZCMng1aXF3MStPcDU2SGtLdVBtUTd0TGRGWm9UQnIxcW1vcldCaGJnQjNIRHI2RitrQkpETWVmNUhZSHhLYmZzR1FSS09lRmRrc0phOVdOckI2dS9CRUZlYjZvbWFDcmNMTjRHZTdlL3ptTU5hMk9pWkNhbVZCcG8rRWxZMVZLQUNiZXRyK3IzaTlwKzAzUEE0QzREN0c1Y3Z3OGgxUlQ1UFRMSlZ3M3hUcjJBb1BUcmloVllmZFdRajgyMWtIdDVlZFBBbTh0dlB0NVlOOTBuYlZ5VDVxWlVrU2JlTUp5em1nb3ArdU9Qam5SN3M1amVPdTN0c251c1JNajFoeHEwOWRuN3VxbTQ2akpOL3hnM2hxRHZoUCthdG1Va2NFOE8vM2s2MG5FSndBSHJxUFBRbnMybFRWM2taMmlwMjc3dll0UWdZa01qa1lsenppU1hsRzNPT2JYMEl6NllwblVyRkpGSWZsUzNza3diMEJSN2ZJYkpFdGZ5elR5d3lJeXY0aVNQTEU3aG9ucWVZU1lKeldITUxzdUJOQk43VjRpbzZqOWU0UkhkZk0wOWEyS3JoQUlXSmptMU5maXZmZXNGL0JzQ3ZsL1JCZEZXU1l4ZzNCTGlxdERxL3N1QjRVVnZMekZ1TE5sQlN4Q1pIdnpscW1sOS8zaUtlN2xUL0hTR0JXWVZXbmJSdmpHNlhxeEFyWnNFMFpkQWNLM04yc1pXS0lCazkvU1JEN0J1b3Q5L0tITEJ0SlYvS0F3V0Vhc040ck0xV2RPelR2YU90S0FTMGNlR3dNNXBTYk1vR1M2RGl6TGYzWUk2ZFV2NkNRaGxwR28wUmtEZFlLdlNvdS9wSEsvU2djMlZteG9EYUcrb21TU0J2dkxkTGJXVXpMaTk1T1RyZWwya1pEbnNldmtuaEdlcmZjQ0xDSm13VU0wcjN6WVJlZllyMmgxa2hmT251VGNwWTVnM1NuMStFY0hUWk4yZHpQSy9Bb21nSEtpRGUwWlc1OHk4RUFSVGhZUTRhNlU1UHFYaGxkQWVyenpIekhHbmFUZ3FrREV5T2xlVnJUZ0M4L0xzdWdjTnh1cWJaWjBCNzVVWUNwM0wwNzc2VWN2b3VEU0lGekZlNzBsZlNEVitMT2JtUmFaVEFDQkVUVDM5TEo4SEVVc0t5YzIxRFY5YzRVT3R6aEQ1N0FWSVNzMlcyRDdrOTh3MHVwMmIzMkZKWStZeDNpUG04Zy9oSlhTaGpnaHNKVFdaTUVCck5HT2MzdlY2TmFiSnJ5Zmp5VWh6cVRmejRMUGo0MDdhSVlLaFhLU0RzMkRzKy9aeStpUGpuWThNS2tIaWVCdWgzcDFsZm5waHl2Q0c4VkhUWitjOUsxSEo0WVRWaXhicmtUM2I2R0JHcmcyamxKRkUycmpWcGNhVnRDOEJTeHJ6UlR5N1lLOTMwMFh1ZGJSeDV1djJsakQ3WHhmUEFoYTBJVWJ0dXlkOHROR3JYbnk2NjBUWmkzbUFDbVBnWm9wWWxiUWxTSjQ1UkFtN2lCTkF4a3N3OFE4ek5jQ2Y1d21JRGprWHRqNEV0WDhrRnRSU2xCc0tuYmJyTnhNaFRucW0xMDNBZWNZZWtiUkZ0SEhza1p6S3ZSTi80VVNjaUpTRzJ4S1lPa0xDMEd5WkhTSVhzOFhPTHhSYThTeFVsV2RSWDRaanEwb1owTm5YcFRJQ2UrRHpLZzlQTmxza21CcGZBZnFZNmFTRktCQjN3cnVWQUxoT3JtQ0QxOFdHMTExRnoyRjZhWUFoZGh1SWdBZjdJSjBTZ09ra1JpQUR1dmN6anBTL0VYRm4zemY2KzZuSjVDRS9FRDBQT2N4Y2dkR1E4bWVDMnN6aE1rdlJXNy9WQndxT2V6WHVDUWlxMktTWTZRN3ZBK2xZK1ovN0tBTGRLZHFFcXYwbGxYQWEzd1ZLeERycEdTcFpTTDZzblpONVBkbGxTRmtld0FueG90Mngwa3JEUXhUeWw2blZ2RWlITDBYa0s4WjU2UTJKR3E1QzNld01paUNXZmYrS1E2T3RnaHEyOUNBMmZVRnZTVnFBd3NVVDh0T0N2QTMrcTVXbmZTMFE4UDdWcDRxeXY0djhOK0ppdUpZQkJsOUhGb0JhTmw1SVQ4RTlnL0x6czZSNWRvemVZTWtVMnNUdXdOZ2RzK0cvVkN1Nkh4dkZxYjNhTCt1bWhscEJRVVFodER4NlV1bXpoc0NDZWtObWFJdGcvSlI5bHRMcXFxemNMbVdkMEY4NkhuQUtDL29jVkxvc0docDJvNkYwTmk4LzRSK1VqbGc0Q3pUU1IyRFZHSzVoa1dLbHp0R3ZvOVJqaFpmcmVQbUVpcjhJNWxKTTdjYy9MOTg1NjhvUndHOG4vQXhqakY4RytNaXN4RWZaN0ZjbmJPWkM1WUFoSTFQNDZ3OHBPMkVXRU51T2dKWEJtNkd6cU5jRVhmWDdDQW9vRmxtTmQxelZQbTBOTi93TlYwSFJYNWR4ejlIbXNyWXZTMGMyWStrZjZ6aWVBcUNiVEFjcjZOdjlWNlFzNmg2MGdCcnNURGY1c3BRQjFqZkpqWFduc21rWnBoTVBWTUZoemZKTkZhTmR0WEh2bXkvdXYvcHUzdkZEZVlTc2NUYW1kUmd1amtpVnNTUWlsTjlqdXZSNDVLRjNOckRMdklYZS9pdzdxN3lCK3gvSlNTRmN2Ylk4Qlp5VDRnYVU3dDBSMjN4ZlRTMmRvRlJvZkhaaVBSWk9QQU9EbnVSRVVFckF3TS9nLzZPSkt5WXJMMURxYjRHZjY4UFZabEJoSUFMbno2NCt0TW42ZUZMQlJsdGc0cnlsU3RuOWJXaUoxWlNGd2pFU2RXN1Rud05rSXlDVFpVTzA3enVrUlFGaGp6bWlyRWtKdVdJYUpWWlNrVCsxTVBLZFM3M24vQ0RHYzZ2amswRUZsMEtzM1cvOHRIRVFnMDRaWGpPODM1NVpyRy9zOUpOWjgrdVhPNVBJMjNIMG4rdHZGQ3h4bW1tRzExTThPMklvdkpLcWtDNnZ3OFBQNzZ1bE5ZeTQ4QWRJRTRlTkFPS0hJYzY3TFVTRlhjeXMzeUhWQ0x0MHNlQkd2QVJ1K2hOQ0RaQzI0NjV0cndscHNVaTJjQmhDakdEbVB0WXJFZFIybHZFNjY0aVRnSmUyaUo4Rkd4dklkZHhKdW5BaUwzUUFhR0t1eW9oMm5ydHRHaUYwOVdyVmNBaGdvU3JtaGJKNzAwQndNUFRManNydVRhcXV2aU5wVTI3dVN5SlU3NG5IK3pYMzRjck9Jckh2M3lEcnN2RUxVaDFhYXlvUzBQd2FrRHpEaWxPbXo4NDJyOXVjNUh4TjF4L0N2TDRBVHNtVHNZY29qRldIWEpmNkFrTmFhS3c5ZDNJTlg4allLVlJnOWQrekplWGw3VXZ4Z1lIMVh4RXBvd2Z2eFdsckZhQTVYRXQwMG5BRS9Ncm10NFl0b2JjQkkwRHAwTG9NSTk5dUt1YVNIYUkrY3QxVkdPMnpBelFUclBQOU5FWXVvRTlXZG9JckxONjl4dUhZdjV0NVFHMll3U042V2xBTWFVenprdUJQbldHZ3FEdXhkbGhhMm4wOXRjMjFBOW9LY05ZSWlFTkovV256aEFVdlVsYUtrK3dRQW1KTkdtanhhUHovM0YxMndzT0xMQ2VVTXVLY0lhbGpQM00vSSsyT2pYTTJSN2lRNlFYRGNING8wNGJZMms3MTViKzRucHRoOGR4Q0Z1ZGhwcW5hZVdIK2JuSTRsdnE3cHVPNkVqcy9aS0o1UzAwdHRjTFRLWEtTYlNCQWRiSFNSZ1RJVDVwWUQ1VU1QdEl4SUhUTWpSazluRjU2d0k1S1RxQjlYUVdIK2xqcUgrZzlvRzQ0emxmTk9KQXA1bGFKbS9KT1J3MjdmMnhCSDFsaVlHV04xNjgwOEJCenJQczZTamhUMXRvYTR4MUo1eDJQUjVSRjJaanUvbnZaVXZscjVBYVlHa2l0QXJnUW1aOEd3TEpsaGFwUUQxVXRJMDdwZ204VVRvaEpCYWx1U2VXaDlzZHVhM3hDdVM3WGE0S2FIRm5PazlYMkRhLzVHUlRDdFVzSkhkNFVEdXcyYTNldHpuREhZZ2kvdjJuUkhZalo0dVJWZWtjNW13ZnIyZ1N4Znp6NVZQQTN1QTVlNERWRTN3anFGYTNmcEJ3M2VNUm1PZkdHTUlyQ2VkS1V2c01KUmhjNFlYQzRvZGwvTWxsbnF6YzNlZG9vekZ3dU1ZU3N4dStFMmhZbFc1SWE1QmJyL1JuWUJjejZKL1lhTHJUbXNJenJtcHV6MGFtSVc0cjhEd2dZUVFrdU42WnFYc1BFdzBBdmVPRGQzSitJQzRkWnA0ZVdaSm9PT0tPNm1OTzU2OGNqYmF3a01IcnFFSDBKR1pwV0dVdmJ5cWRscUwzbm1rRnRXZ3d0dnhLcCsvMzVCQVlZeHRUaEw1MVJxYXBJeU5nQTFkTnhMVlFUVHc1UmdJWHNwR0RwQTBEYlE0WTVxdnZDOEp2SXRWYm1BOTRpbElpMzRnNnFvcTMxNjdhR3hSYWdHVTdWRmQ3eVQ0cEhFREhMVHNyVWJuT3lkMzNlTFlpZXdYRHFUNi96dURGUHNDM3hCZG1hUTNkU2EzL1d4N2dCT2JKckFWTVQyTWp1bkJCRTJVKytLb3ozd0xqQzVMaTNwT3JlcVJmcGJhcXgzZ25vUGdDUWtPcC9oV1QvbGFDOWs3WkE1S2FONWYyUnBDUEZ0aFpxbUxmamFwSURwWXpCMW43RVpsd2ZRYUNKSzluQ1cwK3lQdFV1MTlLbll0dXhZN1I4N2ZaUS9OS1Q1a29lU0ZKRThpWGpGTmpMcEsydHRkc1RKZ25ob3dvT21pNmkxcVlQRUlUZ2hCUGhKKzlvQ1llUmZoKzdST04yNVpFOXJIVHgyR1JFTVMwbVo2ejZJN0k0K3lOcWtDQjZqeE9oR2pSKy92aUM3T29VeHYwQlc2aTRhVlpHWERVMWQ5SlNHVStPMFhkMzRuMlh1TGs6OlD8pYhGBOn+5qhCXGnhfx8=', '2018-12-18 09:35:09', '2019-01-06 09:27:53'),
(11, 2147483647, 67, 20, 55, 93, 'M', 'aDlINnJCQmpPSUFVNlZoUStJdHZtZXVkNTdibXBXaFg5Mi8vM2k5bFN0M2lVNlBZTmtRY0ZaeTZwRHY2cWVZYUZoYXJMdjVjL3Fld3QvWXNwaWtXZWc3MW84VXhXRy9teXBXYllyeVN6WW9yaHd1clZzK1AxZm1wcEVubThjTUNuek9hL3RkaEFqOVkvU3NFNjNDcVhmbXN3d2hsSVR5N241cGlqTWdTUkdKY3N5RGpJSHhldkFQT3BvTFl1ejd0SjRIbUFUQjMvemZDQTBNdC9BNEcrZkFtcXlXN1IxSU1heXhwK3VWd3lENkpPOG8zd2tKc0FiYm9RRFNrOHFzNnQ3Qyszc29vV3BsVkJEQ2RVNERBcDNFUFF1UGtlVzJHTmhhL0M1elppWnlMRldlY1dNcm52R1V4ZTVVbWVUSCtNdWhiY2NQV1hkT3NOaHUwZytMWktCNE9FSWRmUW1HeEcwb0hMM0g4U1dlcndzakQrUGNoTStUdzNXeUsyRXM5NGpFUW5KaEFJR1VqdlR6VUx3OXRMSTB1WDVVQnFVNEpWcVd1UDJodWFZQ2QxcmVkNU4vRFFFNFpZQWZneHFMS2hWVklaV1BMaWZJeXJhUTNsRzhxUzdvMmR3TzhZM1BsRldLOUVFMlVlNTlUQWFRMkV4TTJ4aXBuVDBGTFIrRDJVaGhEWUFEY0dRVnMwTXF1VUZyeVIwV3hUVkNkNEExYWlMK0VMazlEK0lKb1FUUmpBL2JnWkJHZWgrWU1mTFd4aTVtd1lkQUZhdWFnUDdOVXA5UHFCemRwNmd4UGRMT2tsYWVjL2lYUUgvczVCdFVPaGFMblEwTjJEN00rS2RScnRad2pua0lTai9DVHhubnFzL2JWQW5LOEVJK1VyMG9HamRkb0c3Mm93OEpFMGw1Zk5NWDE1RENkY2FjTkt5dGs3WDNtKzhHZGVFM3Rqd2RDcEhiV3E3YXNMWUZtbTMwNU5aeWgzbjQ0dEQraXBYaWdOMkdPRTNtSGNpZFYrWEpwN1J2Yk5EeTNUYU5tZ1V0bGNNZnVkRW5lN211SW5VV1JleVhyZHpBV2VBc0cvdGJmNjRMOXk3a0VWYmJoVzJNTWtTZUt5NkFtNFJ6Rkh2TmhnVlk4ZElFZ25IdFlYd3cyckxmN1RnL1VHdm9hQ3pTMm5NYzFNSVNPRkhWaXZQUTd4RWNFVngwMHl1MFlJRk1ieVZPOVpFN3BtVW5MM1pCb3pRS2xZVmZhYjlhc2h4WGlYU1N2MUw4S2pubHc3UlZyWDAyNU9IQWtQVzNmTUNTVElGZUNBeWJWRUJOUnVJVmhkWmlDaWNDd3VuYVNEbDVOOEwzZFlSSHJrZldhU3pMK3BQcWhua08wZUIwV3RJM3pXV3dvYld0TjZTZVFqRTM5RmxEbnpZSDdZTUREUWg0RXZ2Y1ZDcVl6R0JZM1BOekg2YnJuR1dOd3Zsd1BNQWh5VWJGQzJRQ3ZRaHJkK2h0Q3IxRG5VOXp3RHJoUVBkdjJtOVRtbG9PaUxDZGFNc0x1ZU1QN01FRk41eGtoZmUwTmd0Zi9rT1NEZCtVSmlDRkw4Ky9UcUtrQm5NWHNIM1NBcTdoZU4xdGEyL1BDY3RoL0Q0WmxZMG14M20ycW0zOCs5UGxPeE4raE9IN0tLUVZpbjV0RXBUc3FaYXdNM0Y3clhHbUVraEhYeWxQbUhHT0dabmtVS0diRjNLQVhQckJyZmlmMnZvMXZSS2pXWitJUDQ4VEN2Ym5XMHBCa1R5dDdJNzY5OUhCOVhrQmlCTHo0Nm5BLzZzaHRyRWllS2dybjhZanZwQzhvTkxTMysrZ2xTazlTU0ZLdXFyZy8zalVJZTB4WWptbWg5UytjYWVrQ1BiZm9pMS9WZnlHcHpKcUJWa2lDWjMrUTNJbEp2NHJLZ29FeVlGYnc2WVp6aXprTmx6aWxoOUZKR1ZYdlBoQTFSUGJJcXVudUUyNlBaR1dZYkNrUTNzeW9HQ01xdEkvTHlvYmE5R2RnbFJlNTFyWjVta094UFRsZys4QWpsRXhtL3pOMm11RGY5UFI2VjBvY0xBZ3JGazkwRlUxSmUzelJrUkFUOVc5VUxjSDZVL3dpdHRMSGtFaVY0S0JXNWZMM0p1MzZjL1dieXlWQXJ6c09yTEFFS1Z3d3hJNDh0UlprckpTeHRCQUF1TFliUnZqRDI1Y3JqMDM2cmZlWjU5cVdiOGtSbUVySlJJL0ZRVGtSeEdDQzRudElCb1UzTTE0U2pvNjR2NkEzb1FLOTNNK2RhVTV0b3MwZ0pvQVpnOFF1UVltS3Z3dWFzZlQybVl2aThyRzZqUWlwVDJqMU1MOE51WlFIeWU5K2xRVEkzUy9OaEhzRGNPYkpMVFZwNUxWZmYycjAxMVlidnI2YWFKbFV5ZkdCaFBaenpoN1VOYlFiUlZmTUphb0Q1QnRTd09hbXBjUnQzUHdSSnhmaEZrK3pjZzRXOVV3Slo3Nyt5S1dVSEVOM3RwM21nRnQzMVkyWHl6RFRIMjJ5WGNWSGRRemRtSXo0TlF4TEJkV0hBdHI4QjFpdWh1UFFPc0dHeVZySWZyUCtIZ2dHam4zOFloWXluSE9rV2dBK3JOREp6N2wvbEtZODhraEkyamVaRWxBSmNIYWYrYVJ2dVkwNFpJSWdTazZDajlsdlJwTm5MbjdUSGtPdm9JdFhBSkRNNlZSOFhnWXVvd1JjanFPRW1wMXhSOGJSdm9sWWRVQ0VhYzdvbnNUamo2NW5QTi9RNWg2ZjlDRTF2eFVYcWxrdWU4RUxOM3R0TmpzWkgvbXpYUmJYeFJBdkhjREJ4M1RuZkVZa3lCbUNrVDJPVnk4OS8rSEJjV2wzYnpwYW1lNk8wSUVlUnNTNjliUUZZWUlHWkQrdVpySUUvNUc0eENlZjA3a0VhTVNLanJxVEZKNld5eUZ6aTA3dUU5b05NbG9XZEhqa2tjdStOellzZlp5S3lGTWVTY2UyMGNhVGpBaG5PU3J1WXlKR2xaazJBS1JzRXFrVTFtK2MwZlZLRmlKUWp5b2tNVFF5Z2Rma0xqVDZyU2N2KzJYZ1ArYmh2TFNwVnBNNC9ENjVlMUpLWHQ2UHZCQ0h3RGgrazZqbTd5WWdBWklQRXhnY1Q3K2F6NjRFU25tVSs5NnhPQTIvK0krb3BIUmZlKzhPaUZIR0o4NFVaMVB3cC95V2ZzRDREb0FiNEt5UFhpcXVDYUZwM2poLzlnQ0U1dVhBU2xBaEozMHhRdW4vZVdSQ1J4QzZSY1hmbTFWZzB5TFpJREI1cE5tTjdtK1F5WHN6YytIYzN2Qi85cFkyUFlZVEF1Rm9DWHMrNWNhVHFNVk9qVzZjMXhidWFnMU52ZUpuTmY2SHIzYnVMN1lPWjRUQzN2UWs2bnV3Y1hMTmNQRHZCNWhuMHIzRWx4RVhSRTREbFM4VTdnQ2NBbmY1QWl0UVg2Z09lb0VhTURXYWw2QXdha3RzZlhtR2NPU1dtMmxENGZwY2h4QThYNEYvalFQSm9iek1RNlN5S0RXZFVtdytBd1p1d3RwSW1CTE0rMFArZHdNaDVPYjg1TTNvQndrTm1pYlJWYUc2Q0FWcE9LQ3R1V29UcXdlZjVwVDhtdlREVmt6cjN3OXJoalNBM0hyOHhvaGNabzVRVUE4NWRReUNUZE9mSjNJZ1J6dGVXdU9TTUp2OVdlL3h2R2p0c3JKRUYyVFhoYXdrQ0poRkthWGE1LzFoZkFoU3h5Z2VlUEVmeW5ub1RaSmExZGh4VzA5MWhHSFBFeTkwS3NJcE1FVk5SeHFXNld5blo1eVpBb0xORG82Y2JHRFduYm5wQ3FQYVowR0VPSlFTbUFUc2NIK1I4MGtPV2dINGJpZjEvSyt1YjFVeWwvVUZ6d09BcDNTdjdhNXo4dTVKVDlvTDVxUWNDczVFYVprNWRQVUMrQ3FCMUFXY3pDYksvNFNEZXRjV1RGeDhOZTk1WThFYnZ3eGx3YUhLWVJBT0NzVVlhTWVia3J0aWpIL1hJN2dxc3ZhRTFpZEgvNkp0N3JnWDQ2NnBlRUxJNnZwVjIzbW1aQzZxSDgvbXVSQnAzdGJJZDlsS1R3OEswSDI3Tml5RzdMVms5T3dRck5GTE5Qd2J4ODlDYk5kK3pTR2pOdVIzV0NFaEhacXVZd3Z5ZVFJZm1uQUlQeVMvVGRnOFd1MHpMZmRSbWROM3lWNzQ5NUNpbHBPWFJyTm5IcFY5M2ZtOGNobHpKMUUrTmhPeEFjbHRvTGRzcjFwU09SRXBrR2hEc0hoMXZMLytiSThvM0JJRlAxWkxlMmJjeVcxN0YrcUNZajRlZTFraW1HSW5VU1pPZFZEUk8ybmgvbDJQYS9wL3laT3RsQ3FUdmZvb1lxZ2JnUlhJOFVwdVFPbEZZYzVCSGlhSUlFUStTYzY1TmFyMnRwZEFqWThyNTZCcnFBRkNYWHdGNUc2bkhsNGNGdWRPdGpESWZ3dkFkOUc3aFhNK0RWU21sQ1BvM1FmcGVWVUxBaVBVcnJXM0tzVVp0dGNQZ3dKL0ZZUUtWM0JUNXMvNkJaWGVPTW9jTVJTc1cyWWxLdC9ublNYRElPR01DK0NOSWVLb1J6RDNmQS9xMWlnNzFWMnZ6dlhYN1BxUUNSZXRUT2NrSk4yTW11UEdGMXZpa250Mk9uV0xPenN4ZXRrQ3J4UUJVcHVDMVpYNVRlN1pjanBBa3U4cFY3MHNZZmw0WktWT3pqUDlSYUtyR05ORUg3dElJbys2akJQb0R2YjZzamNVSlpkTHVMekJhR1ZIM1NEODBvWVNIbTQ3a1dVVmVDTmp6ODJJNERucFlHa295K3lmajZYR2Z0akNCcHhEZGpjaHpXTktuU1J6YVY3NlZ1UjZPQ0tacHBYaVk3SnBEYldpQUVFTERsNGZZTFpnb3BYU2FvVTVwOUo2dnVjK0crWUdac1pBNnB2UlltTDI1aDhmMzZpQVhuNlNyOHJjbFA0VzQ1Uk9PU3MxbWdKYXN3WnZHZldjU2F6czNGd2JDeFRGem1uZEQ2cWloR1dJNkc0d3NOL3NWRWdRZWVtSVBmRy9mRk5tOEFiUGprd0JaUHpGQWV5USt4blZvc1dVeWZzalZVVC9mK2kxRWxDcElGWkZ3bWpjNy96WTA1UG9iVFZQblJ0bXpmdXBzRDJjVjEvWStySlNodGtPd295eHdGY0NWbmFoYkxMRHdIRVRzZUh3dlFlUmE5enpRZWZySXRFaFdWa1k3RzhDaFdiL2xzb2hXUWY0SEprem0vL2x3N3lOWWtnb3lnejhyTVhYMkpVNkxUV052VTBuYkM3UlBGQ1U5MXk1VkFiQ3F2YzVvTFVGL2xWa0FyUWFwUWswWCtWcDBJTXQ0ZmhRbmttL1ozdHpHSFdMNDhGSUQ3UkIzWnJCVlF3N09QQ1J1ZEZhdHJ5dUoveWp0RFZGOXA2Z011dS9lRjF5c001T21jdjVIMW9zdWJtTURyMHV2R2MvVjZZM1hObHJoQjhSWXpqWDd3S1M3QTBWVHBjS1pYUithbkRjSnJqUGEzcThxdGdOcHhCNURaemxqaC9nbmZzQzVVVUV1SjdQZkZpeWs1d2FLR2pzWEYvTVQ3ZFdCNVBCclN6NUhScU44SVh1eGprUVc5bkZCem1ER21TMktBcEExNm5RRnZsZExtZERHY25FSUpFL1llandoUWxSVmRSclhsSlN5ZC9PblRoZmFyeVo2UTIzQW43MW9JNHFoR2U3U2RFREdHakYvNDcrU3VEMmIvZmQvRXFnQ294TDdNekt0VGJSNVQveUI3WWxuWkFseCsvYk9vYXVIODBlWEdzNExUT2EwQkRaSjFId29SMkhxWWlSR214aFpMc01IL1lmYk5HdTFWbTV1VWNTN0lxS2VBYkt5WFFPdVlOaGxEb0xEVzQ4WC8wWGNXRnllVzEyRm1jenBvVWdBaTRoc0EwK2RlVWFoVzJQcTRtRllMdC91ekNyUHRDQ1kyYmpZWXNoWFVCYWdTNDdFWEZyQ2I5MFVxbHpCSHhqMGJ0Y3VBYm5lOFpoUTJ1a3RNZmk5WGhtczRoZm40anFyZHN4cFo2clFTbkZXMDFkZ2liNm1DRVJTMWQ2V3BkTTh2MUhld0ZkU0NRUEpOd2hyeGNyaFFrdzRXT2RrTHM5b0hFVlV2MFlldEF4WmUyUWZ6YTN6Q3o1MjlKRkFzUk4zeUZMRTU1cDRMTzlIQ3R6V0lodlcwTlJsNTFXK3ZpSWtWK3I5QUV3NDJQSUR4cGVYSFAwY0RLU1U2VGVuWVVNOG8vZjRkVTM2a0ZIUEtJNnphRnQzdWtHUmVFV2FERExMTTZ0S2NtdnB3eUhOMlV3bUozTDB1Z3gwRmRnV3FZbmQ4OXZydDdmSkR6V0ZkWWtXTko2TlFTNXllT1gveDdkbk1YN3N3STVDMW43SkFPcjJlZVZ0Wmk2VXdhUjFNMkUySTZ0YUx6bU5PUi9QZXdEWTgvcGRURVJqOUl0YmFqUFRLNk1BcmNuOU1lWThNOFp3S01ISHB3Q1RCYnVQN25mUC9iOVFuaElpMWJiWEhPK3ZsblpZN3RvL3RUUm5qLysvbEZRWS9HYklycENhUkdtOFJQNVljM29INHdGWU5Xb3JmNWliSlkyMkdHSmIzRXFSb1V4NCtMa1V3aVZ5ci9qTWEzaUMrbkdHdDdqZjJ1K01KNFl2b1FKRWJxUUF4NDc4N2JXb3pRS3p4bnE5OExIaXFvRFpxTVpZVmpFMzlaSzNGNkxuNVIyeXpBRElReFBuK0RqZitKQVY1dUFGeXpJa1hrS21MMUhYMTVDczMxVWxYQk9XWWxuL3dQU25vQ1dIVVh2VkVSN2g2cVpVY1NKbFVINWdmQ3pZZWdxbWlQNUtsVDNNS05oU0l2bllqQ1RnU25scml3aWNyQmlBNE1QUng5Zm93alY1c3RDeVVvZEZ1V2d5bUZ5Vi9VU3dOMmdZVVFpMElTL1pPUDBHNDZiOGo5dUxDSXZlVmVDUWVzUnk4empocWdla3E0eTlTWWZGbS92ZEVISGFGYytTUVUyUUhXMW5zRVl3M3QwY3laS3NlU2NDamNIcjgwSzc1Q3k5aFRlOGlmTWRUY0kzWUdWa3JKUlFnQzNZSi9sUHVMQmhmcUI5MnFxK3U4dlRFN1VWY0QyQVovY1pTKzFpTXNpaEh0S3lRNkRaRXFmdlh1YnhFVkZ3U1J6UlB0VUxoOEtiKzBzVnZYRmtIL0d6WmdxY0NGS0U2ZzJ6ck9OTjlGQkRRb01xSHNqUFdqRHEvR1BNMkhWaXdQTjR1S2JadUdsZk1IZGxLREE4blh5aHVHYWZ0enRKd0plUXpGUXlVdEhyeW1qdmw3RVlIaW9LNUJlakdMQjBmbXVWa2JHZFdvTytKUlg2bUlhaGZSekdqY3h1dDJNcW53c2ZsT0d6RkRtcS8xR0lPcVE0K2NQMkM5QUhQRWpOUGdtMG5LU2NTeTIrL3h5QmtYUzhrN0NGQ0tMcDhWMnpFeGNabmw5aHlDSE5ZSStGSlM2alVZTDVxb2ZXajhJcjFmQ3VuSDE0aXpIUEZ0dlNqdjhsamtJc2E4MURMa1k0ME5TRFJSOG1hN0ZFQzJxSy91SU5keisxempMTzBqN0JpWUJESGN4ajVoOWhkQzd1UTQxNllBcGJxOHV5UHVEd04xWTk2b3grMjBkdVN0aldJNWQzWVpsR1NVdDJ3aGZsOFJpUHZRSUVaNXhLVE1UeFhrMGdyWTJKVUsrdEx4dDZTVmVmVVNmaFBJR3YrNXBmeHJoT0R5YXlFU0I0RkxILzR4c1M5emo0ZlRLRWhjbmlKUVpZbjNmb0M4RWEzZjR1MEljalY1eUZMVE5XNW1VZ2xPZUJ5a29qckxWU1VnUmo4cGIyQ2RpV2FOWkRpS3IyMjJBdkpGUU9tZWRMWlRoUWJKN2d4SUJzMkNra1doS213SFU3RnJtSXFVd25RVTZZTjFXa2szK00wQnd3Mmxhd0w0ZHlESkFQai8xanVXTXVHV2lJYjRMNmwyTDUxOE8wNkEzZHlDUWhoRnZXSUo3ZHhJNkVtdUFMOEdFOUZQZnVhR0lsaGxRUFpyWmFPM0ROVUlHa1FtaU5zY2wrZG5GaTkrZTUwbFJHWGNvbUtWNzF4TWpVVDdySlNtSlRDV29zR1hPYTB5Yllkb2dlYWdBVVNEdG01U0x6NTRYV1QwdkpKblVxL3YzYWFYOHhZS3JEUWJ1RmhzQTNiWFEySDExNld2Si9CLzNqZHBYbXZ4NmJMZ2w2YS9MOHk4MVQ5Ri9uNFdrb1AzQktlelRIcmsrSFlXYTl1WHdNS2ZLUGRjN0JNRk1lcW5DMTBObFFnZGNuNUh0ZTYxVTJPK0hHdVIzTkU3dldDMmdYd2hWcmVJTjhTcmt6L0RDaVJpc0poWU5HdUt0VzVnT1VkRUc0dkFnVXpyeFNIeERIbitJelVHSURnTGFSN0pJVGxJZXNSMEdIMWV2b0dncUZUVEl2MmRZOTliQitOM09aZGREYlNYY1RISVJLNVhNOUlzeWZOMFNyS21aNzF5Y2ZzN2xOa3MvUVh1aGdQRnNjOXpSSy95eHpQR0lYNFZsNmNYZzltaU9jMUk1U3U5R1UrZ1pTNU9rSktjZDZwSEpCZG94TmVTSDVyalFUQ0h1RlFpdHZYZkJvalRUMlMwRFJIUGhmQU91TEx6OVZrRXlXMUN1SjZXM2UvTTlCc2FqR3lBa2x1RjZ6Mm9WaHJ5WEpDVmpyeDVTcitpMG41ME1hTm1OTU4zZS9TSExmWFVhbWFQV05LdEI0a1MxeXlqek1BOENoNDRmMmUzZE5VaFpjVWNPZVhNbkdaWjlicUM2bXZqVzlJTXpYeUZ1WDVhZkhRbmVBWnhqR3RHeGNsVkpHVzNTbC9EN3M3bHd5clRTT2EzUzFxREtDV3k2UjdUa0VPVWJ3Q0JwMm5lbGs4RHVhV0lvejB3RFdUU0FzMjlyV21zZThvN01kV0N1OUliZGIzK2NkYU5PVXp3UWppaUlWTDlTczM1bDJLUVBsZG5uSm5SNjZUQkdqRXFsQVhGMzVMcWRkNU05KzM2UkYxcmd0SDNSMVJaVXg3ZnNYejZEYVAyOVNSTDdQajhoalVMelZGdXRuRE82K2plV1FqeVBZQ1NnN2Jud0JuSHRrZXV3Kzk4OVh6REFPWEx5NENMdys5NGV6ajBaS0s2U2VraGhrL2NXTHV5djNZVS9CNHVFcktVcjcyeWtiaFFpc1E0MVp3T0lyeUV0cHp5T0lOL3k3a01nR2FvQkhmSDk5ck1xRVRsa1g5eDh6YkhGZ24wdHNLZEF2ZC9VMGdGbDhsUG9DL0RvMVFVeThhTkNPeUZ0RTBuRkhMZG5QeDJWbmVxQytocURDZytrYVYrazRNRmluMk16M1EzeFNaNDFlZHlJekloVjVhVEhtTks5UWNZdVhNejFmbGtQN3BrZk1xSG5CNTNERVdMQ1EwS3FjbVB0enZuSDUzTk03SmsxSFJKdHNQZjdWckhTU21lKyt5OXpaRlhadmJvYlZ3SnE2eXVCZG9TWUlQVGVPTUtMem5sb1ZUZlowY3VKUG5Bdy95Y0tUMS9LQlJ5dXFDeXNnc3dtUWxmaGE2RHl4WWozSkI5dmtGUjBMZkcyUjFCayszSGVnT0hTUGo2S05CanBpc3VlUkNMQVNQZVV1TlJ1NlRWUFc3Z09kZm5EdmFaM3BoM2R5Q05ra1lCNk83NVQ1SXFpcGhpY29FNkVpbVY3a3BJcTYwM0RBOWVMdlQ3RTdzZWJibEI0aVNSQVZyRUoyY0J5QzZ1VGZGMk1FelRaYlRIaGFjL0I4VHV4V0FuTCtyMjZZNWlKdXFKdHJGa1VJSnFzbGw0WXR2Z1FmK2t2NmJ0V091U2dtUHI4VzF3OTI4MWxIaFZNblhTNmlYUlVoWDlvb3FuU01kK2p4dCtnRk9TYVFyeEdlVXlhK2NXTWNTcExaaWFwQnpiV1UwVThiNHVha0NXNGV3WnBWNjFqMURjR0c2TmZwNjBGQy9YMVhiekY1eGZpbkthWDlyV2tHSS84N2UxTVhHMlkwZUhlb0I0ZVlSSE1vQURzMmtqTzFMVjA4ZzBZK3ZlY2lMdjFBaEVTNm1JS3dZeE02SysxR3RRS1V0WXNmRGRHc2xKbUxQSWEvVDhpUDliVEdRSHRuSzFzVGxueXZyMjRHZ2taVnlpY2tGMHJzcmFzYkVXYkJIVmU4MnJXU2F3U2Nuc3F3MkE0VFM3RnQzN1ptN1RPM2swK1N1UjJBVHI2L2NIaWxoRWMvVENpekhTZGJydDdFOXREV2J0SHhBSkJFK0pPdkptN2pweEwvQTVpeWRqSUNRMGlSaTI5dndtS3FRdFRoUWNuMG9XNnVvYXIzdklxYVJBNEVlSE5ObU9tVHRvVlZRWWdHZnNvL1d0NHlyMWszL3Y0VFJ0REl6aW54c1VLTWV0MFFyN0ZaTDJCN012N0wxQ1RwRzE2L1ZBd1FnUDNmYldVbnZLalNXNzd6bWtJclAvZ05hNmR2Q2ZzRHBZN25qRjBiY2hKNGtOdElMUHorUVorZmhWbjhjYnRzSlRXb1hGOUNwQnA5M2k0Zk1oWTY1L3hDWjMvb0tqLzZaT2NheDFZZXJtYUl6bW13Wm1CUi9uUWI5NGREZ0l5dmE4K25FeEhuaGtkRTNqckhRcnhHbmR5bzdtL1EzcUhUTnZxcE1EanJXUTN6V0NpZTFNampXWkV1WWRPTE41Z2M3SEZ6VHBGMWJsLzRvc0FYdW5rdVo4bVhOaHZvN1NPWGkxWTRXZ1M1V2luUmJ0TkJxd1NBZC9zay9VL3RYdGlFK0dtamorNDFPb29SOHAvdnNMc2Q3MWt4aWYrVXYzU2xuNnpVNXJTeThUYVppdXY5YWt2bHN3YlNjSUFHdTdKL2dtcjhNSTNNSWpHR2pXV2gxcWNZS1VBa1QzZFNkMkhqSFpuNTFlbWtndmNhcXJ4OUR6cXpUK0FOWnBBOVBSV2E3azl1dnNZc20za005YmtONGlwNHJJYnZLK25DUGhqSWdTaU9ENzE0VGlFY3Q5YlJ1RXpPR2cvTGJpNDdzSHpidHFWQmpkdTByanVXSU1HTGZqWDdWWXpFNlJHVHdUdmppYXlicWNvSUJ0ZWRSWHRPZytUbkZvVmFsWXo3c3ovYllYQnpXdXliVjRXcDJaSUlEQ1ZEb0Y0NStwaWpJMklVc21ES296T2ZCSmc3dHhwNTVKZTdXTzROR1cyNmlyayt5cCswbnk4ZU5zSjFldE1sbVdzS2lJUDk1a2xYOVpKZXUyOTB4aHBTTXY3VHYxbk1UUDdabzA0RFUyK2UyS2IwOFY5bUJGcHpqWFVKb3JvSThlVVlRclRhVkRmd1AwbnVHWE84Vk1rL25NUXp4ZGE0WWNtNEdoU2RmZzdjdzJINUFubjlPN0RhbE9pZExwOGJMSy9NMmEyYVdiZC9LaUdjMDZ0OGlhdTRzWm80Qm1xc0g2VFFueWdGOWFQYlNlYzBWVlFVZ1NjQW9PR2xXQU9ici96eE94RWJ0RGQvdnhYSEFOS3RRbTFCZzF3Vk9xNm1paXVHaVJRZFBuZzNzSHlWOUNUekdoYmVtK2kzcW1MNnVNQjBNbmUzcERvVTh5d1F3VTVnbWxJUmppY254T0RYZllJSGMwUHQ0NGd1Ym1kd2tSNCtsY0psVjZPaDZFdFR4azZuNEYyc1dYVzBoRHBKcDNyRFJHdE9HbUFYRmNPNFVKc1B1MmtrbS9sU3VQLzM4OXFZb29RZjNlNWJXSWZwWE52MjRFbi9mZkMvdWJMOUlBN2Zja0ExQ2NSbU1qellnN1FqTUxITHhoQjN6d1dseUlpQnh6Y0dXRGgzNUtiRTRvdjZVcDlPaG13Qi9QeUhEY2JLaURkTCtuM1orbjVwRERwZ3NSWkpBT08xT0JnYUVYcTA4UUpSeFlIanU5U3hrL3JiL00rVTlHK05kSjRLeHZER01TdzZNSEF0cmFjM0plZlVsTGNzNFdPK1BGZXFwajVJY2hMNTNYYjdod0wxQnhTclFPWG5DNHRCQUhGUUpOOTVjMjZyMCtMMGtPVHhWazdZNjJkay9lTzd6dDNoY0d5TitvUkZXL1Vtc0Y3NFAzT3V3NzAvZkpqKzNaUzZCc3lzdU9JZ3IxUWY4WTdkblBKZGI3RXFRaDVrSWNNT0plZzl0NHRhYVZVdGpFMWZNRHMwa1JzM0tCNURweXhIczJzdXRmVFhqZUNtdFRjanZCbERUQXhlYlhITlA2aDZKY05kdjJ6RzFUWWxteFlxbEhSSHJId0ZMLzNnSllyTmRkd3VGWWJCUHI2S0ZpdjUyZkk2MXlYWnhXcm51cjh3MHVIN1VQanA0TXJ5cXFMVkNnTEFsUWJxK0tBNEw4Vld6OTNtVlJ2M09GRklDUUVCOWJpNFJBRDFZVUZXRGRMd2VMMUNqeW5MSW15eHpCQkZFNDBFeXhHdlZMVnBOM1RCL1h4NlhrZTF1L0VIOFVqT3JOdGQ0amVLTlpPb3h0L0M4aXI3K0NBT1lxRDRkU0h4V2NqcWdaUHRTY0dUOGlpV3FoQWJrUHU3ZjlML0prWFI5dlBlNFZubFdQQUJVY2V6SXN5TG9SYmp2bTlueVRCM3pjbnRMZE9CYzZ0S0p3Z2JHU3lQTUtZbzZQWXJ5ZTNjR0dkOWVCVkVhaUFPbW9UY1pIUCs3am9rZWNVNWI3elIranFpZzBEdTBacllkazI3Nm1tUDA1OUloZ2ZYeEZkZmdsR2Z1bEp5UTYxTExvS1Y4RWRseWtXOEVmZUpyZGRJaUZWUWhEM05iV2Y0eXd4MU5MVlJoSjUvdEszdWlSUHBFWEo5QngzVjRNaGQ0clFwOERseFZzbnRNb3p3RFQ3S25BeTUyZEVHRVpkRzZHVWVaV0dKWXV6UGNjZ2g4NXV0ZmxWMXh0c3VMODZjOHJ2QStKYnNNS256WHNPY3owK0VISXFnNjlBY3dTNHFvTVhWVkdNT2JnWmI4YmhGcmlxNk1qRG5FTlNaSmROTFgxKy9nYUR0S1U5VkYvYWttMnErOXJVL0N3WXhnY3JlRW5mM1dSUVQwdURtZzVqMUdpbDd3c1ZwNTNqbnEwMmtocnU4ZUsrbmNFUzR6bGI4ekpLWlRwUStwUjlFeExFYngyRGw0VmdvWk12a3NNL2R1eEZDcVVRNFpuZjI1WnpsMnZVSzF6VEN0YVBQUHpqZ2JnZ3NnUlBHeG4vbzExTVdzeldhWGhMQnp6ZDJaZ2N6aEUwamNmeWdkNUJXVVVab1VTRXNZMnVYWGtiUXFXQmtvN2haQ3JiT2pUTFRRM3BDc25HenBYM0N4N1ZCbmlYbnFLQlBOU0hsdjRzTVgrU3h2VzNQZkx0bEtxN2tFOW5CNUExZFZDSWpORWFvYnFqbzlmdEs1Ynk1dGhrTks4OWpCbGRtM1UxZ0g1Z1FOYThsQ1lwdjc5bzZGcjB5eWdQTmU3V2NNemppTjViKzdaZjl0Y0RrejgvY1VvbzdPTk9uWmJKenZUeWphQkEwWlU4V0g0Rlc4eVVJTEtnT20vM2tWbXFmOGxDczgzTDl0M0xpdU5KQzltTWUxakVONnZDemNvOFdKU1BBWktkbWpwTkY2Wi93Q0NZMEV0RHBiajRKVXQzMmUwUlVBd212OURtSVVPMUwwMmJuMm93b05pOEFsbzdmUTJtNG9McWxRN3l5NXd3L1hpaVNlbHdnREc5dUc5RUV0dytBTTJnaVVtcXhuY0hQR3pWTTNGejRLRUJyS0VwUVN4ajNjRXNMVlJYNjdLeUFJNkEydGtWdnNUam84VC82ZDFIcCtiR3E0MGlWQVViU1lwVFBNTkFBUXlSOXUwTW40QnJxejJtaEh5eWNXWFFYclNFYVVyY09vdEM3U2hla1dwd0RiQkZ2RnRYMlJodU5vZnV1eDBMeVVQeTJPdHh2b0s4U0UrOWNQYnVyU1I3S2N6SVJFR1hFR1lzT2pRcHJaUDZRN090dkNmZmFSNXE3VStFUjVRM1l1WGhLMzB0YThLT0RxOEZEUT09OjrpLhSLxQsCzM1QKz7zWfNf', '2018-12-18 09:38:59', '0000-00-00 00:00:00');
INSERT INTO `employees` (`employees_id`, `employee_id`, `name_id`, `position_id`, `contact_id`, `account_id`, `gender`, `signature`, `created_at`, `updated_at`) VALUES
(12, 123123, 68, 21, 56, 94, 'M', 'WmdPY0MzSEhXSXRMc3FSY0xWVDJQeXdveXNabGtWUGw5ZUtBMnRUWEY1VGV3MGtmL0F6QVl6Rmk5U3FNeE5JMU9OeVBuZE1kWWZiclo0OHVMSW4wOHVJVC9wcWh3NlllUmhFN2ZSM0d4eFZxdkF1dGpidGNYRmtSL3lTZW5UNXFzVkpJdmsyVkJxRHkwN25PVlhvUG82L1ZZR0NTYVFPbDBhUktuUlR2SGptelJqaVZDcnJMSHltWi9mWnVzc1VzRDR2RjB5RVRjeUE3blRtclRPbFZXcmZPemc1L3FWUUhsK2pObWFMWkFUYkRDa0dNZWtqT05kYkNodlJnYjE5VjkvaWQxb2JLWSthcTdxdlZsV1ZUa0xWSlhBUk9rbXc5K1hYZXpYMXNJd2VkbUVVRUwxc255RlBtQ2hOTmMwdWNzaWRsR2s5K0FIMlQ0VEZIck5MQ1p6OWM4QVMwcG9JaHRWY3BZK0JVYXNkc2hLUUFUWFo2bzJSSklSQ3YxSjNUNVRYdFZ5UDRVRDZTdTRobnNaeXIzMjMvYXVKbjRtbTlwWEY3eE1qRmhVdE9KK2F4b091TjgzKzNCVGUwa1FiMks0di9mZDFlU1ZPbEFHQTJDTnpLWlRHeEtObUdzeERYUmh1UzJ1RUxRcVk2dFRod3hDTmhRQ2NnM29CTXlXK21JdFk0UWFpelhpM1JvSkRRVTdDTmM1eFhCbnNsbExVSFBudExCTlUyTDZpWk5LQUNlTUpEZnpXellyMWcxWUF5dENVSU41dzdVVHdwMWNyVnJyY3A5L2ZWUnl2Vi9ycGpIdnZQOXFPRGxGU3hqdU11MEdISUJZaXpMSlNwekZxd1RYZkNpSGVTTHU2eGszQ1hEbmV4dHZnS1VMVHdDYXBYc05jdWYzU0tYcVJDTGVuVTk5NG5NWkFjSCs4WjZVNFdwZndFZENVakhNM0dmY3hBYXQzRysxb2RXbWFFQndpeklCdUN3ay85ckJibkZ6NjBjay9ZRkFuVFpIQ21XeXV4TWVPbFZPZzdQOWhNWkUxKzZIMkRqdXlEUm92cWdrM2llalpQNE1oYy9FUy9Ic0ZHSG0yVFAzcWtzT3h4ZjNwNFZiQXVWNHU1Q1FsbHNDYkZaK2phTXV6c2JSTGxQeFMyOXlDSHAxT0FwdnBBaEdyNnpPRnBxZjcvYm9ua2RxbEw1OUVtZFBDYU9RZ1BDN3o4bFYxRnhWd3Vjcm9kbmszbXJkNFZXZGJpcXgzTEpibHNORTFSYkVTYVZ0TzhOV1hWZmZSbVRKK29nVjlLSVB6NzhVYk4rU0k2UElLWWo3Y1d4TjNIdldZQ2tKSE5kRjhRNjA1UmNOMy9Pem0yTTJDSnlZbUlQU05OdGJtZVJqM0EwTmpnZk9VZ1dOdnExODRhUXBGTlVmdWR3M05pQ3ZBZWhaaFdOR0VwK2hhd2QzTVdoT3JPSzl5Sk54SElHSEthQnFGUDJ0UXg4TzJCSWxKelR0ZUFiTmNreExIY0UyWmtBM3BLMjRyUCtBdmY2UDhBeG1rQjFmUDg5dGloS2NSSTFpTmxCV3ZLbGQwSmY5Mm1KdE9vMU1PUkZXOVU5TkNGazJKalUrVTFPZVRtY2x5T1dKZFhqdzh5YjhuQWdxR3o3SXpDUmRKd3lsUGJhWkhDWlliTTJEbW50QmdaS2sxbVZNeTRQeTBrYWFYMUZsYkQvbkxtakU2QVpRRFRrTDU4NmJ5Ymp5UVkrSVp2UWFIYWZlRHl6YWpLQkRBUjdGdGZoalNYczh2T3NaVU5WaXdFNzFpZks1cStweFNrYkVFTERtMXZTV25RcU9RQWJmYW1LdThhOGoxNG4zaEVnSlJQR0ZKdGVMNThRUTFWNWo0MmowcVF0RSsrVytROW5ISkFaaFlYcDE5TUZNbkpNWHBkSW5JaHIzWlJOZzFpcXlhME8xbFVWQ1p4dkgzQUxFTnVWdUxoWDdDcWp3VXFRYUdNOTRxaVZzWGZCaFVUMUxsVEdLNitzeW9teGpVdHpYTk8wY2RRWFJBaURnU1Q2NmRFWGsrRmRmWnF6ekRERHRIMnR5VGxPVVNUdElmUHNnWDJxQWFLeEJibXJ5V1BaWTBLUEdhL1FQbHQ2UG4yK2hxT0xNM21lU0UyTFNPTmlxeE45R3dGNXdlQkdFWFZraGhVcGFrYW12NWdXUEllOE5uK3R3UFhXSVNKQ1ovU25tbDZzcVRFRnZUUFZJM2VIMzlrcEppK0NzNUwrYkVGZndLbysvSHpoTkt6YXFqOWpITjNuTlpXVjhHNEVPT2tRZjVyRi92aTdRSHJEaXdiWEJXT21pMmRiVG1kNFkxYmN3Tjh4Uk1zendzcXIyeDZ3QzB6RWFZdXJmTHlmM2gyU3RYb0hGRk03WVBKMjZoNm0xU0Q2WnZDR1dnbEhJWnVMOHdra2gweldpMnljMm5Pd0lQRjdOc2FiWDBMa3JQc0tJdDIxWEpZUW5HMGY1YU1vTEJsc2hSSGpZcHJQWHpNaGk2dFFTYnBJRGFndkQyMHJvaHJUT2EvNFBVZ3FnSkI3dVBxWEpjei9KTi9NSVQzWXZ5SnhJQVIxc1ZVbUpsREcxOUEvREJVWEE5alkyT21Od25aTDBNQjhBdUpxN0l6OG5JR2lWOHlNL2xhOENNQlVYM1ovbGhGVG9HY1NqVGxHSmluOGtRRnI0WHNBcWJsMzAzRXFCSFNCajFIRFNaQURRTXU3NEs2NGo3c0hQelRqaXdMeWQ4NFhTRjh1SmNzeTdCNEgwOXpYU1o1cUNMNDd0d2NLakNWb3VHamY2RGx5TXExL2orNm5FVElwdGxMT01EUnpxQVBMVWV5dDlzeUE3Z1dOTkxQcEZmRkVJeWpWaURROFNQTlJCd0QxMzZBdmZQRitOWUljWUs5dXd5YngxNWhwdVJ6UHY3eFMva0VaSzhFZVh3N3pDVWdEanFUYUVmcFVZeHkxOFQ3OWxHYzlQQzd4RzEwc2RRdXFTa2k4b2pyMWxNaUVEb1N0eE5lSDVvL2lQbXBxTTNHTkdSZGs4K0k5bDZTSm5ud2QzbjBIME9XandFNE5QR0I0ckRlRTdoVURBMjhrQVhsZkJUMncvWlZQRjlVdVRqbHEyaWpTU3dQbFdHOGc0SytqeGVwQUY0MUFPUzBEZ0krbE9PV1BxQnZITWM2amxCWkhwZDVWazdtbFVwSFFjREJYeGxSWmI5UHdKcVNNVlp0UlhDWElMOG5DUXV2OGlBcndaQ3VyOEtyTU1nRmZFT2U0LzFhblRmTmZsV08rTG9YSzBDWGlGdnpiTThwQnFqbDdGNlFHRHVvRSt6Q0JDL2dyM1NNT1gwUVFEWmlIcTRCdERYdVMrZFBCSDU2WjZMS1h4L0xUaHNsZVV5ZXlDeGtMOFFocTBtMktuZEptUmVUa0s4cit4Nk9IRFVuMXh4WDRBeUhjd0NOelduRjRtR3pFTk41UWJHMTFyczd4cm1PVHovSVkwZGNCa3Y2VUFlN01vUXFXWll5MDkxUU9Kakt4UFJCUlhhS3hMemFpSzhKbXRUc0x4QS9zN0syZXUyN3NsYUtqY2Nob2RnRDhNTSt1RW5XZWVmcllhRmdpOENzdXVUWlRFa2ZQTjJkVFc4OGFzL3hTVzJOcXhLOEVJeG96MXZrSFN0eENkem9jMzBZOXQ4UzBSTmY5TFlzeXhvcGpKY1h3ekJiTHo3Vm1pR0lkNW5VdlBQMkxOS1NhV3B0YVRtTmVESzRXcnJBV0toYnVKcGpQeU5pUXJJS1lhVFRmYUR2N3FLK3VKcGxQUGpwMEJvV1pkZE0zZG83TDFrbFNEVXRWWXdvQVJ6SURKdkI2b1hPVTh6TzMxQkhUUFNuT3gwSXJpbVN5TVk2RWc4VWJGZWZET1cvQVRYWVlydjBvUW8xQ1BjRXQxKytVVC9pQi9HUm9zRUczNHBMOVgxOUhUM0xMVFlaK2dNZXVvamp3SG41TTc2eHJvQm9lWmtkek9rTEloVWY5aURwdy9tbDlKeVhQd1l4YjJyM0hVQUk3K29ESU9aYiszd0JxL0wyeTB2NXZYWDVGVXNIUjlmYUFxa1ZhQ01Dcmt5SzJSWWN1czRLQ3d0TUkrQVhobDIzbGJNeWl4QStPeWVMTEJFbmVxL1RJSU9SSFg1Z25wRXBObWhxZG1BcDBLYW5sSGlEY1NWVzVLYkdzRzZiVzBrREM5VmhkbFFnajdLRVpkZjlMUTdCMHk1bVpWSjJleU04Zm9vTkdVelhsQ0wxSG1UU083bXBDcTlHTy8rUHZ4V0dLV2V6OGgwa081ZUJVVmFKZmJpMTVOd1Q1MU44aGtiMmxIamRPOWRmeUorcVNXQXNFaGVLV2YzKzcrbWE3NlN2OURKTDNrRElLaHhMeEd3QmY3TGdhNVZhVnVtTDROZlFObWw4dHRFcUIrWDRBVmFlV09pM3dDU2lHdkIvVUpObVR0eTJDUTJTaHM0djRrOWxSTnhPWEdpOFNvdENSWWVPUncxYmRKSkVkTk1IZ1Y0V2NSQkNob1dWZnZZOHlXR2Fyc2dEcHlzanpYRnRnckN5WkprY3RwWWgxbjQxajFZWWlmcDd0RUxxNjFVNE1iRDMxWHAxRGxzNE9JR25zR3NOQ3hoQXFKR3FZbDdnbXZQSDRsNFY5R05jOHA5MmwySlFnRWpsdU4yczFLSFVBd2tGUW1DTUlqT3R6Q3FXVUgrWTh2ZWs5U1hnWDFpTzVsRWdKOUdKdFRjRW5pd0lDY2R0cDZCOVRRWGhoWFRVbStJOXVMZnB2aDhBbjNmc3E4ZHV5VlB6L2FmeTVsTmZlNE8xRG52QTlncW83SlcyTlBtQ0NqcTBNcmtPbjB3QjFJTFlvZmxCS2xzeFdsMVpYMGFkMmJTdm9acGdUL2NiYS9LV1U2bE5Jc3B4V0pob1RBT05Ec0IvTjZTazdjeFpzSi95dERZZEZiVFRSYmtwTzZWVXVhRVo0OUVCdEFZcE8rd0VjTTZpMjRZdWN4bHNRVHU2VkRZR2JsTmxPZDgrbTFoSTVrWnZvaURxaTVNZWdvMFBNUzB3by8wUVh5ZGZVeUR5VWdVYWVvcU04SVNmOVZTMHRzdVlKWENCbDRwbzFIREpwT2FHSzBEdGtqMDZiRE1NMk1YbXcwaG1CajdxTnNXQ1BDb1htMGVvZ1dKZjY0ZUdoMzNmUE5TSG0xQ1JBOEJPOHlFV2JzaHE4a2l5ZWJGbVYwSTRnNFhJZ2FPZFZpcHpWcUtOMDVtUTR5c1E3Q2w1TzJZcWlmSG9KcE1CK1A3Tjg4THg5NVNEb3gvdTVkemxJK09VU2svRXhNZ2twdDZuQ2dlaVIvK3FrNWZXWWRhUUhUUWRkMEd0SW9wZW9rNVZzNElrSDZhdWx1a3VKWUNHcXhtc09JSzM1R01rYkpPK1JodWNWd2V2cnpMakczdmdBSEFHNDZobDVjTVlReG5vNDM1NmFJbEs5QU9KUEFKT3A0UUphdXZNUk5saXFVQmRCSWVVOEZkMVcvZHpEMXNyUDk4bk5acHBtWHR4Nyt1cmljNzNhM2EvZXV1NHVOakFpdHB6NHFTcTJjSDlNZWEwSVNRR2d6Qml2WTZVKzhYR2MzMzZCUW1YS2NnWENtVXJCbkk1eFB0M0dHVUkwUDhvb3VxSlBuUklCWjdEanRMaDROZVVBaE5sMTQwWXZmYmtEa0lyRDRIeTRMdVl1bFRYZEVwSGJ5Z1J4Q214bjFoNGc1K2UxcFZaOUFSVExFK3Z4eDJOazRCM1BHNjlTY1hCc3JlaWhpS1k5RWFtNXkxTngzUjg4bm53d3k1WlRwM3R6NkZEb2w3UHd3cXduUHU0aUJXc2ExcXh6U2FrSUxtL2xxakVRZllWNlI3dEFhSkY3UVlhRXEwVW9Qc1BhMFpCSUNFZ3BzMlJ6UTI0cDhOUkwrNnQvcmhNMk4xNllIZjJmZUh6bU5tVW4wWFloeklBR0RyZUdLdXBWQS8rZHBUMzVDZEdtL3RqK2Q3aEtOMFJiMU1xWmpRdHU3Vmw0RktBQkN2Z0NvazhFejlyUFhzSFdURE92dllCWXdNZU1JUkxPMmpqclBUVkZlSVhLV1V0OG9GQzBrejB1NEtuR3hNSkhMTFNwY1JhSFUwemd0V0M3aE5sK214ODlORXBzRjNBUE10VVNSZDRUVUl3M3hlU3JhMkRZeVdGVGYrRXZIOHhhbGFqcmhXSmxnZHdBZDVib3lnSFdBY2VkNm8yWkhxWXFIRlRBN0FscWlhYitJQURYMy90azFoTlBJRjdiMDg2K2plOUw4MVR5UHFsRHpjTjJTNmcxV05zRkdRUHdDdWprdWl0c0dIRUUvdnFEd2NOQU80ZTIxZzR5cmhOcWV6VjVUMHVZUDVHT3prUWF4NzdZWGVvZVJTcWN2YmxkMEN2MjAyUHJTdWZDZkV6RC9id1RPUzlFckFiVjBmWHp6NVVEQjQ2azFVRkxwZWZkNEpHYlIwSy93TG9LdU1vVlRWUVdOSnE2eEhTZGlZUWQ3ciszWEhab2hXeXJhbGwzSlk3dWFIdjBJSFUwV2NnUFJqRFk1MWtiZ1lIVGMzK2wzYVJPL2pEUTQrMVovcGhxUE1lNXRkbE1hUTNNZ0FUMDYvNTAxZnJvMDNRTTJNQmZQOUZqbmpCdnB3ZnZVSnM4a3FsVTNFd2xVMm1XUWcvRDM2a0ZjNEovRGRiUDN3RlFFOFp4RWxJeUlhNmU4SlR3ZmV4MUxYeFkyQjgyd0trSTEzNjdYd3hxdzBqYUg2bE1RM0lsWDZzTHh6VTBkSndHa3hZSEdFZmUwRi9xcUJUSVlITXJUblBnZHF0TkVzWThRTEFFTUhCSnFRSEJkcnMrWjVzeVFoQkRPeXAzTDRlSVlFV0tDWmFnVFdOQm1EU2lSYkpSZG9TMnU2UEJselBKZ1VEb01XbnJzWGd4aXg3dTBnN1FEblZGS0ttR2dTMGVacGs2TEozZ1hJNnNiWU1hdytOSDA2TVY5MkZ3R0c3UmlXREdVYmdlR2xxeEszM0VhSks5NlEwd0p6N1dTTTRyMVI1dFNEUFVLbzhtbzh5d1dlZ0s0WlNVTjcxMGtvNWZXWXRMOTJIbm5BK3ZZcm5HRmU1S3ordEp0eWN5SnVQNGlaK09jRExCcTFacVdUWDExckNrNDkvV0k0aUZqdGJkdVFoY0lGVVQxbTlFRktNaFVSeldUcTUzaEk4SzhoNFVaYUZGcXBKR2FLMnJpOVNRb0Nqek5HYmdUWmZ1dERNRmpOUjFqcDlXMzhIZit2QnFmS2lqM0lBN0pic0VqaVJ2bnFpSmhuYTBQOUUrdGJlcERWUVFEUlNzc09nSEkxVDZWRDBGSWRuNGdtL0x2Z2RBcE1ZbWxVa2VKalJtSENHSzlCQWkrOENuTHdvSkZiSGJmeUhpQVJLTTB3Z1hjeVNFNVhIVW5hTTIwZVdhZU5OL2NmQUVzMTBXWDNWclgvSlZtZ1B3K3B4R0tNVGYvNTJ0K0d1ZnJ5akRqQ29QR05VMjFaVFF0eXVKV1F1WXptL29EWkxiZDQzazlqek9rWUI1RzlrelN2WlFhZUpZM3k4NVpUOUVnQXp4VTdYcjA2dGcvcmd3SHpKRFhRVDVQRlFoWlcwT2ozbEk0bVdsSktnQktFbkFlSnBWTVR3WEx4WVM5YTE4bTlZTDI3RnExbGEzSHA1KzkvbWMzUEtXY2cyOVVSMUdaWlAzZmxtbjFqK0lyNHM1YXZRak9qTXBodU1GVGIvVWd3eEpBL0F0VUJkRWJXZU90ZUlhMnd6bjZYR0lEa2Ewc3JwNFJ3Z201Z3E3QnU2RFMyd3JHbVNCS0djS2ZaSlIxdloyT0FIR3lYNVd5VE1VeGhpOEpSVnl3b0JnOThCemY1ZFpab2VEcVM5T2pPNWl0aGpxdnZiejJwa0FBZTJUVnZnMkFMaC85N01YbDVHRVpVbFkzWDlIYmwrYTZGbHdRT3BhbjZPRTVkN2IyVW4zVG5WYXdmSFZMajA5STFEQTNrcGR4Y05vdXovWXdubkV6Skl2bW9aOEhobGhJR1hENUJldDN3bmgyVDFBTGs3d1ZneE13T3I0Y1dhSzAyVnNVVE1oSnBoTXdSazU3VGFzVEl1MnFJUkpKeHRYM0REMWRRRzYwM2x2UXpLWllNOFJhNVBjbFJqaGVibDRwejFGT1pycnJURDNMOWo2MjZVU3NCdjUyWkwzNGdFSEpOMzViTE93c2d3Vis2MUJUakw4L3NWZ0JraHkxZEpHc0tEUUJDWXM5MnJWY09hM1Z5dlQ0SWdDZ1JjRUdBZEtySCtscW1RMGV5aHZxeUZCR1Z4LzhBZXlWeHI1MElmR2M4Qll0M2VObWRTeHFNUmQzVC9sb1lHL1hhQ3RkM1UvUTlOMmY4dGRKK1N0OVdnR21WNGJLSWxQTktienVTWnFUaEVWaWlka3hLdDlMZmhOVmNIQi85TFB0SENobWVrcGw3eVdReHlhVXFGbTE4VGZlZE51QStLOWNia2ozTEFZTWxMU0t1YnhldXFUNkpDRkt2L3lLU3BHUHEvT1F1ejZBK0xwK3F3TUdySFRyTU50QkRxVlFrcGttelBqU21JUDJkb3RXcGVvaU91cEJrVTFPWTBUekdNQ053Mk93L2lXT1lxMFJsUm11WXBFWmIwRGRuekhPYlZuVG92WU9HZnhpSmE0MDBFWVAydlNiV3hoOFJJVWQ2VWNDY0ExQVdOalNGRjdzcElkY296VnNCUjMvaWdZdnd0VC92aW9mWDNxcWNuclc1REtFQ0hxTlBFZ0FWNHhqdGV1c3J4UW5rNzgxNGJVMkhHWmhLbStDaHBWbkw2KzFZUEZFY0d4Qk0xMC91UXVydjhKZXBPYjVqNXdqVnd4N1EzQ0RXUHNyTDNmKzNLRjlueDNnZ3dHQlR1SzY4VmMzQitIbWhoWFU3MXU0K2R5UWIxQi9DVGxPV1JRbjN4VWtjTlBvTjdyRFcxVGVFb21ZVk9TQzJjdmxlZ0g0WC9RS1VUb21xbXUzTCtHakhsQU9uZmlSalNhQ25aRU9HQnlGQnp1aGlZVldIOTNNYnVrTUdxenE5RXBBMkE1L2VHZ0U3VG1UbGdrZ3BGNEo1RUJ4amk4QVdDbHBMTCt3L2NrK1g0bVlKREVOQ2xvQ0pGWHBTUCswT0NtMzQxd1JzZ0FLeU9ObUR3a2NEN2R1aWZYZlpJTnMvN2x5UDRvZjhIamtQTHltTzlNUXdSRUZlSktqUVpTWjBzZFBUeWxoRGFPVDQwVnArd3h6YzlieXQ0OXpaWUo5ZzVuWHRvV3Z0U1RVWlBYMnpmK2pJSzVISmZRRFhITVpadjdzZjl1UE5nQ1Z0cVRuUHpOeGd2WUtHK3U3V01qYWtUcG1wTEZyNDVtN0E4eHlaUmgrZFVXYWlFK01rMDFNQXdRMlRXSm8wTFAwNlNJd2g1R0pyek1EMWxrVTRVeTdMSWJzWEpxQTB6VHVsUDZnT1lFNFNxbUxXVkxKY2tMWGxuWlN0aFh2QUxNVUdhbXU0K3dybk9zTFpUMFB0L1pnenRDY0Q4VlB2YlNjVnRKNVFJMEgrQTBZdzlVc1VtOENGUTQ1RlhBSFh1VGE4dDltSWhERTc3SHNIMk84K3VBVStaU2ExWjh4MFJYUmw0Y2QyRmJqYlVYcHF2dXpURTdGWEVFRHJpREpUbnZVKzJ1RGdCQU9VdHBLWTdnRlNVNS94RDB4K3ZieHcyQlBMcVMxMmJ0RlhzMnZ3RmM4U1k4RzJ5aWxsTktmK2UzODNvTHdXek5pZHRsL0VMMzY0aDl5aGVLYTRmb3YrbWEvRWxOSVVER2VBSFBrMmhKR293L1JnZW9tL0FnTnlHWDM0b2xHWU5yVmtWM0d1YnBqZ2lTaW5HcmM3UGxONnJCSGJrOUIzaXRCa3EzSUx2Tzg2ZnBzZ3ZZNEZLdEE2K3piTWlwVitHc1ZISGZBS281K1pxM0ZPb0tSd1ozc2RCRzUvZmRiVVlwVnVqQXN6M0huRFBsZmpCRGtVM2Rob05FUStwWVpOSUlLTzk4L2Q1UElvMEJ1aHI2amVZUXNlYWRWWTZXK05TVkw5UmpwWG5vQWNOTWY3QUdYQUJnTm5PVTgzc1VmeHUvZVQ0V3RTa2d3MGYrSWNWem1SZktUUHpVN2QxbHlzSkRmVUtPYThJZnNaT1VQWFVIOUFTYVRJOVFRSko3SzF3NERZMmhrb2JoRWFwY2ZzZUVMMTYxWkVtUGsweWQ2dzBBZUVvdW9keEpiWFdRcWVMZXF0NDB2b2lRMGxoK2xKQ2JadThJNlNGMk9rYTlTY2dUQ3hKQURidHBCRHdTc2E0Sk5EZ1dHeUdvYUw3NXE3aHpwSUs2TGVScWxWUmN3V0poSUErOUJqNWV2WXZMVWdqMTFhRDVzMEhnUit5NFN0YUkvb0R1Q2N6cE1QbkFXZUw2SWpWNWhBcTFsaXNHbHlwU1MvUWNqcjQwSm40ZEc5NXRmNG02WXp3UDZDbXovMHdPcTY0MzhxaWRndzhBNUhkV2ljWUUwcnZJWUxJcTA1LzNKRDRITDV3bXhRTkF3RW5TS0F5VGtoNFJzem5HZjFjWHJISGNHWmp6TzF0QTZCSjI2QmRVUktFNjJEL2FpZW9YanFNa1ZoKzdORVAxclJDdnZjeWQyenFnVHV1ZTRlb3R2c3l3c1gyRzdwYkFkaW9sREVNMHRRL01ydW5nenhEZXpLOVc4d29FamdVcng5T3QxR1R5R3hvS1JXSHNrYkoxUjEzSUl0MWcwUkVKVExyS2tPU2N6azVyM0J0NGIySDlyNVF2ekZXV2J6K21Qamt5T2FNd09PeVR2WVFUMUpNZ2hPdUlqcU54VWV5UVloZzJ5ZWhoZlRyVzMxSWFHSTB1d3F5WkVBMitXRTd3cUI3RmhUNFVad2ZuL3pwc3NaMVE4YU9oYnJpNWxZNytRc04rOHhIdXFNNVdLYzBjWXhYcUZhWjRWcU1wckhBVHpOaEF0TE1aSmd5Q09tTjUvM1B4blFIQ1JnSGhwd3BCR0UwR0IraFpzUDJzam52RHdDM2Q0dHdiRVMvSGNVYVVRdGZDbkpRcDErTnBRcVRYM2I2ZFozOWFuUU1EbHd1NnN4NUhjbWdaSzB3cldvRmRpc3o4MlJrci9hRVFNaHR3aDdZY3hxQVBnSWJPZzVBd2paSFRLMkhEZnFiM1lOb1BWKzhIRk1JdHVLeVRQaGcvakMvaDRacnF2NnowZzVxQTh3MUQvVHVpZUVIdkliZzc5YXkwRE9LcDdxQitwTlM4UEdmNHhsOHdsSUUxcGlFMjhOeG0wM01iYlA4RUlhOTY4LytJRkdEZXIvSkxiSHRvRGR0a3htZXJ4U0R1c08vTTRCYTQvZENIUWtidDdsQllPdzZrWVlRUHZJSC9wZERxNHhoM242eWNRVWtvWlBOK1NvRklvMlNCdkdFaE9tRVBIa01vdGdEZ3M3RnZSelZITXNiZGJEM2RiTnFNZ3hHU1h1YW9ESkpZdldWVW9GTmNaSXExZHJrZ2QvSzJhekNHQVdLTS9jSUNQaHJ4SkRONFJIbXFhd2Z6VWY0QUR2Yy9DUDFjWVBVL3lBWVU2V2RZY0FVY1A2b0lnVS9IdmhuemhtazJjbTlpblNPUUo1bXQxUkJHdUQ2LzNUQ2xTZzJIY25FUDR3TE9nRkdxU3d1eVVYem9WWFBKY0NFeDFVUkRGVmJsRWlPS0hJdUo4UjZyekxhaWowUTNCV2tKYTBoOFlReUNvdzNDTkxwU1RUNzBFNER4MDNxTEd3MXZOVVdQdC92VG1ta1doNkpIcU5XUWdqaGxxNm84R1RMSlF2Uk9od3ZIZkhZakFlZW1LVlhSVmZQR0hvWW14S2NiOVJ6N0ZMTS9kV1RkUVo3WWduN1lmTE8xbXUxQ0lEUm1BK0xJM3gvUG1zbnZqME9nWDZnRU5aS1l6cEZTRUp3Vkh4MFEzd3VnS3ZibWx1ZDBGc0xldG16QWx1OHJqQWtuNHlDVVBqRHRBL1lnaUVVVVBTTHQyNDJ2Qlh2aDZVSU1nRmVEMzlnRWQ2MUcySFg3Vmx1ODdaRFJqSGpDc0E2WFRTakdwVmdmTnNhdkhEcSt5VVF5eW11dEJtcERtUkJ2RE1xQ05xdEVkaEdCL1Z3Sy93Q0RWWWQ0YnlTVml3YVpEVXI1VzdaRVFnL0ZJNWllaG5KZS82bjFlSDVrTGltb2tqL1g4WjNFd0ZJQ1A1Wkpua0Q3S1JLU2RWcUhWaFliYWVLVE5ONlhvV1NaSXJhaVJIeG5IcUdPMHBDRkdNbFdrMnBQQmQ2Zmthd3gwZ3pXdlpUMkpGNkp4dXlNRkJUZyt4TFowL29rNkdISXJ5SFFacTZOWXkyNFg5V2t3NExUZmZEcjlyOG9Zc29GNm93dVV2WG50TzJMZVJMV3I3VXlHZ2lkaHMwU3hCdlFVOU95ZjFHdjFOOGd3R1JrN2hsdmJIKzB4RGFKVzFSaXFmWDdLRm43V2phWjFQSmJxaktPNUZyOVEwM3dYcytBbkdjMFNBSG55ZjBZOWZIeDZBeitUSTdWVzVFamRZbEZJYWZ2TmxIM3FNMllvbVNtdGZHSjhFK3dDZU5CU1hBTE9lT2lxTmF4MU1aU2sxZDZBb2ppaldrd2NwN1d0U0VhWlVmWEZTWmx6MzM2SEJWZmVWVWU4b0E1OU9WSzNwL0ZuNmVET3lyQTVmOFo5YitFWEFBVTczOWNNV0FncUxVaGh4ZitGNDRCMDBqOEFkaGVEUzV1MmwxSDZsZ3lVaFJmdkkvMXZrZXJ0c0RoN3U4Qysrc1d4N0ZCTmkzQ1JudEJXN0NaV2F5cWRrZU4zV29EQ1Y4SkJDMEFoZFFGRWVmb05TekJ5Qzg3d1BNcU1jc09OWmNhNzNUalVCeUVrdk1BQ2VieFJKbC9GRFJoSGFvZU5iRmY0ODFZNWs5TW80d2JyNlVuV3pHM01HQk9nUnhTL3NhUkd6b0lsckhxclZORkMxYXpYcEV1MjhqTDUydi94Y0t3RHN5VkIyY2ZERnNxaVVPOEFjWTFwOUluRThBOCtYSXB4YktNSkU0TFNVdWVnckU4eXlkZmtMbTVGMEIwN0hadVFGWklFaFB3VXdaamJSYzZVODMzNW9LMTlOYXMyemIzRFBvRU8rWlhmTlJJTkNYb3ZHb0xLTlBVV0ttUWplTGYxNjJZRFFtOTUzT1VreTFWNmgwQ2Nwb1kzL08xZE40K05kMS9JdjNqcVVVcXFtdEd2anpWZ2ZjVEJoMHFheFRKWEZHWFZ1QmNZK2ozOVBJdGplUWZGQ0RMcXowcjgwblhHYnZEczcwTzZTM3RDZXkyRnU4WDB2eG96WE5mMFpUYWR3MW9rQWJJVXFwN0FCRll6djhiL1JkWmlFSUR2dENKZElPd2dHZGVFSFdlMW5JOU81ZUhNQ29tQys3WGkxT1NHcUJBVUxTSlJIb04xVVJUU3ZIeVlzZ0JBUFZLSjlsUFhPMXVLMi9HNnpFQnlmZ2Z0NURnejhoWVZmc056ek42azljS000QXI1WGREYTlSQkhmOSsweWtTbFVmcmFwalpGK3RsZzVraTlMZzFiTE43cSs3ZFBTak5RajBPU3RIRURwdzEwQ3dYRjZpWjVpWWRVUUk0RXMwNklqWUZ4OUJMZkNPYUJTNlRUVktGa0QwMThVN00rd2JtMitaTFNFdG9Cb3BZU29kREg3Y2NNMThPTnZsUGFtd09VQkJWQSt3UTQ2MU9zeVI3d1ltVlh1YXo5ejM4NHB4OE1OMzBtWURyUVdHOWN0aTd5UTFwdGk5eUkzYUhpMHFOYmlHdjRzK2FuY2xQOVZRVC83cXpsNDN1QkJvbXJEYmw0Ni9haFBJRWQzM2JsRzhSM3d6T0ZlU3gxb2hob1k3UDB5Y2JBaDd1eXJNcllCWUFXR3l3ckVwUDY4R2wxcWhvMERlZWxyb1FIbmpDdW1FL1I1T3pmam1qaTBiSTlIZVI2QzlWc2szUkl0WDRQTG5Pb21vMStWM0t1eGVyakFnY1N3d3VQbDBvMDljclh5ZkVDVjdENXFyMjc3OFhCVXVsUFV5VENncTlxUTR4QS9qVWNISEpoSjIxNlVkN1EwbXVBSHdrMkxDLzBmSDNMeFVreThjSCt5SEV4K2s2enJ1MWozZ1VnTDl2MXo3TjdYMTVGRVlJMEQwd1EzeDZ4ZVNhRlBwR2JQOEF6VlViOEsxVFo1cUFQM0VaMnRpMlpiK0N5MElaZm43MnNxNXRsN3FNc2ZuOHBNWnlJSXJ1UHU3b0NBTVQwZUl0OHJVci93RGZDUk10ajllY3UvZVY2WFF6bmVSK0syV3g1MEZhSnkvQXJFeWNmR2RoeWFQc1NmRy9IbWJOM1RmMndLK2NBOTUzcEV2Q0VETWtrMkRIZVByS1phMkxiVXlBd3UrM1lBdldpZjhzSzZwSG56MmtRTWdFbjJCeVBDT1VtYnJoRXB1RVZWNnpsWVB6WGpFSlZDU0dMQWJZeTlKNmxQOEdTWmFYYUVmRFVpeVNlaktMWXJCNDhMWjhVV3AvQ0VsSHhSbEx6YllyUmk2R3h3RFV3V2x5K2pLRlJvcGpjL1RSU3FNVCtrZVdhQXBOVWhLeXNhNnRFUGpEL2RFcGQ0V3VoVitRL0FpaS91SHA1NnBDNUZ6a2NmeFlvM3VrdXNuZWp2b0pOSW5ZV0JEYUpVTTBZT2duWFl6SnN6cWlkaFptV3krMHI4RU1GRFVSVEF5Vy9zWGVHMlc4ZTVENUZSb0JoZFFZeE9aUUhJbnBMMEErNXhYUUFtQUM1cVFzOTBrZHF5Zk0wZFBkK2UzYUI4cVI3Q2hPY0Z2NUQ2NmdKVVVBNmdrek5zQnVvSUlpa0J0dlVITzNvaTJLQTE0bUYreG5wYjY0TEtzZXNzZkFGaUE4QzlYWkVTd0Q3cXdrSEJHTURQVHdMUHFLSXhqcUpFQjhpSzRvZkJEYWthbm9WK1FHb3o4V01oNkJwMm96bWM4TFp5U3JJYVY0MnZ4SW1McktOaE8xUUhuNTAvamFPWlNiV2RJUE1UM1BlRVFVdnBocUVmR0ZPNXZ4TXNLTXRuZzEwN0VTQVcvVWdEeUtBZG1kcllOd3NTWlh4RlVOMkF2UUJIRGw0RkhCZWU3TWVjUHZUYnhGWXZOS0pEQ3FnTmttMEdpa1hvdlVEeGNDYTE3Z3c4Z1JCM3IwUGtiWGs5SEJ3RWVqTjh0RFJ5akt6cm9pcS9DamR6Q0daeEhtalJrWm83WDBMU1BTbU5wd25yTUNPeGQzWnBUalBjY1dBVDRPazlYcG91OVArc1VQRkZsdm5lV3JtYXN3ZG05eWFJRjVOSDVZd0R0WmxpWkR4Mk14TUdwT3RvaHJTbHE1enZlOCtxdXBNWmhCcHNCRUd1SWxEU0dBN2RlcGorK2l5bW5HQjRMZS9YTXpwbVJUMC9mMjYxeFU3b0xGVmNNQ2EvUFRXQWgwM0xJNmhac2tXVzNmeDFVZkZOcE1QY1Y3eE5rc1hyaFVKbzdXdXRQOCtIZ2RRZFFCTjZ1TTltbDZUb2J2RzhGekxWNlJrTm9ibjZBMjV0RVZVR2s1dGpFQ1A5RWg3ejdOSm93UmQ5SjhrRGx2M1RMY013d0FySStrdVlQZEhwYmdjRWtOZHpzemUxNENJMjd3YlJNbDJUcWxZWFcxWnpOaU1jVE5IOGIwV3JEcXZnZ25BOU1hRElOcjljOVdiVVBFRUV3NXlRRkRXL2NiY1lBaW9jRXRWbmF4czMzandRVHlUa2QyUDF3bVRtSXhrVk9qQ3JQYk80b2JJU3hpSEg3OU90ekdHY0lFMWgzS3BxZTRlUyswanYzNVdXUVoxWHlackdvZ3huYjJXZz06OtrWw/3OD5xYQ6COggXCUzI=', '2018-12-18 12:44:13', '0000-00-00 00:00:00'),
(13, 98798788, 69, 22, 57, 95, 'M', 'Q0czQlZuQUw0NXJmekFTWXUzclA5eWF1d3o0QkZJVlkreXZ0YklLZGJ5SmlONUh6ditIdmVZaDVybVhsS1lKVGxKVDFTMWJPVUtaRlZZeEEvdnNmL2VFZk5CYUNpWG1Pc3hsOHc2QXNWNjRRR0dSakpXeEdlUG0rNlhjRVZ4NmhMMllILzZ2cHJvcHl1cWpHY0xQZzlxeTV5ZkpJamxzT0lMaTB0Q09PV2JnMTk3TVl1Q1FaSzc3cWlDTEZYdWZJK0g1bXdwUzc5NHRFaGloOTN2VWxBY2g3c2gxRndvMVZIR0NXOWV4bkpiYWNMUERYWm81MnZCN24vN0JaYXhKRnlZOGNHR1dmM0pDMmFQRDRPMTdySzQ5NGRrYXRZM0pWampSRE5rYVFuc3hCOHh1WHNXQnFxRFFIL0FaY0VhbEFpV2hTa0s5QTE1UVRKQ0pIVzJwOEtNNXFhKzFienZ0NVZaSm1WTHQ0RmcyUWx1eGpkVWxaaTR6b2k3NDRScVRoUWdWcFJEa3c0VnQ5NW9SSjcwNUJVNXM0ZndnNHFMa2RlNzBoVndYZzR4eUxaek9LVzYwMzFZUFJoUGlrVU1LRXltVGNicmtHN250VVBac09hNlZRbnVmcDVaYWxxYTN0M2xzQ2NQRkkrNHBOczZaWkhIejREQXh1aGFFcWI3VFo4ZUNwMWJuWmZBK29pUlM1dFdQbGZWUkJoS2RzalRRcTB4WEh4M2dJU3RodGNvSUZWRmt1ajlmM1dXUkZLK1VqM2RMSjBjNTVwUm9ZQWZlMDVxMitBRVQraHJRRkV0RGZLYkcxekxMTXpHMm5sbXpveXkzc01YR1ZhZEZ0VHovY3hIN1EyQ3oxQVdhQzBHOTJWZmhMMG1ZVTNlYkdUc0N5WTd0czVydWs3NU5RZzhaNExVVXZQekREK0tCdmFvTDd6MkV1NUF0aHk4YzZEckhhLzVzWVRLbHBScGZYdzhqTkVpWDNwS0JxVnZvbnJUR1VyMmJXUjBwaFkyOVZqTGw0QkpoRUd2S3E5SHJmV1hYV05scVducjZkU20xdGM0U085dFkyQVhrNkRQZVJMZ2RJVE5LcUwxMlpiMGdmalFldThKaHZVVFh4WFhoMU0vU2hwU0YxL05SbWtMdG56aEVaSFdJYnJJLy93Z0NWb3dkWU43eW9RSWIySitFZ1B3VmlmeFNvTXhDMmZRWGlpWmdxVlFlaDJkdU9iajR2T05vc0lIY0ZMZ0VIa0ZEQzN3UmxOS3pMbjZKOXdlR1VuL1VMVitQYUlEa1NPWUVOVk5wUUNzaUJEMjFqOFJnUmVBVnFtWmJFTCswMGczbU5wMzFoTmJCNkg0QlJmTGk5SHc0RnhYK0wwOGpMNFprb3QyenZpL0ZrUFVLMXVEeEVDSkIzWng5bVN2OEt2bHlPNWxyQUZmdU4vNWVoVEF6NXRWY1hEbUN0dTBmdjFlSWNTYmx1WVR1SSt6djlQck1LeFg1Y2JuSlF2cWkyNmNLajRpU1lCbmgrTDZIdUdOdDQzeDg2cTJjYWFZaVJsMkFUY1FRcDVuV3A3QWRFSHgyaEVzTEZEeEFFczBuNlFVTmVRS3o1S2FQV21yaXYwdXA2bVBJM0MvWDZMRmp4WDFEbzNQLzV4OWd2RkNYeW43THBUZ3VUaS9aS3Q0cXcvZFYvRmZmcklENUpxSUxVdjREWEVmVFpBeXYwYkFSUDRRYWxTbWJCbnA4U2ptdG9MY0dVam4wblcyYXQ3blA5bjViWVh4MXVwUm02THRSOXpZMk5lelhLbGw5R00yUEpxZWM0cGxnSXl5MmJGdnh5c3Y1Zis4Rll5bzVWVlR5MTkwTXRKeTlGT1ZHUXd2dDJqU2JtRStGaEs1aVlRelF3Vlg0ZCs3V0VBTk4yL3YwODdwNVJsRmVjUmpqOWRCSStsRHNteEcxT1ZWb2hhR00zZ2VXeFJTMXlJYVZBQVh4SEJsWFVvT29jcGdOTXdMQ0ltbEV4VUZQdWxxTGFiN2JmVmt6S0xkQk9FbGtGOWE5RkpCcGpFK0I2WnAzRGxvK3VPQm12amtUR3E0cVMvN2JnNnF4WTRBWmVVTU1jd2VJRUpuSEg0dm53OTc5aXdTdzRFVmo2L2d3MjFLREpFa3F2alZoVGx5YXVKL0xrSG1CRkltWjlhVmUzRUFCaGZ3M1hWR0tuQUZVUG9FM2dDYVBKVEVNRlErdkQ5eThPaVo1K2doVWZDZ0h3MlVyUWhLZVpUOHYwK3RGS1FmYjliZ00vM0xpTlJ0NSt4aXNUemRqcnAvZFZSTnU1WjBLY0pLUXpDbXV4cnRBVEo2RFQxK014ME93RHQ1Sk5pUUg4NHNOZzlXVFlTc3JSbTNVSU5DRWFQK0FJVDU5REt1eWlnYmlIVmNXc2FXRXJJUDJaNk5lMng2QjdSMlJ3c2Q3SjNNdXhpNllFcGNmMDlKbjhTbkJMUkZHVDN5MEQyRUhZVkRvUDJnZ212MHQ2Z2xOOHFhUVR1aURNdzNHQm5Wa1F3d09nSXExeE5MajZKS05iVHJwVFR3WjNaZ24xaUZCYXMyYmhFS2lTWGd0RHNvUzQ4bjlXTFd1ZlpQc3ZpY3ZUbExVQnZxd0t0Zkk0L0kxeEVtVkRJVlh0SUgwYUR6SnhISkdPYXJjQVF4b1hiMTVWeXdoaTZXVHlSY2ROTXlrd0R2dVZoT3FzT2FGWVpZeXUyQTJnSHJMZEtUTlc1azd1SysyM3NyaEgwTkJFUzhHVlYxSXpoUFFZdFJYaDhTb0V1aFk0Tjc4czhNQWEwUktYRStObkd4ZG82dHAwbmxYcmhpV1ZZWEk4U3hsbW9oRVFkVXNRbjVXbklMSzdxTklUK21sT2I5NWxFeEh0L2JxcE5KekZxd1ZDUDUwSjh0YVpkTHBPNi9WYXNnWE85Unp3REY5Vlk3OXdocmJZRHl2Mm9kNWVEZ0JuZ0V0T3plVnhUbFJyT1E2NFVoN1hjWjYyYnhTZzJBbzdQSE1uZkhtZVd3RmJzMFQybGdXRzZTL2Z4WkdWS2pYQWpyaGp4OFl4SzhPcXNkNUNrNTNyUk9UdExDd3kwVHl2aEdXOWVHSUd3UU53YndZdzRPcGRkOGVjSGRQZVNPSDRYY1A2a1FjeDBVWDV3aks5R0RtNGRNSnowYjc3VjFsYTZDOWdPSHNnMmpkNzZacW4yaHFRaVdLdWFSM3VVbTJKd3UzTENmRkZ0NEZubUVxQlFGbmgzODh4TFlZdlNGYU8yZ1lBU2w5c0kzYzhGTVFmVVE1MTVZcEtya3Btc2EzZlFkNzJSZjlwMjUyOVdTcmxJUkMxU1FZOFFPZytyc0dmUjJuSzVrUVZaaVVmRngyNHBqUnY4b05XZFdRSUh3akxLVVQxRHZnMVdkejV3TUFrV3ozekI0dnhRU2pZVjhiekFHbC9OUU4zNFFIRlFYRWM0Mm1FSXpkM0RWTWZXQ1NuTGRzL2s2bjZxWU5oU2JnWURGSXZVYWs1cEM2aFREVXBvSjgxa3YrRjhTSnRBa0FWSjZ3SDRid0E2aTlPV0Z0QzdMRHR2SWVaU0dIRFlQT2puNkdTOXdmRkF5SUViVC9URWIxQ3ZDdm41WFVkYWdIOE5oNDJqZldNTVRhZkdrdDNYZHdqSXpVbHV0cXNtS09sRGd6bENsSGZFaS9neGNMd1plOHd0bzVBdWd4bjN6M0RuNjM5Z2N3ek9zTi9rMXIyYWgzbmdWNTRWZitKUzRkTXBxM1l4SnpkZ2ZWOE03TU1VSk1vb04vN0RUeklhSVc0b3lPVVhRYlNzNVE4OGhGaFlSYjlhaWFnRDM4RTBOSjhXbG1OUXlTWUVYK1FvTjVGRWNOLzE5ZW44bEJXcElqR1pQSHNTT293Tld4Ulk2bjhTVmVCSk4rR2tqL3pKNEg0dmw3b25CckswbkFYc2o2ZmM5ejh5eWhiY09BWVAvMUJNc1hyZHJ1Zml0WXNNM3NReFZXcnNnRXlkRktKZFFsTG5ZMDNTSVdhNURSejlRb3RLY3pPdW5GNzBSYUxTVWxQWThadzJTSU1LSnNqM3h6aDUrYXdzYWFSQ1pINm5XZlEyc0Y1YTBSbEl5NVo3cmJRc0FoTUxSRnBBSWhYZEJpK1h1L3NKNWM3V0llT3Z5a0xMbkZHS1RyS0FvL2JQSXJ1S3RrYjJjcGxOZ3poKzU0SVQrWnFEQnJqN0tzelJPcVdXSUtKdldPenR0cjNBMWp4S0tuWkRGM250RzgwekJZK09ZaXp2SVFUV0xiQjdrRElOdFhSZ0kvTE1FTnRLYWtWYjcyYkV2SEpIbDhKZDVyZUM4Y3czQnNTYXEyaCs1TDk4VFBHUEdJMkdUYU1pTUhzU0tiNHd5SFg3WXJjd2p2Q3VobDlmKy9vVjJLZkUwRWYzZFVsanNKT3BOTEluTWYxY1JtT0FQaGROaDY0SkpWMVdhN2Q4VTRwbWdVYnFGakxodzRNa3VqQ1MvcjYyT0ZPcXhDVXE5bStjbmNyeWZYMVp3Rmw3WlM3UFJldElJZEc3cFBRd2hIZW52OXpFZnRrTllhSDdUaU5qK3RSZlJPNi9yb3JsZEpTZmQrT3RCM3cwcmxrWDh0NFBQZnIzZEI1cy8vTkR0Znl6L2M2VWxYTFpkV3FvVVZtYzZHbEl3b0NETUIrT3h5Q1V0clVVeEUxVitmQkJRMTk1bHBkTkNOVkhZdXZNMlkrVXZ0U2xPOG40bEhVbDdieVhsd01xSHZXK0xWekJiVUlwaHI3eXNSMTlibFJTVjZneEpLcEdBN21DWjV4cW5XS2tNOWhHMUdLV0ovZnVwRGxuWWQxT3JiSFpoSmlobEFIUk90dmZidnpRYnV2YitvSUl0elNCMkJWRHRIRi9OamxRUENlaG1PdVFxNTZCc0w2ZFlIcDVLeFB4REw0dDZOODhhVjNtVXI4bUlwdUIvUDI5eURLY2xmdDFmTS9sL2dPWXd5b3BpNHp2UGdJbVZHYXNTN2FzNkhoUjgvK0Y5a3ZSSGpEOU91d0p2SmVFU3RpK0ovOU1kSGdJclFIZTZxZUxqTmpxZzBuVno1QkM1amZJMjh3NTBwTnRZTlpxaXlzSWhSU3lsNnR6NkREbEFRN1BhMVhMVjlhMDFBaUVzdFN5Y3dMOVZJOUVod0t0Z3R1TElGY29yZXcycmd4cTNpYzBPQnVpV1hWb2dVZU52dDltQnNDdDZDWHJlSmRBVDFVV0dGcG5mNmJTOWhhNTlrdTY4Nit6Q09GK1Q1Q1Bwc1E2UHhOTWJERVpIYThZNFhML2VJV0VPTjZqZFZBa3NoYkhRZHp4R1ZKdXVndHF4ZjFMdFFOZGV6Ym8xUkJyRSs1UG02ZkZCbFVGU29sMklNTGhQOUwrU1k3aDMzMzhyNncvZmtiR3hlRkVOSkVORStuS0pLbzM0WDBobkxaZjZ5eVNSV3hwZUtsTm5BZEUzRkxVRGZ1NFZaQ2VNbjdzdVU1RmdOdkZ0UFUva2JVVHdudnFROC80N0R0OXZBazZabStpb0QwR1lNcFhXWTJ2K1BVd1o3am1LZkJhUm5WaTJNOW5kUXVET2MvdGlGcVczU1JlUjlrYTFVZUtlK2tqdXdqRXlRZjJ6bUJ6U0l6cjhBcE9aRDFNRVl2Vm5QYStrZE5FRGlaczdnNFNpa0dPSjlMdURjdU9HbGpXQ3pvdm43Z3BrK2NIKzM3UjIwSHZ3bG9Uek1VUXBacXdCa1J3WEcwZTZnS0VDSG5GZ2ZTVE5QMDMxWEh2UUtCMGZXSk9zdlZ2Y0xmMUNWWmJsSEJDSFVyL2xQSEtrYjhzQkYybkRya1IveGs4S011emNnckpRNGhlV2RQVE5UTVVScEhqQ0JDeVJLajQyaGhiY2YrSll1bmUyMlVOWVFEdiszcTBIUnF0MnZCVFBURnRHcGxzeGxlaytTVnZxcCt1ZkFybjk0RXg1UEsyYm9DZmJJZ04yb0hkeVZBUzE0VE0wYjJjQXpwYXdURmFMN2k3UmdLVHhNaElwb05VVWNNaGVIcmZYRzJBdjE0dDR6eFVUT1NXYnBVTmp1VUFwUE93eEpqd2FaQ3pSVnlVSDUzbTBxanN2Wk41ckoyZ3NxOFhYNG8wN2FlZnhrVzZCN1gzSnVRMWN1aStpUllJSXZnNWNpVW1CVGh3VmZWSUZKZzFaSkgwaTR2eGdpU0p5Yk5mVUhOSU45SEJncmludEFjanF3NHJnN25jQk0wOWkvb0hKNXRzeGd4c1U2UFpvdzloMWhUS2pRZmRxN0pkaEl3L2F6ZXJzU0ZnZG5GQWduK0I0RlFZdDZJTnVKTTF1QlF3Mnd4RkwycG9XU1JLRWlwQW1KT0tha2M4a0VTZmEyK1lnY2NQdy9nUHVYMWxMNHVOVm1pWjQrWjZnL3dlL1hXeXFVS1FHUGd4Wno4N2xqSkxGN1lTeXJKdTBKMkc3U3h0LzRPbCtMMm0wa29Kb051cFVEbkU0eDNJbW12M2ZHQllMODJoTWVzM0hwdWpFdHo1eU9wVmV4Y1d3alpoYnNSVW5lSXNNTVl4M1llVHNwUEx3K0ladkE4UndoOTBIeC8rdGJ5dU1tYjVtS0hTdEtpVGN2eW5GQUhZdlk4VStmYW9OUFlqMi9DeE9INWFDNnYvWll6M2xhQUc3K0h6cnBwMGo5WHlRS1ZSdDZCWE5DZTRub0dWakxVSEk5KzVEcDNJYlAzUHR6a2g5b2lHVFVJVFhKS2NTZ0E4MEVtODE3ZzJDNU1NalQwTGM0ME9aVWRYYXR5cG9LUFZia1BCd25yYkptQTlzNkZRalZVZ0hYTHRpY2FkeEU3YnpmNDlPbnFvalhEbS9wdUhZN2cycHZrUjdzbHRqd0Q5bEdMeC9ZOVJpYkVEVjlHaFFJYUVlWmJHcW8xQXN0MFNCRmlRVWhBRE0zS0xwaEFWNzRrNllySTJUL0lzMU9KNTVpWlh0RkV0TWhEOGNpd1F5c0JyZ0l1MFpUMG1TaGJPcHlWcVNNY2Uya0tqWGNLdmxxblJnMWVmelJqTkVteVR3VVBtcjN5bEREaUNxZHlzWS9rM0Nsc0xRbFFYQUxGcDFYYXpYV2pNNzU5MXdiQnFURG1FUmlNeWhNcUdNZ1FkSzJQUXBJQXBIZW9PZGI2Yk91c0hTeWNkYXBBM0M0QmJ5ZVovSmErVGlhdVlCVWYzaTFNQk0wYnpHSjBOMWhVQUFhMFRPdVlFQWlQUkdWK2p5WTg0R05uUmlCTUVBcXhLR2Z0ZStySzBGNFd6WUFFV0NvanFLSk80S05lQU9ZVWU5OFZQc0lKYjNKcU1LdzJKZy9Ya1cxSmtuaVBoRExUcVBNVHZyRnhBZytQNlZGaDRhK3Z2Tk1odmM3RGhZb2ZuMWFtY2luK1FIT1lSdUxmS2tGYW9PUjB0TmxDaldPNklxUUpLVUtOejhUeUgyVVZFbHdZUFJBUUdacm83MzBlL2x4SExNYk8rWThaTXpZRlNrekp2WElqZUZSeU9UT2tSeDhSenpNQXJwNFU5R1A3TmdtTk11SHpUZFlXNDNYcDZqYThnY0ZTdjB2U253dXVPQUFiREZjRi9jMnljVE5Wd3ZucTB5S0oyQStFYVpkbTU0dHBHZDdGMU5jNmRSM2EwcXFsVjVadm9hci8vT0UxN1lkcmZtVkZmajZtZ0NTUG1iVGU2cFkvaUxvSUpZSG51cTlad0RXVTM1d3dPbWg1d2pQZG12dnMwdFk4eEdqVy85d3dvSjRhUS9XbFhXRldiREo2SjNmcS9JVEh6bHpNMm5RbFdJS1JESW5QRVc3UGM1cms3eG4xNEN5amtmWkZLbzc5R01iREl0VklGdkNsSHFHQ0drdHdNWFJyMHBKR0w5ZWZUSTJSWk5rcWNsT2g2Wnk1aXZmV2x6Q253Z09EWmpzNGlzSGhZWGJ1VG9IbVJ6WUNyWXZoM2IyS0EyZklXTDA2dTVTMlkrazBocCt2R1k2REhhaTFJSHNrWmZMNU1Nc0hNcFo1aVBSM0tnNnpxVVBNNmd4UVBZaDJvS0VsMlVvR2doMVhVdmMydHpPWGkrMHFYTjcrTzl0QnBkcEZIOEl6c3lpQjJFbHBrWnRNUFc0UnREckkwd1F4aGE0UXgxNE9IOWdML1c0YlBaUU5ueStDYkZ6VFVIZlFDa01rcEJIeFlnZWMxTVNFU25WYXZ2SGE0TmFkcE9TeHpJaTFVeXVCRk5SaWt5RTJ1NkIvQldiTzgyTEpHRU1ObmZ6THFET3RPZGlJMEx6OTI0K1ZGOWpETmhkbnFpMW84dE03MDRSOWJ6QU5BMGxRUHV1czdUTC94eEplYlJMR28rUjBOM005Vk83US9WTFNOMlRlZTJDR2lBQjZsVFdFcWZ2dzNmVHMrY0xVQXUzVWRHRWppc0FnRFR5dDBpck1oanpuamJsREpLUzNzZUhkcnIydDQ0SkJFOStFcFJmSzNrMFZlcHpVWEVBTGp3UjNUQjJOZkdaL3pmYXVZSGV6S1JlNko1N1lDcERnTkJyTk9GMUlvdVQycjZsTit5dURnRGRmcXp1dnd5b3c4dFQ2VmFscmdPWE81QnVSQjNuNjlBVHJUYTFuM2tzbkRVa2dQWUNXQ1o5bk1WcmhlaG1MU2t3aG95VUZFWVlYNVZpWjhLNFF3ZXc1TUFkN3dNZFZDVHhyR1Y2UUdtdHVEaXkrcU9BbkJSaUlqSWwydDMzQ0NOUUJEc05wN0diZ1dyQ3dWUk9lUkxrdk1Hb1pXN0NoTThyRHJHUnpqRHZLNmw0ZlBNSktncUxobFQxOGE4TFZrOEpMVjhiSDUvVGFJY2hqb3o2V3dRYWdKM284OUVGQ3ljM3U4dmpVSU96SytSdWJ5bkZMUUZidTh2bTlHcVp6aXZXL2lJNDJramowY3EvRkUzaE84RTVUUnRVdnpiR3FxR2hLNWpadkpkRFF4UW5FNS96NmVzdzYxUDZ5SVVHbzZ4em1UWmFsWS83Rk0xY3UzM2JaMVYwNTRYRnZrZVJ4K285UDZNU0JsTmRRVXVSUlhLRC95NDRWYnViNTFKNjhWMGU1c0N1STFMcXpacnRESWErcEE0Qlk2c2UrbC9CUnhrcWR1dWlxNmVJTzFYcEdjUzd4UGNhb2x0Ymk3cllYM0l5SzQ1Qk5yRWZlbUVDeXNyRVN3YWJLWDFid25MS0Y2MnRQVlNqdXRVZUFWR2tZdWVTWDBiWS9VZlp5NE93aGoxUnNMaC9BOGpnOTc2bFRQWFBXMmpuK29zZmNpMEcvQ3VmMnpqZ3VWU2N4TzloeUlFOEVFcmlrRHFhRGdlNForUzczdkw5NThjR2xhYmQ2NjdFYjNDRFJVY0o5ZEdoVFJISVFMeVQ2bTMwVGtUSmZZWGllZjlPam5kMVlaMS8xRytHQStRclNEelVPMFVIVk5wamp6ajE1MVdxL2R5MjFmSHRZaVIwcy9IVmpLMXRqOWJBN0c5N2tYSVFmZ0lxM3pJMjNnaW13VXJFREY2UVAyZzFNMXZaN1RyNisrT3lERmtmTG1MYnJySUVVNTkxS3QydmNLZnRsY0diTWRqSnFXYitFdi83c1JwQXRXV3Q4ZUh1aDRDWUpKODNIVGFuOUdMMmxZVFhkTXhPRnd5YVVGanc4QVZGUXU2VGVPWTM4VHdmSmFTYXhMaWh4OHRqWS9IKzJObG5vOE8wOHBPc1JlRXJCMHpYaTB4N2NQaDFUSHJCeVYwZlcwZDA0VUw2dHgvbTVHWmUxc2I1S3lka1V6Q01yWlJSVFYxMUNXMTJnRHNUZExGeldrWHpnS0lQR1hJN2pJaUZ3QjBEQTg0YjhmdjlDd09GZGVrQnhMZEZKRzduaWE1aHpobHE5UytzYUVwU1cxaDRVWWJNalpHb04ybU5nRUxEQU5WREpFSHNweVVqc3V3ZnFpZGZqMERsMjEySHVFK2RwYkFvOXBpRXBEMDlJbHhtK2liNjM5OG1kb25hSHdzSlpuS2tSTzNWdTFBbEdUdz09OjqsbAsxG/JfCK8WmJFZ/bHR', '2018-12-29 18:35:18', '0000-00-00 00:00:00');

-- --------------------------------------------------------

--
-- Table structure for table `events`
--

CREATE TABLE `events` (
  `event_id` int(11) NOT NULL,
  `event` varchar(100) NOT NULL,
  `description` text NOT NULL,
  `event_type_id` int(11) NOT NULL,
  `attendance` tinyint(4) NOT NULL DEFAULT '0',
  `recipient_department` varchar(50) NOT NULL,
  `recipient_year_level` varchar(50) NOT NULL,
  `status_id` int(11) NOT NULL DEFAULT '3',
  `proposal` longtext NOT NULL,
  `requesting_party` varchar(100) NOT NULL,
  `account_id` int(11) NOT NULL,
  `date_of_use` text NOT NULL,
  `inclusive_time` varchar(50) NOT NULL,
  `event_img` varchar(255) DEFAULT 'images/ssc/event_default.jpeg',
  `created_at` timestamp NOT NULL DEFAULT CURRENT_TIMESTAMP,
  `updated_at` timestamp NOT NULL DEFAULT '0000-00-00 00:00:00' ON UPDATE CURRENT_TIMESTAMP,
  `removed` tinyint(4) NOT NULL
) ENGINE=InnoDB DEFAULT CHARSET=latin1;

--
-- Dumping data for table `events`
--

INSERT INTO `events` (`event_id`, `event`, `description`, `event_type_id`, `attendance`, `recipient_department`, `recipient_year_level`, `status_id`, `proposal`, `requesting_party`, `account_id`, `date_of_use`, `inclusive_time`, `event_img`, `created_at`, `updated_at`, `removed`) VALUES
(1, 'hrdc', '123', 2, 1, '3', '1,2,3', 2, '&lt;p&gt;123&lt;/p&gt;', 'Orlando P. Vincolado', 1, '[\"2019-02-25\"]', '12:31%12:31', 'images/ssc/event_default.jpeg', '2019-02-23 17:17:38', '2019-02-25 16:00:04', 0),
(2, 'cte1', '123', 1, 1, '1,2,3', '1', 2, '&lt;p&gt;123&lt;/p&gt;', 'Orlando P. Vincolado', 1, '[\"2019-02-25\"]', '12:31%12:31', 'images/ssc/event_default.jpeg', '2019-02-23 17:20:09', '2019-02-25 16:00:06', 0),
(3, '3', 'Heyyy! Join now and tadaaaaa!', 1, 1, '3', '1', 2, '&lt;p&gt;asdfasdfasdf ewr wer qwer&lt;/p&gt;', 'Orlando P. Vincolado', 1, '[\"2019-02-26\"]', '12:31%12:31', 'images/ssc/event_default.jpeg', '2019-02-25 13:28:27', '2019-03-02 09:14:39', 0),
(4, '9:28', 'yow yow yowwwww guys', 1, 1, '2', '1', 2, '&lt;p&gt;123123&lt;/p&gt;', 'Orlando P. Vincolado', 1, '[\"2019-02-26\"]', '12:31%12:31', 'images/ssc/event_default.jpeg', '2019-02-25 13:29:20', '2019-03-02 09:14:39', 0),
(5, '9:30', '213', 1, 1, '3', '1', 2, '&lt;p&gt;123&lt;/p&gt;', 'Orlando P. Vincolado', 1, '[\"2019-02-26\"]', '12:31%12:31', 'images/ssc/event_default.jpeg', '2019-02-25 13:30:56', '2019-03-02 09:14:39', 0),
(6, '1:27', 'Okay niggahs !!!\n', 1, 1, '2', '1', 2, '&lt;p&gt;ad&lt;/p&gt;', 'Orlando D. Vincolado', 1, '[\"2019-03-03\"]', '12:31%12:31', 'images/ssc/event_default.jpeg', '2019-03-01 17:27:31', '2019-03-04 09:46:22', 0),
(7, '1:37', 'CTE Hall 1 nigguhs hahaha', 1, 1, '1,2,3', '1,4', 2, '&lt;p&gt;asdf&lt;/p&gt;', 'Orlando D. Vincolado', 1, '[\"2019-03-03\", \"2019-03-04\"]', '12:31%12:31', 'images/ssc/event_default.jpeg', '2019-03-01 17:37:51', '2019-03-05 06:13:06', 0);

-- --------------------------------------------------------

--
-- Table structure for table `event_types`
--

CREATE TABLE `event_types` (
  `event_type_id` int(11) NOT NULL,
  `type` varchar(100) NOT NULL,
  `created_at` timestamp NOT NULL DEFAULT CURRENT_TIMESTAMP,
  `updated_at` timestamp NOT NULL DEFAULT '0000-00-00 00:00:00' ON UPDATE CURRENT_TIMESTAMP,
  `removed` tinyint(1) NOT NULL DEFAULT '0'
) ENGINE=InnoDB DEFAULT CHARSET=latin1;

--
-- Dumping data for table `event_types`
--

INSERT INTO `event_types` (`event_type_id`, `type`, `created_at`, `updated_at`, `removed`) VALUES
(1, 'Contest', '2018-11-27 15:17:04', '0000-00-00 00:00:00', 0),
(2, 'Seminars', '2018-11-27 15:17:04', '0000-00-00 00:00:00', 0),
(3, 'Program', '2018-11-27 15:18:32', '0000-00-00 00:00:00', 0);

-- --------------------------------------------------------

--
-- Table structure for table `facilities`
--

CREATE TABLE `facilities` (
  `facility_id` int(11) NOT NULL,
  `facility` varchar(50) NOT NULL,
  `created_at` timestamp NOT NULL DEFAULT CURRENT_TIMESTAMP,
  `updated_at` timestamp NOT NULL DEFAULT '0000-00-00 00:00:00' ON UPDATE CURRENT_TIMESTAMP,
  `removed` tinyint(4) NOT NULL DEFAULT '0'
) ENGINE=InnoDB DEFAULT CHARSET=latin1;

--
-- Dumping data for table `facilities`
--

INSERT INTO `facilities` (`facility_id`, `facility`, `created_at`, `updated_at`, `removed`) VALUES
(1, 'Audio Systems', '2018-11-03 06:07:19', '2019-03-06 12:22:18', 0),
(2, 'Video Systems', '2018-11-03 06:07:19', '2019-03-06 12:22:14', 0),
(3, 'Lighting System/Fan', '2018-11-03 06:07:19', '2019-03-06 12:21:31', 0);

-- --------------------------------------------------------

--
-- Table structure for table `facility_items`
--

CREATE TABLE `facility_items` (
  `facility_item_id` int(11) NOT NULL,
  `item` varchar(50) NOT NULL,
  `quantity` int(11) NOT NULL,
  `facility_id` int(11) NOT NULL,
  `img_url` varchar(255) NOT NULL,
  `created_at` timestamp NOT NULL DEFAULT CURRENT_TIMESTAMP,
  `updated_at` timestamp NOT NULL DEFAULT '0000-00-00 00:00:00' ON UPDATE CURRENT_TIMESTAMP,
  `removed` tinyint(4) NOT NULL DEFAULT '0'
) ENGINE=InnoDB DEFAULT CHARSET=latin1;

--
-- Dumping data for table `facility_items`
--

INSERT INTO `facility_items` (`facility_item_id`, `item`, `quantity`, `facility_id`, `img_url`, `created_at`, `updated_at`, `removed`) VALUES
(1, 'Amplifier', 10, 1, 'images/plant_and_facilities/2018_11_04_01_18_91094d6c0116176a1c0b1e47c94d62fc.jpeg', '2018-10-26 07:58:51', '2019-03-02 02:55:04', 0),
(2, 'Speaker', 10, 1, 'images/plant_and_facilities/2018_11_04_01_19_c31d8b5521db9c254a6b53b3650055e5.jpeg', '2018-10-26 07:58:51', '2018-11-04 17:58:18', 0),
(3, 'Microphone', 10, 1, 'images/plant_and_facilities/facilities/audio_visual.jpeg', '2018-10-26 07:58:51', '2018-11-03 06:23:25', 0),
(4, 'Video Showing', 10, 2, 'images/plant_and_facilities/facilities/audio_visual.jpeg', '2018-10-26 08:00:21', '2018-11-03 06:23:37', 0),
(5, 'Video Editing', 10, 2, 'images/plant_and_facilities/facilities/audio_visual.jpeg', '2018-10-26 08:00:21', '2018-11-03 06:23:43', 0),
(6, 'Video Coverage', 10, 2, 'images/plant_and_facilities/2018_11_04_11_07_52a675bb0f6f648b6bdedc261c8687ba.jpg', '2018-10-26 08:00:21', '2019-03-06 12:11:03', 0),
(7, 'Follow Spot', 10, 3, 'images/plant_and_facilities/facilities/audio_visual.jpeg', '2018-10-26 08:01:28', '2018-11-03 06:23:54', 0),
(8, 'House Light', 10, 3, 'images/plant_and_facilities/facilities/audio_visual.jpeg', '2018-10-26 08:01:28', '2019-03-06 10:47:27', 0),
(9, 'Electric Fan', 10, 3, 'images/plant_and_facilities/facilities/audio_visual.jpeg', '2018-10-26 08:01:28', '2019-03-06 12:23:19', 0),
(10, 'Air Conditioning', 15, 3, 'images/plant_and_facilities/2019_03_06_09_42_f5fe2f689b7135ba9f0a9c19fae723be.jpg', '2019-03-06 13:04:53', '2019-03-06 13:42:38', 0),
(11, 'Megaphone', 14, 1, 'images/plant_and_facilities/2019_03_07_01_03_b5afdce60acefbd452bc4226f6173a68.com-space-purple-galaxy-light-star-planet-universe-phone-wallpapers', '2019-03-06 13:42:18', '2019-03-07 05:11:16', 0);

-- --------------------------------------------------------

--
-- Table structure for table `names`
--

CREATE TABLE `names` (
  `name_id` int(11) NOT NULL,
  `fname` varchar(50) NOT NULL,
  `mname` varchar(50) NOT NULL,
  `lname` varchar(50) NOT NULL,
  `created_at` timestamp NOT NULL DEFAULT CURRENT_TIMESTAMP,
  `updated_at` timestamp NOT NULL DEFAULT '0000-00-00 00:00:00' ON UPDATE CURRENT_TIMESTAMP,
  `removed` tinyint(4) NOT NULL DEFAULT '0'
) ENGINE=InnoDB DEFAULT CHARSET=latin1;

--
-- Dumping data for table `names`
--

INSERT INTO `names` (`name_id`, `fname`, `mname`, `lname`, `created_at`, `updated_at`, `removed`) VALUES
(1, 'Karma', 'Morningstar', 'Blackshaw', '2018-10-22 03:44:03', '2019-03-03 09:04:18', 0),
(2, 'Nestor', 'Chiquillo', 'Sedanza', '2018-10-26 16:29:39', '0000-00-00 00:00:00', 0),
(4, 'Marielle Mae', 'Bormate', 'Valdez', '2018-10-26 07:06:13', '0000-00-00 00:00:00', 0),
(5, 'Angela Mae  ', 'Lazarra', 'Ting', '2018-10-26 07:06:13', '0000-00-00 00:00:00', 0),
(6, 'Julie-Ann ', 'Cuervo', 'Malate', '2018-10-26 07:06:13', '0000-00-00 00:00:00', 0),
(7, 'Rochelle', 'Bormate', 'Degollacion', '2018-10-26 07:07:14', '0000-00-00 00:00:00', 0),
(8, 'Dr. Rommel ', 'L', 'Verecio', '2018-10-26 09:41:06', '0000-00-00 00:00:00', 0),
(9, 'Las Johansen', 'Balios', 'Caluza', '2018-10-26 09:41:06', '0000-00-00 00:00:00', 0),
(10, 'Jeffrey', 'C', 'Cinco', '2018-10-26 09:41:06', '0000-00-00 00:00:00', 0),
(11, 'Devine Grace', 'D', 'Funcion', '2018-10-26 09:41:06', '0000-00-00 00:00:00', 0),
(12, 'Mark Lester ', 'P', 'Laurente', '2018-10-26 09:41:06', '0000-00-00 00:00:00', 0),
(13, 'Lowell', 'A', 'Quisumbing', '2018-10-26 09:41:06', '0000-00-00 00:00:00', 0),
(14, 'Dennis', 'A', 'Tibe', '2018-10-26 09:41:06', '0000-00-00 00:00:00', 0),
(15, 'Micheline', 'A', 'Gotardo', '2018-10-26 09:41:06', '0000-00-00 00:00:00', 0),
(16, 'Jenny', 'A', 'Cinco', '2018-10-26 09:41:06', '0000-00-00 00:00:00', 0),
(17, 'Raphy', 'A', 'Dalan', '2018-10-26 09:41:06', '0000-00-00 00:00:00', 0),
(18, '9879', '8798', '987', '2018-11-02 08:37:29', '0000-00-00 00:00:00', 0),
(19, '9879', '879', '879', '2018-11-02 08:39:18', '0000-00-00 00:00:00', 0),
(20, 'Karma', 'Morningstar', 'Akabane', '2018-11-02 09:20:17', '0000-00-00 00:00:00', 0),
(21, 'Karma', 'Morninstar', 'Akabane', '2018-11-02 09:21:16', '0000-00-00 00:00:00', 0),
(22, 'Irene', 'Chiquillo', 'Sejah', '2018-11-02 09:27:01', '0000-00-00 00:00:00', 0),
(23, 'Irene', 'Chiquillo', 'Sejah', '2018-11-02 09:27:15', '0000-00-00 00:00:00', 0),
(24, 'Marielle Mae', 'Bormate', 'Valdez', '2018-11-02 09:30:30', '0000-00-00 00:00:00', 0),
(25, 'jkjhlkj', 'hlkj', 'hlkjhl', '2018-11-02 09:38:43', '0000-00-00 00:00:00', 0),
(26, '6546', '5465465', '4654', '2018-11-02 09:39:58', '0000-00-00 00:00:00', 0),
(27, '8798', '7987', '9879', '2018-11-02 09:41:10', '0000-00-00 00:00:00', 0),
(28, '98798', '79879879', '87987', '2018-11-02 09:42:09', '0000-00-00 00:00:00', 0),
(29, '98798', '79879879', '87987', '2018-11-02 09:43:18', '0000-00-00 00:00:00', 0),
(30, 'Murasakibara', 'Blackshaw', 'Atsushi', '2018-11-02 09:44:33', '0000-00-00 00:00:00', 0),
(31, 'oiuoiuy', 'oiuyoiu', 'yoiuyoiuy', '2018-11-02 09:47:39', '0000-00-00 00:00:00', 0),
(32, '645654', '65465', '46546', '2018-11-02 09:49:23', '0000-00-00 00:00:00', 0),
(33, '65', '98989+', '9', '2018-11-02 09:50:55', '0000-00-00 00:00:00', 0),
(34, 'uihi', 'ouyu', 'oiuyoiu', '2018-11-02 09:52:43', '0000-00-00 00:00:00', 0),
(35, '2312', '312', '31231', '2018-11-02 10:03:14', '0000-00-00 00:00:00', 0),
(36, '987', '9879', '8798', '2018-11-02 10:04:30', '0000-00-00 00:00:00', 0),
(37, 'Marielle Mae', 'Bormate', 'Valdez', '2018-11-02 10:06:52', '0000-00-00 00:00:00', 0),
(38, 'Colin', 'Ulol', 'Ripalda', '2018-11-02 14:56:56', '0000-00-00 00:00:00', 0),
(39, 'Chen', 'Woong', 'Cipriano', '2018-11-02 15:04:35', '0000-00-00 00:00:00', 0),
(40, 'Kent', 'Gilbert', 'Gapud', '2018-11-03 13:37:18', '0000-00-00 00:00:00', 0),
(41, 'Keith', 'Lapesora', 'Agravante', '2018-11-03 13:55:31', '0000-00-00 00:00:00', 0),
(42, 'Lalaine', 'Lacoste', 'Llose', '2018-11-07 03:52:37', '0000-00-00 00:00:00', 0),
(43, 'Roshielle', 'Chiquillo', 'Nepomuceno', '2018-11-07 09:17:58', '0000-00-00 00:00:00', 0),
(44, 'Ramil', 'Cielo', 'Roca', '2018-11-07 09:21:37', '0000-00-00 00:00:00', 0),
(45, 'Jean', 'Moreto', 'Chiquillo', '2018-11-23 15:22:40', '0000-00-00 00:00:00', 0),
(46, '123', '123', '123', '2018-11-23 16:13:59', '0000-00-00 00:00:00', 0),
(47, '123', '123', '123', '2018-11-23 16:36:36', '0000-00-00 00:00:00', 0),
(48, 'Marielle', 'Mae', 'Bormate', '2018-11-23 16:48:03', '0000-00-00 00:00:00', 0),
(49, 'Las', 'Johansen', 'Caluza', '2018-11-23 17:04:19', '0000-00-00 00:00:00', 0),
(50, 'Ramil', 'Cielo', 'Roca', '2018-11-24 02:48:03', '0000-00-00 00:00:00', 0),
(51, 'marielle', 'maraksot', 'mahusay', '2018-11-27 06:07:47', '0000-00-00 00:00:00', 0),
(52, 'Carl', 'Daniel', 'Manas', '2018-11-27 07:33:28', '0000-00-00 00:00:00', 0),
(53, 'Orlando', 'Pinoy', 'Vincolado', '2018-11-27 21:37:18', '0000-00-00 00:00:00', 0),
(54, 'Orlando', 'Dante', 'Vinculado Jr.', '2018-11-27 21:48:54', '2019-03-01 17:45:01', 0),
(55, 'Maryan', 'Bormate', 'Mendano', '2018-11-28 01:58:05', '0000-00-00 00:00:00', 0),
(56, 'Mickee', 'Goco', 'Engao', '2018-11-28 02:06:55', '0000-00-00 00:00:00', 0),
(57, 'Julia Ann', 'Mae', 'Malate', '2018-11-28 03:39:59', '0000-00-00 00:00:00', 0),
(58, 'y', 'yty', 'tyt', '2018-11-28 03:41:38', '0000-00-00 00:00:00', 0),
(59, 'uy', 'uy', 'uy', '2018-11-28 05:00:00', '0000-00-00 00:00:00', 0),
(60, 'ernie', 'kj78', 'jeash', '2018-11-28 05:03:28', '0000-00-00 00:00:00', 0),
(61, 'uy', 'uy', 'uy', '2018-11-28 05:08:53', '0000-00-00 00:00:00', 0),
(62, 'uy', 'uy', 'uy', '2018-11-28 05:43:55', '0000-00-00 00:00:00', 0),
(63, 'Mark Vincent', 'Daganio', 'Parinas', '2018-11-29 02:18:40', '0000-00-00 00:00:00', 0),
(64, 'Reneth', 'Villamor', 'Garado', '2018-11-29 05:58:24', '0000-00-00 00:00:00', 0),
(65, 'Reneth', 'Villamor', 'Garado', '2018-11-29 06:30:56', '0000-00-00 00:00:00', 0),
(66, 'Jean', 'Chiquillo', 'Villahermosa', '2018-12-18 09:35:09', '0000-00-00 00:00:00', 0),
(67, 'Karmaaaa', 'sdjh', 'Blackshaw', '2018-12-18 09:38:58', '0000-00-00 00:00:00', 0),
(68, '32', '2', '1312', '2018-12-18 12:44:12', '0000-00-00 00:00:00', 0),
(69, 'OSA', 'Chuchu', 'Director', '2018-12-29 18:35:17', '0000-00-00 00:00:00', 0);

-- --------------------------------------------------------

--
-- Table structure for table `notifications`
--

CREATE TABLE `notifications` (
  `notifications_id` int(11) NOT NULL,
  `notification_type` varchar(50) NOT NULL,
  `message` varchar(255) NOT NULL,
  `account_id` int(20) NOT NULL,
  `viewed` tinyint(4) NOT NULL DEFAULT '0',
  `created_at` timestamp NOT NULL DEFAULT CURRENT_TIMESTAMP,
  `updated_at` timestamp NOT NULL DEFAULT '0000-00-00 00:00:00' ON UPDATE CURRENT_TIMESTAMP,
  `removed` tinyint(4) NOT NULL DEFAULT '0'
) ENGINE=InnoDB DEFAULT CHARSET=latin1;

-- --------------------------------------------------------

--
-- Table structure for table `offices`
--

CREATE TABLE `offices` (
  `office_id` int(11) NOT NULL,
  `office` varchar(100) NOT NULL,
  `created_at` timestamp NOT NULL DEFAULT CURRENT_TIMESTAMP,
  `updated_at` timestamp NOT NULL DEFAULT '0000-00-00 00:00:00' ON UPDATE CURRENT_TIMESTAMP,
  `removed` tinyint(4) NOT NULL DEFAULT '0'
) ENGINE=InnoDB DEFAULT CHARSET=latin1;

--
-- Dumping data for table `offices`
--

INSERT INTO `offices` (`office_id`, `office`, `created_at`, `updated_at`, `removed`) VALUES
(1, 'CAS Office', '2018-10-21 18:31:05', '2018-11-22 16:16:54', 0),
(2, 'Chief of Admin-Admin Division', '2018-10-21 18:31:21', '0000-00-00 00:00:00', 0),
(3, 'Chief of Admin-Finance Division', '2018-10-21 18:31:32', '0000-00-00 00:00:00', 0),
(4, 'CME Office', '2018-10-21 18:31:43', '0000-00-00 00:00:00', 0),
(5, 'COE Office', '2018-10-21 18:31:52', '0000-00-00 00:00:00', 0),
(6, 'OSA Office', '2018-10-21 18:32:05', '0000-00-00 00:00:00', 0),
(7, 'University President', '2018-10-21 18:32:15', '0000-00-00 00:00:00', 0),
(8, 'Vice President for Academic Affairs\r\n                                    ', '2018-10-21 18:32:32', '0000-00-00 00:00:00', 0),
(9, 'Vice President for Admin and Finance', '2018-10-21 18:32:58', '2018-11-22 16:26:12', 1),
(10, 'Vice President for Research and Extension', '2018-10-21 18:33:13', '0000-00-00 00:00:00', 0),
(11, 'Management Information System', '2018-11-07 02:25:53', '0000-00-00 00:00:00', 0),
(12, 'Physical Plant and Facilities and Head of Janitorial Servicess', '2018-11-07 02:37:04', '2018-11-24 02:50:19', 0),
(13, 'SSC Office', '2018-11-20 23:17:16', '0000-00-00 00:00:00', 0),
(14, 'asdf', '2018-11-22 16:44:00', '2018-11-22 16:53:32', 1),
(15, '546', '2018-11-22 16:44:19', '2018-11-22 16:53:35', 1);

-- --------------------------------------------------------

--
-- Table structure for table `positions`
--

CREATE TABLE `positions` (
  `position_id` int(11) NOT NULL,
  `position` varchar(50) NOT NULL,
  `office_id` int(11) DEFAULT NULL,
  `user_level_id` int(11) NOT NULL,
  `created_at` timestamp NOT NULL DEFAULT CURRENT_TIMESTAMP,
  `updated_at` timestamp NOT NULL DEFAULT '0000-00-00 00:00:00' ON UPDATE CURRENT_TIMESTAMP,
  `removed` tinyint(4) NOT NULL DEFAULT '0'
) ENGINE=InnoDB DEFAULT CHARSET=latin1;

--
-- Dumping data for table `positions`
--

INSERT INTO `positions` (`position_id`, `position`, `office_id`, `user_level_id`, `created_at`, `updated_at`, `removed`) VALUES
(1, 'President', NULL, 6, '2018-10-22 03:21:29', '2018-11-07 03:10:54', 0),
(2, 'Vice-President', NULL, 6, '2018-10-22 03:21:37', '2018-11-07 03:11:17', 0),
(3, 'Secretary', NULL, 6, '2018-10-22 03:21:44', '2018-11-07 03:11:17', 0),
(4, 'Treasurer', NULL, 6, '2018-10-22 03:21:50', '2018-11-07 03:11:17', 0),
(5, 'Auditor 1', NULL, 6, '2018-10-22 03:22:03', '2018-11-07 03:11:17', 0),
(6, 'Auditor 2', NULL, 6, '2018-10-22 03:22:13', '2018-11-07 03:11:17', 0),
(7, 'Public Information Officer', NULL, 6, '2018-10-22 03:22:22', '2018-11-07 03:11:17', 0),
(8, '4th Year Representative', NULL, 6, '2018-10-22 03:34:08', '2018-11-07 03:11:17', 0),
(9, '3rd Year Representatives', NULL, 6, '2018-10-22 03:34:18', '2018-11-07 03:11:17', 0),
(10, '2nd Year Representative', NULL, 6, '2018-10-22 03:34:26', '2018-11-07 03:11:17', 0),
(11, 'Director', 12, 2, '2018-10-26 15:33:53', '2018-11-07 03:23:02', 0),
(12, 'Dean', NULL, 2, '2018-10-27 06:38:42', '2018-11-07 03:23:08', 0),
(13, 'Director', 11, 2, '2018-11-07 03:23:45', '2018-11-07 03:24:43', 0),
(15, 'Wohoy', 1, 2, '2018-11-21 16:53:46', '0000-00-00 00:00:00', 0),
(16, 'asdf', 1, 2, '2018-11-21 16:54:51', '0000-00-00 00:00:00', 0),
(17, 'Teacher III', 1, 2, '2018-11-23 17:03:20', '0000-00-00 00:00:00', 0),
(18, 'Teacher I', 1, 2, '2018-11-24 02:47:43', '0000-00-00 00:00:00', 0),
(19, 'SSC Adviser', 13, 2, '2018-11-27 21:46:46', '0000-00-00 00:00:00', 0),
(20, 'President', 7, 2, '2018-12-18 09:38:25', '0000-00-00 00:00:00', 0),
(21, 'Secretary', 7, 2, '2018-12-18 12:43:59', '0000-00-00 00:00:00', 0),
(22, 'Director', 6, 2, '2018-12-29 18:32:40', '0000-00-00 00:00:00', 0);

-- --------------------------------------------------------

--
-- Table structure for table `reactions`
--

CREATE TABLE `reactions` (
  `reaction_id` int(11) NOT NULL,
  `event_id` int(11) NOT NULL,
  `account_id` int(11) NOT NULL,
  `reaction` tinyint(4) NOT NULL,
  `created_at` timestamp NOT NULL DEFAULT CURRENT_TIMESTAMP,
  `updated_at` timestamp NOT NULL DEFAULT '0000-00-00 00:00:00' ON UPDATE CURRENT_TIMESTAMP,
  `removed` tinyint(4) NOT NULL DEFAULT '0'
) ENGINE=InnoDB DEFAULT CHARSET=latin1;

--
-- Dumping data for table `reactions`
--

INSERT INTO `reactions` (`reaction_id`, `event_id`, `account_id`, `reaction`, `created_at`, `updated_at`, `removed`) VALUES
(1, 1, 1, 0, '2019-02-24 07:36:29', '2019-03-01 16:53:16', 0),
(2, 1, 78, 0, '2019-02-24 08:14:38', '2019-02-28 13:15:53', 0),
(3, 2, 78, 0, '2019-02-24 08:21:29', '2019-02-25 10:39:09', 0),
(6, 2, 1, 1, '2019-02-25 17:05:42', '0000-00-00 00:00:00', 0),
(7, 1, 2, 1, '2019-02-25 17:14:59', '2019-02-25 17:39:37', 0),
(8, 2, 2, 1, '2019-02-25 17:39:21', '0000-00-00 00:00:00', 0),
(9, 1, 95, 1, '2019-02-27 14:42:00', '0000-00-00 00:00:00', 0),
(10, 2, 95, 0, '2019-02-27 14:42:11', '0000-00-00 00:00:00', 0),
(11, 1, 80, 1, '2019-03-01 16:46:09', '0000-00-00 00:00:00', 0),
(12, 7, 1, 1, '2019-03-02 06:49:23', '0000-00-00 00:00:00', 0),
(13, 3, 1, 1, '2019-03-06 08:56:47', '0000-00-00 00:00:00', 0),
(14, 7, 95, 1, '2019-03-07 06:22:26', '0000-00-00 00:00:00', 0),
(15, 7, 78, 1, '2019-03-07 10:30:11', '0000-00-00 00:00:00', 0);

-- --------------------------------------------------------

--
-- Table structure for table `repercussions`
--

CREATE TABLE `repercussions` (
  `repercussion_id` int(11) NOT NULL,
  `repercussion` varchar(50) NOT NULL,
  `students_id` int(11) NOT NULL,
  `date_start` varchar(50) NOT NULL,
  `date_end` varchar(50) NOT NULL,
  `employees_id` int(11) NOT NULL,
  `created_at` timestamp NOT NULL DEFAULT CURRENT_TIMESTAMP,
  `updated_at` timestamp NOT NULL DEFAULT '0000-00-00 00:00:00' ON UPDATE CURRENT_TIMESTAMP,
  `removed` tinyint(4) NOT NULL DEFAULT '0'
) ENGINE=InnoDB DEFAULT CHARSET=latin1;

-- --------------------------------------------------------

--
-- Table structure for table `reservations`
--

CREATE TABLE `reservations` (
  `reservation_id` int(11) NOT NULL,
  `event_id` int(11) NOT NULL,
  `facility_item_id` varchar(100) DEFAULT NULL,
  `item_quantity` varchar(100) DEFAULT NULL,
  `venue_id` int(11) NOT NULL,
  `created_at` timestamp NOT NULL DEFAULT CURRENT_TIMESTAMP,
  `updated_at` timestamp NOT NULL DEFAULT '0000-00-00 00:00:00' ON UPDATE CURRENT_TIMESTAMP,
  `removed` tinyint(4) NOT NULL DEFAULT '0'
) ENGINE=InnoDB DEFAULT CHARSET=latin1;

--
-- Dumping data for table `reservations`
--

INSERT INTO `reservations` (`reservation_id`, `event_id`, `facility_item_id`, `item_quantity`, `venue_id`, `created_at`, `updated_at`, `removed`) VALUES
(1, 1, '3, 5, 8', '10, 10, 10', 2, '2019-02-23 17:17:38', '0000-00-00 00:00:00', 0),
(2, 2, '3, 5, 8', '10, 10, 10', 6, '2019-02-23 17:20:09', '0000-00-00 00:00:00', 0),
(3, 3, '2, 5, 7', '10, 10, 10', 2, '2019-02-25 13:28:27', '0000-00-00 00:00:00', 0),
(4, 4, '1, 4, 7', '10, 10, 10', 6, '2019-02-25 13:29:20', '0000-00-00 00:00:00', 0),
(5, 5, '1, 5, 7', '10, 10, 10', 7, '2019-02-25 13:30:56', '0000-00-00 00:00:00', 0),
(6, 6, '3, 4, 8', '10, 10, 10', 2, '2019-03-01 17:27:31', '0000-00-00 00:00:00', 0),
(7, 7, '5, 8', '10, 10', 6, '2019-03-01 17:37:51', '0000-00-00 00:00:00', 0);

-- --------------------------------------------------------

--
-- Table structure for table `school_calendar`
--

CREATE TABLE `school_calendar` (
  `school_calendar_id` int(11) NOT NULL,
  `event` varchar(50) NOT NULL,
  `date_of_use` varchar(100) NOT NULL,
  `account_id` int(11) NOT NULL,
  `created_at` timestamp NOT NULL DEFAULT CURRENT_TIMESTAMP,
  `updated_at` timestamp NOT NULL DEFAULT '0000-00-00 00:00:00' ON UPDATE CURRENT_TIMESTAMP,
  `removed` tinyint(4) NOT NULL DEFAULT '0'
) ENGINE=InnoDB DEFAULT CHARSET=latin1;

--
-- Dumping data for table `school_calendar`
--

INSERT INTO `school_calendar` (`school_calendar_id`, `event`, `date_of_use`, `account_id`, `created_at`, `updated_at`, `removed`) VALUES
(1, '123123', '2019-12-31', 0, '2019-01-17 10:02:29', '2019-02-05 09:44:24', 0),
(2, 'Christmas', '2019-12-25', 0, '2019-01-17 10:03:53', '0000-00-00 00:00:00', 0),
(3, '213', '2019-12-31', 0, '2019-01-17 10:04:06', '2019-02-05 09:44:24', 0),
(4, 'Class Start', '2019-01-04', 0, '2019-01-17 10:07:17', '0000-00-00 00:00:00', 0),
(5, 'qwerqwer', '2019-01-23', 0, '2019-01-17 10:15:50', '0000-00-00 00:00:00', 0),
(6, '123123123', '2019-01-16', 0, '2019-01-17 10:16:44', '0000-00-00 00:00:00', 0),
(7, '213123', '2019-01-24', 0, '2019-01-17 10:17:14', '0000-00-00 00:00:00', 0);

-- --------------------------------------------------------

--
-- Table structure for table `sections`
--

CREATE TABLE `sections` (
  `section_id` int(11) NOT NULL,
  `section` varchar(50) NOT NULL,
  `year_level` int(11) NOT NULL,
  `course_id` int(11) NOT NULL,
  `created_at` timestamp NOT NULL DEFAULT CURRENT_TIMESTAMP,
  `updated_at` timestamp NOT NULL DEFAULT '0000-00-00 00:00:00' ON UPDATE CURRENT_TIMESTAMP,
  `removed` tinyint(4) NOT NULL DEFAULT '0'
) ENGINE=InnoDB DEFAULT CHARSET=latin1;

--
-- Dumping data for table `sections`
--

INSERT INTO `sections` (`section_id`, `section`, `year_level`, `course_id`, `created_at`, `updated_at`, `removed`) VALUES
(1, 'F4-4', 4, 1, '2018-10-22 05:31:54', '2018-11-08 09:01:09', 0),
(2, 'F4-3', 4, 1, '2018-11-08 06:05:03', '0000-00-00 00:00:00', 0),
(3, 'F1-1', 1, 1, '2018-11-08 06:06:33', '2019-03-07 05:58:24', 0),
(4, 'F2-4', 2, 1, '2018-11-08 06:07:04', '0000-00-00 00:00:00', 0),
(5, 'F2-5', 2, 1, '2018-11-08 06:07:15', '0000-00-00 00:00:00', 0),
(6, 'F3-4', 3, 1, '2018-11-08 06:07:43', '0000-00-00 00:00:00', 0);

-- --------------------------------------------------------

--
-- Table structure for table `ssc`
--

CREATE TABLE `ssc` (
  `ssc_id` int(11) NOT NULL,
  `students_id` int(11) NOT NULL,
  `position_id` int(11) NOT NULL,
  `signature` mediumtext,
  `created_at` timestamp NOT NULL DEFAULT CURRENT_TIMESTAMP,
  `updated_at` timestamp NOT NULL DEFAULT '0000-00-00 00:00:00' ON UPDATE CURRENT_TIMESTAMP,
  `removed` tinyint(4) NOT NULL DEFAULT '0'
) ENGINE=InnoDB DEFAULT CHARSET=latin1;

--
-- Dumping data for table `ssc`
--

INSERT INTO `ssc` (`ssc_id`, `students_id`, `position_id`, `signature`, `created_at`, `updated_at`, `removed`) VALUES
(1, 1, 1, 'bjdxWmdYN1FDWXU4WElSS3NFcVoyZGt2cFNzZ1A0anBZWTZCRHN0VEJhWG45N3dlYnRKdTR6OEtXMktlbW9wL1RZOUIyUkVHTFEzYkE2QjB4Y2pkUld1S0phcWVIRGxBS25SS2JlRGJPYkpkbDF5WEYxeXFYYjV2YUhzWVRTYjFuajcxUDBsVndDRzYvdmk0ZHlESm9LM1B1UWNuN1Y4U0FtdGhVMTFDTGFlWlRicTUwaHNQcSs5Q25WOHNaclZIdEUrbTNoWEs5ZnRzeG4vTlRpUWdqNXBFbFU5dVZFTml3STArUENib29uZ096aUNTY3BCZWluOWQ1OFE3a0dYVENZYXpHMHdEbDhranpETG82MzNOTGJHMzl1RVFhQWdjNkVFV1piRnVmVHlzSitUL2pFZFNRdDJJZlloZk0xcVl4b3Q4N1Q4TGU4VXNuSFNmdFp3K01vT3V3bkZiUjBySTlJWHc5bzhSTTA4Z2IybkQ3WTdkbFF0M3l0U3ltcm1UUW5CUnl2bjludUJzVzdxbHk1aEgwTWNOcGJQRHFhNFlzdXNFS3lzRWtrajgyUHlwSm1RM2UwUmVsMzZ3aXpNeVBoTXdZZlBNMXhRU2t4aXlKaDNRcXpqZHhvdWNYVzk1ak5wbGllTkIwZVMzL2p4Zmsyd1VDRHpTOC9hc0loRjFsOU12Z2loVDU5WHIyeUdKTlNMS2FoWXQ2ZHcyM3ZjdTNrS3N1TVQvVkxhRWZtV01BdFVEdlFZcjNpZFZ0cTVKYmJmVUVnZjlBTkc4MTRKL0EwYlJZS3JSc2lEUnB3UjFZNW1OR2QreGlNU0ZhNmRxRTNzYUc1b09iQ05GUitwTmptSVpvaFFaME1mMi9NTTNwOTEvaEpiSmNhTlc5ODd3aithSEIyN1JOUWVsTW5nZkRiM3hiQkRNUDN4NnNjQzFPV2dpK2lCVlZ6ZFdkbFhsR3NITTNPd3pVVzBlRkRsRlRyZXJlUSt4RHExNEV0T0JBQURsQmlER3I2b3RDclRlcVlJWFVRVUhraXZ6dXptdkE2aDdCSXZsRFdJOTdDMklUdzVTQ2RuMkZISmZyUER1NU9VWjBPSk1yMytvY2syNm1kdC9CTUl4VHVhOEVkaHpPR1V3bGdRWVFFOWxZWkM5QnE3QVVrZXI5cGtxMHJySDRMa3d3V0pnSE9MWTE2VGg4MXR2eDdUTysyRHFFN042Ymx1cCtuaVVtSlVrdGRMR01EbGZscER3cWJuTXh4Q2NKUENoVEs0YTNjanZ4L0F5NmYyY3FVNE5MQ1l5aVhKNS9la1I0WVVJWVpGVXltY1ZYMTNqYmUxU1ZSS0tRZ2p5K1pmYXprVFh2OWpNWGMrMjA0NDhvVi9EcnJjMXVzbTc5czkxQ2gwczVYS054S0p5TkxDcXlCZm9EVENtTFpaZXpkU3RzN3ArTkZRSmg3Uks5ZHdrUXNmRjZjMXd2eWFsQ1N2djZ4SWIzSm9pa2o1dzM5WHM4eWJCbS9qeXNRK2x3bHFRdTdxU3ZORTlWd0tuK3lIdG01NWlINzJGNWt1ZE5jYXZvUW9JSDZBdFRuZS8rZE4rYmY0NCsyOUtCYlJwUlpyRVhnTTZVN2VxbFZvZC9yOW1Pd0oxb3hnV3YzTDRTRGNYWkpLV2NaUzdCNllOVlA0UW9vRFBJR3dNSnBRRlIydlh2Y21DckFzZ3doc2x1UzN1TEZpekJpV2l4QzN4QTE4dlBLZ0x1elVpQXhkK1pGdHZGemRuMFY5aTNrUnlhUHZKR2UwUEd4MmVaUnJDdmJuT1dlUjhjVFdITVFSQ1huVkJzTWRkdmJCelphY0pjRXEwSW5ibFcvMldVSEtobFJZVm4rd2REbnFITzE4c3Rra2NUQTRONUdia3B0UjBQR0YrdlkrZ2lHSkY2ZGREUmN4TGtUMnBOQ003TCtseUlMa2hqelJvODBLUVVsbHUvUHNEdUIvQzNqeVdqUnZHL0crYUFpekRVczY0eDRraWlVTUltY1FWZ2RIWHFXbUlBVkdYc3JKVHU4QTZFajVSR3pmZ1lOQTNVRzhINTIvdEJ0bUYwN0NkNjVzYTRyNFR1Q3VTYWFWbDBQMGV0WW1iNlNhRU51VXgxS2t3c0RVQU5yTTY2VTErMHdtdnpwYnNrcTV2WExHaUJDQ0Z3OUhuYkhOUVk3Q0V0eDZXRzZsd1JUZ0dIUUNzSDdPWFRiSHpIMG1kdytDMXlROVZWYmp2L29iZ2RPTml5anRIRm1JRDVCQ2J2NXZNM3pFTy85LzlIdThIK1ZrcGp0ZVhwRUxkejljMWFwT3l5Q1lKTm5QcVhOcDFrWFhYTUV3aHltUVIrKzlYNmxULytSWGxYNFNkU0NFdXl5SVl5bWdyTHcxN2o1UHdsYzJpamtid0V0Z25SM05jNFBvZDVWSzRYeDVnc3hrT1NQSjdXRUFEZERpTExQVFk4VUUvYWtRajFGeVBuM0VkQllIZ2hHVjZLb2QrRTV4TlBqeWxLQnVNYmlZa2lXWnlsU1lnRThHbzlHcEhOU1E3WGxyR3lIOWl4NHR4bi9HNTFKeUtiM3NjNWFGRyt6Q3lXUkhLNzhqTzU4dEtyTjZTN0o1cFp1c1RGUEV5V1NRYlJoRXRndU1XV3NSUUY1Q0RmUUQwNW44Mm4zTzZIdDBDM2ZoMVhBSjZpWHR6UkMxMHgrT0NzWFFrSm5pY1hSeXRZRzZqY3Ird2hYVG04eXcwdXJOQWZiemd0ZjFGOEtDSnJ0bTVObFZxRHBIWHFNYVF3T0VVR0hqODkwRmRBSm1sMkRBT2h4VUtLZytnMGRra3JHcktLTHkwYXFzSGUveUFHaWpxVHdIdlFzMFVwbHZXMmt2WnJ3bkhhSitkMmQzblUwOUFZenBzaGE1Sm1Vb2g0MTJjRkRlUXhhdVNXSzdtcUpLOUluSnZEbjhqSm5xSW1lVGxDblBoMDNmRWVJcVJWVzZoOFNQaGJEMGtIaTI3aTFaejdvUkMrTlpwVEtQb21PMXNyWTBIc21MK0JLZVBPNlNxeEI5cnRoaTFCODBGQnI2bFF3WjFQSGcyam9DbU5ycWdQbnIyZjBIS1ZlTnM2REhSZisrLzFlNm1lWkdJVWpFVVdId1psT3o1MFNkTGhac3YyajV4M3hrY0FtcjVhVW9DcWpBY3FMcTEzRjVRbGVHb3M4NVl4UFlmeHQrbXpRTnV6ZWtBVUxtVG1FWXlycEcyTUVnV256NjRJTitpdHN1cmxYczBXQVozaHBkTmZXTVVHVzBXenNRSldqVERPdFhNY1p1d2V2V2tUTXpQc012QlBZYzgvbDFwSzlGSFVZQnMvVHlNME5FcXo5b0I0MjdUUCt6ZkNRN21yOE1Ja1lmVk1Cc2xCakJjNUt1dGNvRHNSLzg0K1l6eElkY25DSUdCSitOaDFrUjhmYTluYllLZnpwamE4dzNVNXZRcjlFenVlc2VFVXQxOUZkSTRKMzgyd3VnaHE0azFpNWxld2ZCZURIWkZSMTBCUVBJSkZjVWhBclZvREpzKzV6R3FlNWVlb09JV1FVSm1kZnQyclVvdnFoZ1BuNDNWdUJWa1grdXY5UW5nblY5Zkdzb0xqM215MVV3eXhlNlRnaWx4di9SdUNzWURiRm5zN2o1ZmRwV2c3VmtGRHJsYS9xL2w0d0pFZmppUnBSODRuSmFCZ3FiYWF1Tmk3cE1ya24xYlNrQTErQUg1YW9TR2RNOUpxRFFxcVZZNTJxdU5UdkFBZnI5emcvL2prRjYyQkp3SXZIRThkMUJPRDcybjljNkh4azlsT0YxZW9aM3k4UHdJd0M0MUZHeTRZamN2c3ErRXN4a2E0RUgvdElHa2dNemRIbFF6YkZKRGk0YXMvZVVFQWF4cVlhbEo1OUprWFhaRm9DVlFSQjZHT3dpcDFWeTZYRUtISHltZmhTaDlLL2tiK21yVzZEWXpxTFpvWmxhNGJLQzFtc1FiSUhHU2N1aTJFWks3Z21RaHorYzRhMDNudEwyZldjRU9WL3VMcGhzMFlpTW9QdEwvdU9VcEZ4K1E3NlFMSXl6MFZpV09TT1FRTzlOYWdHeEdTT1ptZ0hOMXRsNzRpZVdnbkt4ZktueDcrTDRoSU5Sb216a0l4N2V6bGJaWmVCS29jUlF1TUlIUXI0L05lVnZzZG1rNjU1cEh3N0pCV1Z0QWpZbVkxV3B4dFM3TW9BcjVpaGliRkJWL05PWWRTWitvMkxuOEdGd01LWWUrMGJucjlmeWFabGFrbmw0azExNHBUeUkzRVF0aWZLQWlkR3JCdU5tUEdlT0dXREs2ald1bk9KMGlhd3BoMEhneEg0WmFINDJ5elE4blRpVHlTdjBsYm96TVhBVjJpQnVUVHdrTUtGWTNmWHdNenBJd2U3V1FQeGVPLzhSZkc2c1d1Rm1SNDU2SFJISVdhNFBFcG9mMjNadHJoUWtoRTZhblhrRElyOElsbGE1U1NSalJlN21nb3Y4TThyVzNrNmc5U3ZZNnBrUU5ISksvMVV4Nlo1V2E4RUF0bDlWLytXSVk3K0ZlRXpyL01RdGg1Z0VTOXZmTXhEMW00QVAwRlZjL0EyOUZXS1hITU1KM1h5b3lKNVJDU1hpbWpCc2JEVndzZkdBaHZwTGMyNmNIejRlbFVQS2FXZ2txMGU5Sk1uZVJYckUwcjJKRmk2VHpjWFQ3Y2VRNmlWeE9kMUZkcTJiOG1STG5mQXA5U3hka2VmSFYrdXJyVEZETlBQSVpxc2pZZXcwOHhTS1dhKzFLNWpwdGhQaE1hbEI5MnROdjF5c2dKU0ZlTEl5RWpLbmpxNWJvd295U3MxNTYwVlhiTWMra3Vxb1VhR2d6bG43RjJzM2VaTmJyenpJTVRWTW5laTQzSitOZXVnNjFQZGxyZzBJL0JiOFBMNGQyaFErelI0N2UzcnhJVEQ1N1krajRTdG1GUzI0c2xFMDdraVkvNmRjaGIxRWJCRkNPVkdhOFNad2VaQmtiMGZLOWRNTXk0aXFrQ1huaFhyWjlpU2pPM21LMzRvZ2lTSjlOTTFvN0t5aDVKdkt3N2laREwybEZWU3Z0bTRWbWY2cGN2bVR5TnVyaW9sd0QwVGYvWXdGU0pTWGFmTDhkeWlmYStVRFFMNjZ4SDhKb3RQeXVxQUJCYkp3SnNEQ2RJdGVCaVZsUlEra1RGRWUxdldXa25KckIzcGFkdDRTTjQ1ZkJLb0FCYllvcU52aGFKUEhoK0RmS3Y4ekxiQ3ljNG12ZGFBUHNGMFJLaEh4d3lYQ2d0Kyt4SWFzeGRTSGdqb1paVHVmSmV0dTBIQlBDZkpFZlNSWVdrZElDWDNacVJBUTkydjJlenBHOHVBNzFhWFpKR1Q5SGdaRnV2NG9mZzlQc3UxeGFXeTBWb01lZEk4RUR1M3NYei95KzlQYWNPMjNheTZWVVNuL3kvNXE5aTJ3bHQzQTVrODFoaC9kSmhYbEFoOUcwZE11MDFEZE5FMElrZUhhekVWZ0N6M20vRmdyQjlLSWZVeG5VQU5aRnpHeEVLZUpsUTgydTNFcHBQVm9XWUx0WFZhTG1Bdk15RjgzdEJlVlFTYm41TXBEVVQxRlBzdXUyOWJ5bDNmOVJYNU5OSDBIVUd5azVZcWY1UDc5WlZXajdER1U0TTdhZGtGYS9ndVVnZ1c5ZUlJWU8wcWV1WXNuK3Vlc3RsclRTTTNva1Z3bXBkVzVjTG5sRTFrcllLV21qLy8za20wTWtGWVYxRTIwcHU3SG0zdDRKbkVCRGJxSDV0ajZQZXBvUTNXa3VpdkdwdUVQR3N1Nks0OGdXZjhzZm5LMDNIZzZLQTEwa012R0pUSFM5Q05HangyOU10a3ZjT3Y0ZHpteXBDUHNRQzFJTTY4TE5PMTJ0aDBJVHh6WVRVeHZ5cm1wbWtBNEcyUXBJQVdWVkJMSjZyOGZ2aFNaRHJsY3dhcXM3UkIvNVoxL1lYVXJDUHltOEFTd3B4bGprMklpVlU0Q2p5bDNPUlNqbThqWTN0Mldjc0VwZlhNM1JoZ3dlbVFleldOME54endnbnFRTXN2eVdHRWU5dHltZzZLaFkrNHk4WWdaQlpXd1JnMjhHcW9GQTBKUS9zUWVyTHZEZlFiY3pZcXlzZWZpYnJDK2p5UkwrWVdmRloxNTNSdjIxc3pDczlIZHBsV3FrK2dEVFdYbnVzQk9yL1ZzeWZTWUFwTEZOMG9LR2hlZ2cyU2dBa2NYZWJxN3ROWlhyRDRzRi9vVzF5UXBVY1lYN1hEK1pjNEJUK3FPdHVzTDhjVWV4S2h5ZklLY1EwRkFOVWpjVUMyK1JTUXN1YzRkVWUwb0lqZ2dDSi95dnlQcjJPakJodDZlRmdjZUs1c2NkSE9TNzZkMnd1QytKOTI1QTJuRnB4ZFdsc2hxcHFXTVdYbTBKZHc1ZDhCeFNldERUbTgreHJ0WExFOEhBeDB0Slh6RWRkK1NwRi83aEZuVVJnZFNUQVo2WGFYSmZiZ09rQTM2RjZNMXdYOWxJeXNKTERQNnZTWndBYU1idnQrNjBCUzdHQ2U1V1FacVNtU2s0eG1ET0pHNUhXUTc0aVZGcDJSamFjYkp5NDFuc0IyNitLVDBrbmV3ellqQTlQVmhEdGlGMkZVWFRwTGFsL0VXcThJREhaWWpOOEZ2YlhqTGIzRzN3QjhJWm5VUjJOSDVPYXY4Rkd3RWN1Si9Wd2dRTWNoRTY3azA4dUtxSEtDcWpQVTUwYjY3M09tOEF6T0lsMUtRajRZV3hqbGpWbUZDeHZwV1A1aVE2TmRsVkh3S2ZPMXhnZDBKdnFhQTdtbmxxRWFOcW1rZmhIWHR1bmJ3ZGNrWlhhVzBqRy81a0FyRFRoWTNSNmdvQWVlZzU4SFhJTHp3Z3Z0N2xXZXdKT3FtelprNGNRaysvL3pzZWlTQ3k3eVdoTVkwRm5CRjNYL2VOdGJCZC85bXhrSWFvV0J0SjQ0OWJLaHNXNHVuYnRqbTBzNlkzeFh5Z0lEUGxMQ3pGZ214YVJPenhIUUgrS1VWSEhUMlRZbmQwZDZya3Yzakc0SFFVVzFaUTFzNGRKQWNITTRoKy9yNkVjcnNUVWhIcEVHSHd2MTJINFY0aWEyRnBXRGF6aVlVNHhhUVhIMGhJYUJrbnBRQTVhU3FzQmxyQ2xCRWNYV2Y3U0xjZzVKajFKZzNyV2QvdTBHUU15eE9udHJVWHhxY0lsVnlkMVlqSzdPaU9oT29EcDRhUW92TVZlbEszY2RZaUZYeW1zQm9XWGZTbXFJOGRFQnVicmswVElkOWhHK2JJOW4rNDRKR2ZGL3FJTGplZDU1eWJpaitYanAvYStsNGpIVEc1bTdBMzI2ajJKMVc5UVEyUklibmxvTiswS21Zem1mc0QzZFBHVGxIWkhnOGMrQ1JHZGdiWTdLZ1RPUm5iMW9obWR2RDhGUFNjaTFWL2hrdHZRZ1d3WjEyNm96alpYZ1I2V1Z4NTFlbmRZdnMxdHoyV3R1SWZVRXAyOGdWMXZxT0lSZkNMQjlFdVNNVHg2MmpMenFEcmVLaStuM2d3cnBjODNhZG1abFBHOTJhaGhMVmE4VjZlZGJSNG8zWDJkMnBtYjdkUmdiMVdiWDdBTUpTTGErdGp1VEdkY3g2YlZXT0dhOWdIdnpUSVBVUHBIWjUxbmw3Zlh0dVpGUVUxN1gyeGdreEpuWHV0MmRCZWI0aWJMWXBPQ2hyU2Jkb2NsVWtOMkQxaFBwZzYxcUhNazBKbFV0YmYxa0FNc2g4TFNINk5HOXhER01aekJFa0QwVVVQeE56UTR1c1JHV1A0Y3UrUUJmQ01vTzVoWUR0Nk1rOEhYUzdRZW81eXllcUU4NG43VlI3Ulp1aEhHcFpLUGNoWEhKVVh5QXcwMlpNanVTRWpvUXRoU3JFMGRNeXFFc2NwYXdwcXp5OGttcWdSczNSbVdKam9GRTYwRGhyYnhQZ25Ha1pGY1JIZHBuOGpheTBsc0dBNEt3Sk5rcXJPZVhieFNsT1hUSEN5UTB4L2pSN1p3V3o3RmtSdVJIakpSaDVNcHhsQlpiZ3NZZXYwNVp6MStxV2xhTnc3WGZWTVViWDNCQ09kdm1JTzNjNGt0Ri9FcHMyNHhHdXN2cERoVzJvcmFML0gwMGR0eFNrOTB4N2pvTWpaNWNqUGZqLzFhZmkzL0w1Y2ZYcFd6dGZXaW5aR0dPSCtpYWFSalZrMWZCSHZLREFPTE9iZGxsQWZuNWtaakM3UnJvOWZRTlZSUEhnNklSdlVraUNBRTd0UkNZV0o0dWxTSGswNitoQ09pNCtsc1J2YUNlek84ejVsQmJOV2loRHJUVGJDdjdaSlcvalUyMkMxc3FoVG4rckVSbldvZFBFYkRFMXd6eFBCQU9tQjRJWmlsWjlLR1NtT01DTGh3Wjc1RnZidG9sZzd1cW9aK29xNSt4UGEwYytHdEtjTEIvSHBRZzJHUWJiZ0ZTT1lGcDhwZkpORkRhZDFPRXpZdGY4V2RmYi9wSXNVaEtYVnVldmJXQ1Q1Y0Jwd2QvcENGelEwMDFyalFoaitHdU4ya0k2THVxZzVWaktSQkVKSEdyTG9DTWhqVUJIaDk4ZlhWNTJybTNueGNtSHNxNmw0M0lTTDZ1TDZtbEVNYmZwbC91S0REWmNaT1JtOW42M05xRHVzRlp5SVNsRmpYQW1FK1BCcFJ4ZzBwWVdybEM1aHk1Ny82MWNTVUFGTlR5UXpGem1ZY3BUQnFZVDN3enhtbjkzZHo4KzNpbkhINlhYQ0pRMEk3V3NuTlZ1Vm1WUmpKS2tHTk9sTUV6cUNBc3JvWEtCamRHeHhEQ0E0UHhHUDJCUGpvYnJaVGNyWVYzelozeHhERmtWclZNcFVkNVNTVUJ5Qk1MM0FWeXk5eS9qcmZQVVRSalNjSDNvN2IwY2c4WnNmb1lPcUEzeE9sdjFkTFNnVXdxTVlNVVliUkhzRDVlSXdMVU82d1FLS0kwQnZZSzJwWjRQaFZEcUpyOFJiZDNNM1VJN0VOblQrMUxka1NZSXVJOHJlZ0ZXbDdhcVlUV0MyTk44YTI2ejhFSnZRYkpOWmVSQUJqWC9qTmE1ZmU1UEg5MWVCRGJVM3NwcHNiUHdlZVBqZDU2elNBZjNxSkhpY3VMNEpOOTNpR1ExQVlqNkxtY3hteENLa21VMWpNZ0JzZVdUd2xRdXkxZGp1M05vckdmOEUvM1djaHBqeGdLaFFBMHJFNWlIeENPUEx4QnlHVVdsQ3JBWWFBa25GWmR0Y3JIMEZoWklyTno2L1pXSzNOdmhjT0FvaEVSdktqRHpZL01ENXVXelBSMXNCRFhGN0hzVlQvNHZ3L1JGMmVvMzlxQTJua3pwaHFtd2p1akdrNDBLNWRSZEZORmV4dCtrYUNwMDhLUGt0OXJjRnVSYWRGZXY5QlA5cklGaXFTTDdIalVWU3dkbTluSzJzUUtja3dxL0VEb3MvK0Z1OVVoLzJDbDU4c1BVbVhjajNOVGVBL0FlK3ZhVWU2L2VTYTBuaHNIYWRaSFhPVTVQRHFaZGtRMnRTbWoySExCb2pnY0s0Tm5Xc2VIeDZnZzZwSHNJM3NDR0F0Y3NXcEFsclZ6WEZBZlhmRW9zZTJVUUFFZXlGdFc1dEpZY3lNeGx4V1J1WVBGdWF6M2g5cEx6cXhORGpFU2o4TzVLZjVDSFAzNzMrbTZyVTFtYUJoL1F6ZVdIeHVpNy9KRHhDMkM2c1pXeVIycFlrRWlRVytSUlpnV244QkY2SXc2LytPYTVzUGp2Q1hyU24ydDdlbEV3Um0zNFdpQldOUWROS2RTbXBYNk9McENsRllPd0RYc0dsVm1xenNvcnI3VEtEd2Z5b0o0cXUxaWgzVFBvRU4vKzMzck95aExJWlR4NzMvRDZqMDVlS0FzNkV4TmQ3d1pSM2Y2TlpMTDhQYml1dFo0UUl0WVg2VWZXaFlvWkJqYnIzNEFTZ01hdGYrc2RDOXV0RGhRZWo3c0xuQnBmZ05XbVBuSitRMGJBcXMzdSs5TDNLOTNGRTExUkFOL3Vlb3Q0REFmQ1VObmQvZmdSUzFSUEtIOWVKRjh0VUpnL3JOK1FRNWFYOENqTjM0ODBreDJrelBuQ0tVNTY2UU9BNlExZ2ZyRU1NOHFUR3RtVVdpMkZpVG5FeHZ6OEZybmtJVE51eHZrdkFEbmFGdEFPS2M0NVpvc3dnZUtwOWdRTHV3bTVQZWxIN1htU2FMUjhTVTREdW5SQVF0RlJPUVQvVjhjQWcwZHFlWDZXY1JIZDdMOXZtS0hwRGJMRElCYVpVMDd6S0xnK09rQVluTnVObFhod1dkeHEzZzdzSy9uMFRKRHFqajZQU05UR0luOWxMb0hycENlanUySjc5dDBlaWhycGZ5eDBSTjhhU3hBTEV1N3hDYS9Hc0hvYWsvVEwwNENJMlNLb3lCTTlaN2JyWVduU0szZnF4V1NDbTE5V011MEdGY2Ryd0dHK1FJYlhaOVlqOVZXc0tIOUh6VDVVR3VYdExFYlRnTjZsOFpaK3gzZC9jYUtoZEdDU3c3K3FvN1lEbzgzMkJlamZQNDRsb04wcDNjYU9WOFYydzJ4UkdYa2pxWXI0SVF1ZUoyZm1vcTQwejFRWVZ1VW5wV1NTMTZaL2lsZHhEeTRya2YwQklsdExiVDF5Y3ZQTEhBTTRvNnFSMDJ6U2pkTldDczlqNk9OTnhDUWV1NUllVnRGb2RZQ3o1bXcrRnNYT01BVXMram9OelVKOWJsL0RqRGZTOGR3akhPeFFrK1pTZ0hYU1Nhb255UXNaUzlzTVNtQTFGNjMyMnRieVdsS2czYzMva0RZRFRialFDczVrTU4zckxoWFljYTl5ZUM3QjNrN3J6Z2xScTZXTEoydmkvZEh6Tndlb2Q2d0I1cE5VZ0FUMXpoUkJnUmVmMFVic1JtOUVndmVPVkJSc0Q0RGNoNUhvbHY5Y0JlTndKNUJKUXZHL1dDMmFkZGhBallld2h4ZE1yUE9tbTNmRnpnQVBxT2R4SkZ5NXJtemdLVDN3eWR3WkM2YTNYNzFJSHhlNWJGdGxhZnhlSHJiSVNvSElnR2FFQ0NHUzBOT2tWWXZmWjZhZEZIMXRuS2pGRTVyeHkxcElmUVJRT1l0T1J3SlFxekZPeXRYcktRd25vTEhQaVQzTmhIekI3cUF3Wk91U2JlY1Vza1l5MlZuOFJkVWo2dm5NdWphTVdpNFFtVVlycXFFRmJtM0d5Mys3cVB6cHR1bkFsd3ZiWHFoYjMyeHlNREp5YnhZcGRpSTRNT1NaUC81bnlRS1NqQ1pQZ3VUcU1vemtBazNqSjhuMGs0TzI2NFQ5bmR2ZCtxZE1xbTREeVlia09kY3JOVmpKN28vSnVaa2daemlpSEJZbVBGZWRCL0dvRnVscHFqSStFamtiUzE3WG1NZTRSOW1xdTZsVzl1UlR2R2tRSVlCM09ENU9aVXpEQjg3dmI3SFlOdis5ZlNSaUFrdUpnTG9aZnhuci9XYU9UM3J2cE8wSFdMMGx0K0JSdjZ0dXVmWjdHdnhheU1TUndSNDh2ZmpFeXlnSXM3Qmk1enpUekRHaWZqcW5oek02U2F4MEUzTURMb0tRYlJYUXQ2L0huT0lGc01wZUpQODJ6bmZpdmFiUlpoaEcwR2FPMkpQcm5vYkdOdmVzdndhS2oxMHZDK2QwQ1dPSnhWWWY2WU4rdk1zSkwzelg0MU9sTzBwN3c2TWVUSUJTdlRXMmhPZnJkbE1NRTg4bE5PVzB3T2xhWXBkYjZNWDhhZE44bjBJcHJYTmN1ZjIvRmRtMFhWUzB1RWpvY1lRZ0JSSW1iTW5uRktQRGZaaUlEK2pjQW44cGdjNUtCNVBoS2NRQ3VKU0FxRDIxQmkxY1IwQTNmM3VjYWdhcnI2bUVlRnNoNTdKSllYWGZpMXRwNTJzNG00VHMvcDFTN0tQMEV1eWRIbFNtTFQwOXRELzYxY25zNFkzRkFqNzF2MmNpaGVPL2xDeGV1eHZ3SDJZdTZILy9jdXNXOWtObEFvVG5MYUFMRlBIZklBY1ZqSHdzWmIrQjNQbXdVRVltU09iWWZKK2RaRFhSM1hka3IwTWt6b2Jaa1pzclFkREFSY1FzQVg5Q1FENzFibTBpMWE0YTlRYTIzZ1plMEdGQ1ZvYXRkNXNXNk9la09tSXg4NkxGWlN1N2J5QytLQm81ejFwM1pmVTZJb1hJTk02SWZFbTBIMHlsSDN4Y1B6bFB0V0RXam1yVk91NGNCR0ZzQTZ1eTlJYnhvMFRFSnhGUUY4OXRnaFZxb2QrQ1dhb1RUTFRvbFRRdmEreUgvWHNEcTlsZ21FUzZNbkVlQ1BsR2VDUlVnK1IwZXpOV0NQeWI5eUJ1bGhTYUdRNE9WUkplaEpjaVJwaVZvN3dqNHovVDJFenltaVZNdnIvUzZPcUJVQ0RBVFFFdGJDMmJuMTRxRTN6d0ljc21mUjZEUEZReUNhYmk5aWZpajY3c0hqald1ZlB5bnpURExic0YrbVFKOEwwa05GdFQwZ0ZQNzVleDh1cWN4Qkd6YWpxU0hkVnlUckE0ME5rbUFnY0FWZVJXYUdmTmlnTjRqbVhaS3oyUFp0eTlIY3kvbzlkcFJ0TmdKYjhINmwvb3dFbkUwck8xdXVGV2JaQzQ1d2ZRZEJCZVVQRHpkZ0wvL1o0NmZZY1dhNU9za1dpem1xS1pKN0Y3bFdZRmRkSzdINlBaVnNIL3NzcU9lREE0N3QyRm5CalhTZEIweThzZWdUOFRUalBzengyWHl6b0d2ZGNXN1I5aXRRUysxUUZieG1Xa2VnYTFSNldjT1R1ZFZMQk80QWxoK2l1K1gxbzlWMDlWSHVQQzh6bkhQWXpyWTFjTW94dDJNUUNSVFRwNVBPSWdrNXNvbGlPVTczTGVSR0xBQzdYc3RhQ1dVNmd0a3I4Y2VGZi9TS29ZVmkzMkhNVmhoK3pUZzJSRVFMejdzV3FmZDhhNi96ZVRSWDErTTRYcHBUdnlKaXJXem9oME5obm5TbXcxdE8wemMvamd2MmxEODVvTFF5MFZEaGdvK2NnWkl3VGovYkRrUm5hZ2h3ZFp3N0ptMzZRNGNnclN6emttd3NzeldEcWxQcVVZT3lFMHVrTC8wTzhpV0JrRElFSlNPU08yakxIalgwNDBYaGxHYXRzdmJJV3QveHgvSG92a2FwQm1VYTh5b3dnOWxzdUgwSytsajBLbVRraGpRSDY5ZC9SMzN3dCs4bzJrRzVsek1DanRWMUVWc1owbFgyb2MvK29UOElLUmU2L01YcndCa2hQWDMxRGdGOXdESXdOKzVKcEl5QzhNUVdaQk0zTXlSOG8xSGpmTjk0eDk0dzRRbzcvZC8zMG13RjZ0dG5aaXZMLytsM1VIR1FCZWdPQ2grN2d4d0kxc2xXSWRrOHhqWDlyYlluMDc1aU05bi9qaFJrN2VHdGlxa0JxNEUrMjJibmorZUExR3pnTHlOMGlGRGt2MUxndnFsSzFueld1K1dTbVF5amUrUFNUV1lhYzM1UDlCNVNXWlhnbTkzUDNJRVU4aFBvVHJjckc2NmovR1pVSmhQQlFlaDkzdjB1RDNJMkwwckQxRzVVWkdXalRjNmZyTGJTZzhrS0M4UUx6djZwb0tCZmtBK1dkcjNkNDlPTXJ2bFhMRzN5VkNWaGRMaXpldlBJNXF0MWNuamxvS3dINHIrTUV3M0o2M25kT210TFg3MnVKOE1FeTQzTVZrK1B5Mk1jR09SNkh5bFd5dmU5bmZwb2JsSndIcUl4OEJyd1ZVMUNlc01IbXEyOGN5UDVsa0E2TDVUMjk5cHRGV3VtQTBkbzk0NEYyNWdyR0xxMlh1ejN1WkoveGJ1NHBNVUdKRngvenAyWGRSK2ZvNlIycEJOVFZLaWpqRXEzd3Z6Y0tsSlNDYkpzWVJKNnBxOEFoT05xVnhKNk03NVQ0cHlGYThVYzJIZ3VCeDQvSjVnZ3JyOUJ2UlkxMTVOa0xlYjdXN010UHVXWnRubDFDMHdCZjE4aFNFZFpOaHdlM0pXWjRWYVdwUmFMNW0zMjhiWk5SMDVpNU55Qkh3cW9Za1hEekRwSkFaNDJ0TWlzaStFSzlRQjd5cmQzQmNhY0xUazVSZ2FQQlFIM0cyTjR4WXdUVXMzK1NLTGxLWC9sMHBGMzUrR0tOL0FEdmRiMFNrZ2lMaEpFNVlUN29nWXhxdEF6bkFJQU8wc0dEeS9oV3UraHE5eitHaDVmaG5kMU9udGVJM1dNOWhLZ1JSbU1wV3hLOHZrczJFMVlvNmtOZTZ0YVUvMmRjN3hEeDJjN3ZXeC92dDZKQVhrVUxIOEhPeTdmUzQxT3RKWjRJbnZCMUloMzc2UmpoZFNlSWdMbWRVMW9WYi9NUWtWTjNXVndlbWdxdnVvcUFKS0QySmFESXR2Z2hOUXYrenlqUEZVM1Bsb2lBVFJtQ0pmQ01wbUo5SWtIcHJWUm5aR0NBNmw1YkFmNkd5V3NsSVY3WWhHaVduUWVNQTVpcjZiQ1VUdUpSczVGVThJNjByaktPRHkvVm1ieW5NVEdmT1RHTEhvUUY2M3Z6dldoSnU5QmJQbEJrRUcvZlZGMWg3YU5EbTRLOGJRRnlZajJ0THAwVDhrcEpKUTJsYmd1RjYzS2RYdlkrb2xLYlI1UGFMRzNUZmJzSmVOTHJydXp2Ulo3VzhvRWFRYmtZR0piZ0dSTytRU1Z1eEMwb2R3eFRxek8wY3ZQRGxuT3ExN2YzclRxMUxPVkJOcXYxQnd1WmlPQlJZdTlzVU9XSUNaYjQwTHArSzAzTk9XeGNaRVM3MFRsejRkQktJODQrRHBwTGlLZ2p3L2syN1orQWFLaFZJL2dtMk5lKzVlY1Y4U0F2eXJmVjRzVFU1RXQwclRoWnhPQ0tWemE1ZUF3elFvdzY5OGFTNGo3aGZOS2xzNHY3Y21WOUVBbjlPbldIcWdjanRDQkFPaGZ4aFEyb3loaHc1MUZvTmkrejJSTVZKdk1TbFJGYkFKaUxNK3M4eFUvYXBOTXlraEpmN3dQWHFqQ2JrL2ZpR2VqUkZETTRtUyt5YmJSWTVacU83elFvODFYYjVlMWdVUTRUbm9XWC8rc1Z2M3ptMCtuU1dYck1iOENHUHFIUHNZQXlzZHhCUUc1eFZEMWh0WjZpTE9RbDVrdUxxZnVvUWovaytJZVR5dzhTbFpCTHZ1aWR5RGZ1Q0x4Q3poYUNic2lnb25ENUlOMUk4MVRTTzZRUlB0azMvK2ZWUUpKTnpJOUFLMWFycW1PYW44TnpPNVdOb1pPYmVlN2lRYTFDY2JMNFRLS01VWW5DSWZjRFVBOGpHbjZFT2ZpeVNXWjYwYlJ5aEFzbHBobUkwSWxMWExqTnVZUG5DL0VEQ2k0RE92czdFRFdmZDM3RmlVZkJ1c0lVdWoxTWQxQy9pM3B2Zm1mZHZkSTFTYmFBcHlmT1RzeEdFU2o3dnVJUDY5SklQOTZFTkFlcEc4MVBUZE5Jd3AwSXVLZHJkcEVMcFczdXhKTnF4QmxnMHRXQ1pyTFFxN0x5RG1hMkh0U0FQdDA2aU9HWHhzRGdZY2pOUmdTTzJ5aVMyZHR6K3ZPTjVMMGlWaDdWcUpRTmpNU1BFTWp1RmxXczNZVytESTB4L2dzeWM3ek1BeTA3ZEMrWk9tZkM1clduUENDYy9JMFJEQ2NraC9lQVVDU0U4T3g0RGlYclRwYldGeG9TNXVHOHVOem9sQkNsa1N3UTcvMnd0WmFTQzlpbW03RUJuK0tyNzFtN0s1K0lyOEJHZktPK2g3UkY3S2k1c0kxaDVaUlRwaU91dVdKaXpyRThXVlpncm5IVGpwUGtLS1p5WDM2Q2Voa2NxdTVUZzVhK0RROVVEM3pQOD06Ov2dYzs3/qcgyTa28/vEs9g=', '2018-10-22 04:50:32', '2019-01-05 11:31:04', 0),
(2, 27, 2, 'U0VxYVpBZy9ZRldDRGQrbWxqZXFwaWJHWkJJdDByT3F4N01rQm5tSXFuWlJTSkg1YXlxb0NYbEVsa1ZPc0FCMDJOTGx0MTRreExacitGMmpXZ2RSNDNFMkxVRG45SEZycWNiRExEUWhzZzNKd0JmcFFGa0JkMEJDYzFvVTNvYTlLeVRkRVlyKzdINGdMQXUxcUhCRStQaWNxcmdDTlAzMEhZbkNkcUEyNnlGNHNrUkxwRkdtMXRKejZJQ0Y0S1BheU85N1hEb1lpWlpyTllsMCtZOEkvNmhaVHJLUENXYWJteW8wSzY4b1R2dldYVVpoa2NobW5yVnliS2xlUnBwOXczSDNsZmRnRFkrbEZrQVJ6czBvL1ZNUm1IY3lmSXp1TERMWEdYMW1jUGc3YmtZU0lHeWh5bHhDTm1NbEJoWi9oRURuWmdqWG5tdUI4QjRINHlZQWR4aGJEQUFYWUdVWU13QWpMcXhJdUZ6UkJPa1hPVVdWcVNYWW4zTjI3YUhvV2RQemNpV2JGSVNiRnVOWmNFblZCNVVsOGtsWTlhMHR3anYvLytkam8vU1FKeFFJWXAraERGZEd6RGxpdkZIamdTeWhwcm9XdHBLS1dHTXNKeW9mV2x4dm82V0lGSGtDMnd5UXpLcThNdUtOOUdkWUE4UHpmVjdQK3pKa2wwRGo0azlJU2orMnRRTXIzNTc3a0VLTExUQ25uUThHSHhTYmVzb0J6RmhOVmxJb0hUbFhyMmc0S1cwcFF2cEx3NW1ET290c2hsMlJDOUt4M1RnWjRSTGtLWTZtdTg4SThhZWxqMEd3cHhUZ291TFphdDdyZlJaa3dhZFB3aTREcjBFRnJrVkQ3cGFqczJUSHBlVy80b0Z1ZllQbmhlc0Z3dm9nalRvVHpVQkp4c2ZpSEpWSnVLWlpKVkdYejNEdmxvbWpDbEJCSGJyZVphUFVqbkpKaWdPbjBHWTY3OHNUYTRMZHE4a0xXc296a0doeHcvZys4Z1F1Zjk0U0tuNmVsT3JsOGtVbU5VMUYzMjl3Qk9jNW5MZEpmZHBMV3JkVmp6c2xhc1czZjhBbTE2aVpuMVZKSTRHdFdJZ2R5dTZiRVZqMHVtcnFJL2xXTVlqRnVPUzNPL0licmVMQ2FUWHFEN2lTRUZqQ0NvTFFlS3UrRVg1dUFBNktSQmsvUDJqYnMyTFpBb3FSTUw1c1I2eU9kQWV2Zjg3MjJXdWF2RHpIdnk3aW92ZU85dnh5THBOWUUvbG1KeE9oWGtZVkd2RjZ5blp2K3dKcFZ3M2lxU2xHRFlFdVdTT2N5a0F4bFVyWVhqcVpsaTlVais3cUNWeURBUlJYbmlsTlJ2aE1nLytvUFhPWVFOMkgvSFM3RzF1Zi9GNTJLLzZXa3drbjQ5WW1JaUJQck9CdlZOQWZDYXBNZ2EzakdiSVMxb1JjbnFqcG5GUTU1cW0rZFdGeUVqOGlYaTdMWnE1aElRNWtNMmhNMlMvcW5PeXhNMnRuSGd1R3lJeS9GTGtMdEk3VC9kK2h2SkNjODBUSE5iKyszaU9NQWJCd2xDN1NPanV3c09JYUlHN245ZVZTN3Vzcjh1aFpXNEZkM1ByTmpmWUVQVzZ2WWRSbTkrdEV6MzlBUk03R01JMmlDb0ljNjBTOVZNdzRISHppUXFqdWFSV2dZTWQ5UW1PNCtZSjk2ZGN3QnBpNks4eUNwY081UGpGazZPOVJlREJqVjVpajhDRFRVcGhFQ3VDZk9DaU1WRy9wNURna0JZU255RkZDeEFmUWI4TEtJWU9FMHZKQ2E3dzd3NGl5RlBhVzY1b3A3TDhINWVkeVdLL2dmSDJwQ0dzRHplRW1VanlDK2pzeTJVOTJ1K0FLWFo3ZVE4RWVKTWRUcDlObGdBKzlYSHBSR1VZMVkrdmg2N096eld5SS9ucTFkd1NFQllCS1Z1STNhT1QxcTZ3dUFlc2lTeTBQY1kwZUdSVVllQUdVdlh0V2tQNE1EN0tYQWJBekhUa0duQllETGdDK3lvMkRqQlhLRWRUU09rQ2ZJdmtoYXZVTjhZWVRMZGV2MlhWbVltZjhMaWExdU9qdnBTeEtWeEhsTGk5RkkxRExQTVVPTHV3eTN3R1JsRVQzL2YwT25jbmhNRlNOeVIvbmlIVGh3bUtNb0ZIZEttMTV0V1I0SzZ1azN6dmpKUXdqOWpWYXRmWDVPWDRaQlVZdW9DYXV3RUNHQ0tFWFFlWk1qQ29hTHVVcFNnZ3hFL1RkWGtBcFRTUjg5ZDYzTjBQcnJLL0RzdkxrWFdDa0JLMStLOXl5UWJ0R2NBbVhHcmdRc0pYTGZrUVZOaWVGRi96dkszY0ozQzJGQ21BUGJsSGZnMUNibkhHeUV1N1o5SGNEaitzL2orTnQwRmwvaEhLTjVpL20wQURsWHJya3pWaTY4RUhGalhiYmw5ZEUydzFyTmNlWklsTmhWZGtsWGd2VXJPZTBpZm1GWVBaMEV5a3ZnUXpvMG9vNUJBR1U2Ynh1THArZ000VGkrVFppa1V1Sm5DbFgrWmtXMkszd1B0MUxJVlF5bUgwM1ZZcEVoR0c0bWUydzYwWkNFcWZQNktqTzZWWEtjbUVmMnpDVCtsMy9sdXNxTENwSjBmRExhRkFMd3J2eC93OCtyeWkxci9sYUlxcEZHQit0aHhub3NwanhhQnYrNHJMb1hvOVd3dnZLZzFkWkRjTEYwYW1FYXZWeXVEQUhLdTFNeCtqYlJVZUxkdUxPZk0zSG5LUXEzdkdocGloT0N1UzlXa1NsS1Q3WVFUb3EyVXZraGVSSCtYMW95VFJ4MnNlZHJ4UjV2RnZVYm5ncm5hWGUwZ2hJcTk5ZENkYVQwNUcyTzNNQVd5aDVpYVJ6d0JkMXBSZVB6ODl3aStCMGxlWmwwcUJnbW9DZk9KYW9xY25zRklSRFBPZmlXMzJrZUx0aW9jTWRmWWFwc3B2emxOTmtBOHFMQWtrUmRJZjJmL201cFhkcmdRei9HZklzYkVkaHBGZlNYYmdPZC9nY0pJbU8zRElsbmxiMXdUTnJaWTJaZTR2eEw4WTVUNk1FYlF3dnMzTEZnaWs1RklTU0xGOGV4Rzh2cWNIcjRUWWFpL2RILzVqdzk5eUFnY3A2WGxtNEo0SmZVM01CR3NBekpiUjVSOGt4eWk5SkNtbGVkaEgySUhyMWloWTNSMjRES3VDaFRKbkdlR0F1ZVpabllvSEhZS0dJNFVHLzdHb1NPZHUwdHRrZElEdWRSZU9hYmQyV0QzSWZEQTRLditmeDBXeEkwT2RUeTRRZ1NQQW9pWDErcHB2SHpmZlNhUjd2WkZ4dlNxdCtFQTVSNW9hQ0ZnK3NFa1dJcUY1ME1LNTRnek5UYjRvT1AvYzQxNGk5L3NUd3hlYUlLZ0ZQcWREN2dHWjlTWDB5bzJLREZUS29BcTBVWDRUMDBaSWg3L0Zyako0UjlxYkh2SjdSeXhFaTMvOXoySEEwTS8zUmxQeGdwREVGSVZYZ1FZTml1WmM2TlRkcTNCUzlQbHp4R2dtT3A5bjRGNlA2ZkQ4bTFOdDFoSU80a3dVZFhqOUxPRzA2cnZpbjFjS2lFek5MSVd6Q0dIK2pTaDdrTVNGc0R6dlBBUUxJenZLbE5iZTdqV3drWVNJVG0rdE1PTWVRSk1XT2hCSTBCYjF5NWVWdkl6Y3ZoQU5lZ0hBU3N1RlhTWjVSM20xcjdLOXhsdXdNNzNLODJiOTJVdzZWbkVKWEkzb0RyeFBOQ0FTMTh4Wko3OHlCUFBOU2ZiallKMStyaWQ0MTBSZEt3K3VBZW9KTjlLVHpsbEtaRjlSVWgraHoyZVZ1NW9US29ZOGVpZWN2TGl4dE5oaHNQWDhKdTQzeGJxTjRyM0tPNGdwQXp2TFpFdUpBdFAvSDY5OWV5b1dzS1pzNk5vMUR2aE9iN1Y4aWxoL1hCVXk0RlpWYTVWNDhvVXlqK0FCZFE3amNVbkRGSnB1alZhMU5qdXNaYzNZSUFOM0dzZDFKT0JRak9lVUVvbExKOFQvYitvVEZVRUxPdjR1VElXdmc4KzkwRGQzalZ6UEp1UTlaTUFWOFpQeWI5QTJaek1mRTRUOXE4aXRsb25UNkdSZW5WL05GVGlCZUtERkN3UDZmRUE2MnlaQ2xORXpVNDVQZytqMElGQzhwSWpSR1kxVzBRci8wOTNrK2dYZ0VHdmlzZzNZdFlFOVlXaWF5L0FHa1drUy9jR2ZjM0VvWVVhbkxlWVl5djczeFFDSk1EalFNemg5c3BDRmIrYVloOVBqV3p0dXhDR1h0bjdWSmV6clJLdGIvMU9tbFZRODBFTXYyVTB1eEdJN2ZSL1hVb2Y2ekwvOWFLMmFOM2kyeW9qTjArdG5RWDZqNURzVWtnZk5GbGl0RGwzTlVBb2xNU0dEZExYSnNvMkdETW5FK285clkyMlZSNmpNY09GSDVSWGJVdWlCZEhtbm5DV2V1OUJSVnhGQStiZGhJUlJ3TVJWQUUyVUoyVDdmY1lEZ3p0azhJb09XTnlWWGNqYlRLTkQ5dm9DaERkcmtzekZrNDZ3N0cyZTI2c1ZMeVFVaVhhMmcyTENPM0paSzF6UHo3MEFFSWY4b05pRGFYcFhIRXpZMG82eVJwdFp3Qm5QK3UzLzE1VldjU0xMWi94d2x2SDdQUThqV3pPYWVpRHdlWFR0Rm9ydCtFM3QxYW84SlhwdncvSHozdmZxY0pRS29kNzh1QnBVQkhHWTFzQzlVZjd4UEtqNGpmc0dsMFFIQURHUUkxM0hpWjJzZ3d2K0pqYW1ZbW5oTHljWTZPWE1NTU0zcGpROWZDeVVRVzZ4Nk9NYkh1OWZNOFV6VHNxYzYyTTdGeTJRV2QvNTlGeGFadWh4dlhVdnVnZmFPVXVIVk5NbEltMFhXSmhhWUJzT2JLVmh3VXIxWVZpMlM2dzlwMGtLZE5DWXY1ZWRhVkNocUt0REcyb0diZjFsb1l2MlN3cjcyYkVPU1IvZENPUWUzOXVEbXpWbnRGbGdWMldsNFJjTTB6OXI2MmVTRHRBT21iY3lBU2MxYmNZbEVnVk5NMENzblcvcG9XTC9NM1NGdlhUS2hvcCtQbXB5MVQ5UklMMTQ3d011RkdxKzZYZVVzMEZ4TVY3RUx4dExKUlgyZ3BQdjMyUVhPdGlkR1d2Vm1wWk5mODc1UU03VEQ3TmFHRWV1eUlRdk1Ca1hvMVJ1OUFtSUl4VHlTUHZESWFYaksybHBWbWZFVG9XMkFuc0lHdzZSU1V0Nlptb0xubmFsTW9qYzh3aWNUTDlWbXN5cW1BcWdKNkJudzJLZkpqdnBya1p1SzZFL2dnSmh5SVZkdTRnUVd0cVVDQlArSSszRTEyRWRYNmJYa0N0SjBlQ1FQY2x3TkgwZTdLOGdkSkxVTHZlNTlSQm1ZNHE0bHdITnhqK05vUGhBTTRJRC9udXMxblRnbHJRK2hLa3JOS21Ha09nV1NMQUErUHMrWHZiOVlHLzZ0eTJCc2hDSkJqWWozVkhTMThsMlFjV2YxSmVYNmlYakxIbDBKa0JQeVBRRnQvekZsTnRyQ2hHc2llaUVnWU9qRExMSG0rK3U1aFFsK3NGSnA1YVQxQVBUMnBKWVo3MGFZandVUHdrSnVBRjJldDRkdmNKVlpTL2hQSm03TmloUDBzaUM4M1k3aXk1OVFYdW5NMWlJVUdZTHh3MEpxeVFxaHMwZ1h2SU92am5iY2VlejhLTFJ3UGpjTzhPZllIWlk1cmd3TEFBZHNsaDFMQmdIVkUreWpQZFp0ZDF3QmRLaGJ5VzhnS3ZYYjNIY0ZkSzRNNDJ0bmhwbTg1ejlyaWF0U1d1Slh1UitWaDBsQjV0MTVTVkRaSkZ6RzQyMjF0Wko0aHVGNE9TQkc3aFBUbU94K1pyRFRZa0JkNTZqTHhtc0FqSTFoS2E3VTlWeVhyTktXVGRKdmNkalpzZ0RLRGVmcGlmb2kvMlQvT3lCQVZpVExyalk4QzRiOURxZVd3VGdoL2R5Q3NkNTk4ZXdVeE1IRnFXcWRNU0JWNWw0WDZnTlpNWkJPYTh3dEpzR3ozVGdOZzN5UFJRZ3h1cCtXT2VkUm0yeUdGYWd2U05VbHBZSS9tRTlMckdJeTQyeGh4WG04WSsvRWVtU1lTVEtrTFh4cXZ2eVQwdkpSQTVubGFNeUZUQ1dxS0RyUTBZemtselNCZXNzQjdHZ2JmU1RMdEc1QktnNjNOLzJ5VzlLK1h2eGRpVm5Fblo2azBkWE5jUXd6TUlWNzZJUncxMGhibXFYS0xGL01xVDVKTm9lYVNzSDc4d3dENTFyWUIwTkRMb0I1M1dmaHdmMFZ4UVFDeGRLRUFadDBXZ3k0WExXUmZNSjY3SUowL0g4L2ZmVms3NFJYaHh6K25BYlNjYWYyRWJBclVDdTF0VWExSEpZeTVXS3dSZ1R2Y2RXK2UyOGZYM2tNRkE4cCtETzErY2tSQTJiN0hoWW00b3UxaDhYZ1kvOWhObnM2eUNCWmRtbWxhSlJDd1pjUG5BNEo4WnNMRm1FUEwrSlN2ZmtrcStXK1kxOUwyR0dnbkFZMnhPQTMrYjV0OUh4WHVoY2NYL0RCUWJ6NzkxenRpbElHTEZEZkVMYWUrL2hrK0p6WXJoYTgrMEorNnRsMGV3UmphbU5BdDFUNm1RSzJqZ2ZBOWdWN3Z0aGFIQXRSK0JTV2k2TXlUMzNWdnBVTzdoOUh0NEZ4MjFwRnovYzVrbnZDczVJS2dGNTNpRXkzYlZhTXlJTVdrNDhZNFJJVVlVYTQxM2VWdGFtYU1TcGxsUDBHWWNOcVVsdzlBSWUySTZ6eW0zN0xNSmIxV2ZidllKNXdnRjcvcnJjb2Vpd1BHNlowL2d3aDRkSWVUejhzS0RrWCtXNUkwSkNlUnNDTUFOVHRBR3hmVGRvV2dSck5KbGJwS3dBTTRwa3V6VjN2amF5eUxxK2dKWTVEU3BxQUxXQzhzNGN6SHpmQkR0OWlQL2huMUFZUEt6ejc1YVJRRVZTWHJZREtMSHU4cjg1bTM0OUxwbVIxWkdiNjJ0clZFRVMvRHUvMTBHaWhCOHV3V0dNOVJ0ZXh2eWJabFdjb2trTUpHd2RLNjVkbitSOExUUE04UVBCRHF0SjJjZ3NGTHlnZFc2S3plMjVLbXJpVk5ZdndmZm9lbXNacWZVTkFyNmkyaVBQa243S29CbDRaS3U1a2o3ODdXQkk1YXZONDZBY0pFR2RMKzdxeU9xZ2xFclV2OFpNbFV0a2RMQ2FoQ2lOTmNqNDQ3eCt3bHZ2Z01ETUlMeTRUcjZVVml2MEt5YW1za0p5S3daK1JXRjJUczA0Q2RDYm5KY2pNdkhCRE1hMzcyakNpcTFtT0NoS3FxQ3A2L0M2OHArWlVxNVNxTjZFOHNtT2dKRkVnSzRLZldyeUdnZFRLWTdlbXdsT1JsTDFKc2xLM2tKa2g4RTU0VGU4Y3RnaDN4cVBRMGdKUTdjcTJHZDJ4Z0VndGtsaFRBYzJvNFhHMzhTOE9LV1FVZ2c0L0ZBVDZXL0dYNDdwN0ZHNEFRYlBmTGhnUGhndFhubnU2MTY2N0tuUFhuenR6L0NQUUNiTDcrSDZMMUJLQ3ltQTk4MVcyYUwwaVNmQmlyZVAxS2YvbHErZ3ZhN2orRTFBalRrR29VbXhFNzRxc1hmTjYyRXpoNU9uRTVNL0VldmozV2dLczJIUTM3TG1Gc2VzRlRuRDFTOW16RUpaeTVGV3M4dWM0dG1sb1lSNGRKMnU2NXJjRThSUDdaakVzWGsrbTd0YXJ6RTFqVlV1THJWcXJOTFN4S29HcjNuRTh1d3VJdkxjWVpxc1A4Y0NDbUFVd2JNdjNLaXcwQ2xaZnZZV0lwVUtjY3VsYTdIc0hYbWtSY1hhTVo0U3lZbnd5SVFEOFQ1bVA3dTBmWGZtNGQxZktHSTFhWkNPU1RBaWM5QnEzbkZXUDVjM0xPTXgvaWQ4TUd4N1dKVmJnTVJjQVcvZFNUZDBjMFBKREtRdHJQRmEzRUFlYnZFSGZzT3BJT0pSNWxUQncrMk44RTR3N2tXaGFyVFJ2NkVLU3hIazd0NDUzN1R6QTRibE9yeUdlTTM4RnVKdFN2Q1YwUEg0Um1mQmxRa1NybW1kQ1pDd2NIRDMxKzk4ZERMclRLZzFmcDJsTGtRM1dMVzFub01rTnlqTUVmU3BpemJLQjJjNW9yMk1EVlVJd1ZqcXF0R0FaaHcySFlyTUFMZmttaVMxVXA1U2I0RjlaRHFQTlppOTFOK1YyV2xvMHhTeGR6blNTRVFQUm8ralQ3TUQzbzlzbWl4Uk9mMCt0eGNFVnYwRk1QL2d0dVhPSHMwZzRlMllSd2JxbThLTFNpUmxkNU1lei9OWlVYb2puck4wY29GWXo4NDFzZ2JlQlZRUFBZT3ZYNUV0Y1FPYkZHUjM0Z1hadFpaSDBEYlc2c25SZWlidG5qYmZ3MytMazJ2OG5HeDZNcDl1TFZCR2w4d1pCNFlpcGRKVHVrMXF2SERYZUtpa2s2REV4R1N3cms3ZVdEYVI0MDg3elp4alZhN2N6TnExU1IrOEFVd09BS3AwdFVFYUZTT3dMUFhWQjhLbi9CNElieWZwN1Z1ZGk2eXpHMmZYc05OZUU2YWpXY1FKTkdWRExobzYrcUdtZTh5Qk9TTVlhR2lCMTIxdUE4WWhXbTNSVEcrN3paKy9hdDY0RFpPWk5ZWUFjZ3dqRy9TTmRmRWxlZHVXbUZUZ3haMWNaNlk3ZlJhRTQ0M2dlTVhMZE85RGgrQTB2cXc1MUNLU0I3cmh4cGtQUElJT1BoRzRtU0cwbXd4emhxRmorT0VmTERUTnRyTncyM2RvQWdBdVZobFFJMG9TbGNlZmNCWnhnbmlkeHJ4ZFhOWHRKTFh2U0ZJN29GYVNtQVdSTWxsMHI1Vzd6VGNYYmJycmpMUUVHSFNwN2F4S2VFZW5HalJkSW1TZWg3b0VQUDBZN3ovaDl1S0NsendiZFJrN3dWTGNmVW0yUzBFVkFyWGVua0ZqR0xJbHhoZTIvQVVHb2ltam1PakwzcjdrUTZIbE1mUGdUam1zQno2SmxYUHBjdVkzTWpwbEo4dG9hamJvOE9DTCt4N2Y4L2trZllxdkdINFZ2RVBTaWNkcnNZeW00a21OYW5hNmo2RkxYdkVYZGNLd1JOUDJ4d1g2cFlocVFFampHUWxQaTJBdVh2aHVXcEFvUWtoNG5SQ0pVUHk3SktKcWVaYUE4TUh6ZjlaSHN1cUo4WXQ5dU5ITCtEL3Z0RnFuWnJaT2VGV0lYeUxvcDNmb1ppRlM1VXBJY2JVNE9VdlB1U0RQZ2JBZ0dMT0RRNjFhcmlYemM4RE1jY09xaFl2WkV2L1ZzUk5sUW9HRjRNVXdLZFptNlpsaldGTUE3NW9TUWlVckNGaWRPMUk0eERqd1JrVkVXYkIzRUtRVjRsWHRRdi9sSmM4U2htdDZuQWhBN1RIditMSnVwa3JDWjZrODRsZHFJWWo2TkV4UzE3c2VqSTRxVTVrZjZJVnFaZTJYT3V4UW83Q2tIbkhsVTNhL0dSZitWVU9rZWVUZ1dlZ3cvV0tKSndqSDBrOThsNXk4ZE9EYUpWMWNtbXFNZEp0OFEwVm1oUDdQWStHZjQrZDhyQXhnSEtZNjBNcGJxZzUrWE1RS3FyRmhZcVZNcVhOV3BCUWRLa042V1F1ZkhGL3kwQjhYNG95Sjh4U0YwaTdWUnB1SEhlUTZsdFFGSjJKZjB6NEJvTytiVy9PRDRjbWZqZHlISnpiTHVKZGFjUmprMXFqcy9vZ1dQdVh0dzIyREpqdlE9PTo6YmenkedpjpxE6U5I13h1rw==', '2018-11-27 23:50:08', '2019-01-08 07:55:59', 1),
(3, 27, 2, NULL, '2018-11-28 01:03:21', '2019-01-05 12:31:50', 1),
(4, 27, 6, NULL, '2018-11-28 01:03:51', '2019-01-05 12:31:50', 1),
(5, 42, 2, 'cWV1WHJOdXFydEZYZU5FaGl6Z1NObXRpRDRQRndTYU1YQlhPMGFEYStEaHV5U0tpTXB6ODI5bVo0cFFhMjBPcjFLWmJ6OE9KVklGUnZ1OGEzSTMzcjQ1bjBGVG9JaHRLbmJrZndSR0lNblNsWGRVd2JHTjJTS2pHeEpEMXp2NndkNFVlbVRseWJ3YW0yM1VGcGN6QUVRbzN0TTlFZXRNb2FucFplY0pNbStpckFkbUR0TjZnNllGd2F0SGVmMElMaWJRSGxqcWpiZ1E3SnZMNDN1VzRhMVlleE5KUzNRRWlQS2kwRVp4anlZK2RDUjRZVUdiRXRvQzNmVDhMVjdteWtuT3YreTgvQTl4YWkrVTJ4TVJUeHNVNVVsM2hIOFVLT3JoNzl4QkQxQk4rQ0YvT1lrZ2RodmpxNGVOUTQwZ013S3ppUVV1RnlhbWtXR2FDZ2s5aE1xdGRVOExnZEZUMXVTNkNoWHVHd0pLTGQ0K2pld0xtRDNPb2pHK3RaM0RYWkxxbU1UbWh5VFFQWGhYdXYrYkNJeU1RZTgwSnYvcFhWR3Z3ZU5tUm4yMUFCU1FrVktpRTdreGpWMHIzMStmcDZscGxhak5aN2V2dHVzR3phTXNDZmZ4T2puQmtObkp5Mzhkbmw0R1RtQ21OazhGWXFPaUkyYkh5NmJYazdjN3VQS3NjQWVPMjRmM0lEOVpxL1N0c0FKaVNOT1BZSU5NK0FGaDFLK3JSK1R1L3NnTDJBSFQ4cGZaM1FvdjM4dS9hb3gxbzEyb1hCaHVVcmNkU25FdVNYUTg3Y1ZidEY4dFp4NG05dlh6OXZCWW5BMmNhZmx4VGpRQ0hPWXljWVZEaXMxdG80S2ZmSzRzdWNPbzA3bW5ZWjVLZ1VXQURBMDUzSkhMSmhTVlBUbmk0TVVqRDR2Z0Z0b2Y0OUljSXkzQ3dmMTdIZkJsRTNvWWlSQVR5TlA4d2R5RU1MS1NHNGlpaUFCOWs3bmRpeWJvU21XWmY5NWQ2Nm1UV3QxTWc5ak1WMFNYSk1CcDNqU3JwZ0NhYlo0Z2lQS2xySTFHSGJuRmoyajRTOVVxL0FYRHRyZ3RSbklmWmErY1I1dXgxR0dMR3dOZ1d3cm9nUUxWd3I5TktKYWpXQnl3V3g1Q2RyY1FMcGcvckNINUE5UnZrRE1sWEZiR25RRXUwRXp6WkdJY2p1QUVnVm9lQ3N2UnJ1TFhrYkFRanliM1czemRic1A0Rml6cUJXWXV5QVlsblNTaHNVV2JPazF2YjE4ZWNoVHVFUGUyRkFZNnBFT0U0NkNEQkRjUHQ0R1Jwc0hOOUlGME9peFVCY2VQMy9RZmJ3K0Qyc0V1UE9WMmJFcFo1MFRGam5LcTUwbDFJQVUwTlhLS21ySGhPMkZYWmo4RnBzOUdFakFwWENzK1RkL3dGTHFCWm8wUCtzYlJHdUJrTlppOFlJbEg1RmxUSzZMRjFJQ0orc1I4SkdkckhIL1lmRDlvRHRhQ21aeGFvTVVEbzczNnJsQjNYNnZtY3BLdmU4U3FhbloxV1FjRGpsemhMZUsxSHZYMkxlZk1BbXE2a04yV0VWdzBrVHFyRTFaSlNwaFJWeHp2eE1oY3BKY3paai9KemVWVDcxTXFETGRpZVlIWUFWRXAraHJ1Rm9lejZ6bHJPNHpoRzZuRGhwcWhtWko4ZkVhZVdMb3paUlQyaU9kbytvaDFlblZZVGJ6c3lHU3Y4eW52NXV5a2hnbkw3dXo4ZjRwYmF4ekMzV1phTElwTHoyZjM4NU1PUVdialNSVE9tUWlvdXYzVDlUT3EzZlljWHB4bklRQVlnTTBKWE40WHFGSjd5Umsxd2pNNG9qVHRQSmFqRzNBY00vaVFOenBNS0FabzBscUZFMzA4UUluZ3JwdmpGaUJzUlZHc3UvSU8ycjR4OG1sc29vRTdpYmtjL0JQNXhMT1lyNFgycExtbFltY3FqSStKbUMzTWZGeGozN3hSelhScmYyUjM5bExwVy9saUhzeVY1bnpWN0pNUExySVBRR2tOK2ZEaGMzaUZtZXNJbjd3MVh4aHdkWVRjTnlSbE1MK29uVGpRaGhQTDJWbGRNdEVwdHdVdHc1MnZvNDB3ZS9Od1pKSnR0ck96RHVaS0VvbDB6dUg5Vit6aXczemhLMWRUOW14dmpZN1NOb1dxZFVnNDNzbmVNV0RSbFZRNDh1ckxQOW9pN1ZmTnVaeVpPd0lNNEhURU9ZNk83ZVNnNEYrSmlHTkFyd0grZW5aMkMyQ2ViTU9COGwrcGFFQzM1azlZakszUHNHUmtNajE1UlJQY2ppR09DZGl0Z2IxRG9rY3RTS2cybzJYbFduR3JUcC9oOHR5NEJ6M3Z2c0xodFFHOWxuSm41YUtPdVFMT1hTc212OHVvZ1J5ZVdYajJMMGN1VTVZeWxqcHV6N3RrcC9lR0FMeDJJTEZRSlhNVjEyZ0dMNlQycWppSU5NbzBiSnMyZGNObFpUR01CdkhrekxaNE13UnVCNmhwNU1idXZLZkFMZmVxN2xsR1FjcUZyT1dBaFlXejBmZUVOSDYxUGJNa2k5WXl6dVBBWFA0SXZOSzBSaXpQL3RUQTdVdUNPVG9VdHZkQzQxUURsNXNFYnZGY3U3RmtadlZ5d1pUM3REMlVxSFBjZWwzYU5Jb1VQZnJmaXdmTzhsN2d2UmNidTJCUmhrNHF2TUJESXg5N1Vyc2xEOWZaR3lTVHgwdUVkOW1EcjJvVjZEQTVnZysxWGo2ekp2QUJIT3R1cm5HZ2lOUVRBZVdrY0gxVGRmY0FwcE8vazJiNXUvUVl4MWZQTVFsWTRvemxLYWZGZjBmV0plTzNyT1JCRmZQSjNhT2krNUlSeWJzb3NLcFBaZ29GODdYaU1XdWZsbHZjV3RwbFBNYWdWYXd5blFzbzlWMktYL0tuUnNPeU82VWdUUERib0pMdVVYZ0x2RmJQdmYxUmVJVjZoN25IYVR1MlovbS9aNTJRZS9JVXNhcTArSXppTmNqNDk2YlpBU0xpdE5qL25UR3ZJaDhnUXRWcWdwS294S2FxKzdENUVscXVvMTZxQkFqYXhQUi9CMlpUQllGd0I1Wi9zT2lBZkZ6bXNiTnFOeWhPclAvbDZ6Q0l3dEZZeGJkM1c1S05HRjk0bVZEb1BEdTYxeGlrQnY1OWs2ZzJQZUU0NGlIbzFTK0xJUXhQZ2hrUkpBdy9iWUVBU1VEb2ZDV3FjZXE1aWxzdnFDOWExcklXQ2xUQzNMY1lKZGtUa2pMcDZlYTVSbHg0NjR2Z1lQTksxa1FpamdjRnF6cThRN1ZJeHd2bWk2c21NSTBzVE5LdElOQUswZ1dhNkRpYTlWYkJ5S2x1TU9hUHlGVURQZmZlL1ZoT2VwWThQaFVsOE50bDlkYXo2MjE0UnhsVWp5Skc3UHFkZTh1ZVF4aEpnOG9uWERHRGprRjNTSmVtVHlhL0JSM0NzUUxBWHd5Wkw3WklDSmUvbzZUMXp5VUdzU3FFK1NDbGJjUEwrSU1XV0s0dkVkS1VSSmpSa2gwcVF5TGxlblo5bVRMZWJjd3ZoWTMrSGUxTVlUN2hYbmZXUWtPbnhrbXpSazNzb252TG5LTVZvdU9HZ1B3NHlsWDVKSEFLNFBTUnJjSmY0M0FlTitueUdoU2YzeUFMeXovb0w5SE80Vmhoai8zQTNuYjRJTkErZkdTWjJJd0VFZmdWNXpTL2VKdnBzcVB3ODBwNktENE1SNlR6RE9qMUYwTUlCR0JIeW1UUjQxazVUK2tJWERHY0Z3dXplZmZXbVhGNllCeTZOZWJBVVNMR2dkMEl2UGlQRzJBZEpqM1NsenpQbFZSUklaZ1ZhSWhCOTdiUXJUSlJjNXhPYnVpRFJvVFNSb2dLY0R5MkRMeFJPM2xGem1pRlU2azQxbnRqNE4vZXBqMVBaKzhLZERUTFZXcXRLNnhBakFmcGZrZVJldENmUW5DOWxrNmJPSFVUckQ1eVZCYS9MU1JhOU16S3RTRlFQYzM3ZjFXU0E0S08yUWlJeHFKTVV2QTJjWUh0bnY0MWVXMmQvR09lblhlekhrZjMwU0hVR3BNanU5SW1MNmE5bEsrTmFBMVJDc21OS1F0RzlaSXJzVlNpMWRMMXA2dllSTWtUV3lQQmZCRmFxQ3pkQk1aQUtlTTVqV2xtcDlIUGZlQ0ZuQ3Vsczg1YkpyMzBpWC9oc29zR0lxcFRqN2FBcGpwb1MxVEx1K3hhc1FNY0NpOTdjZWdkV0dYZkV1MFpNdS9vSFVJT2RhcnN1QThEVnhxK1dCRDFIV2hCQVVDN1BtYStFK0tqWlNXR3Rrd2tIdGxVYWJzNjZnQVhlcmZ3cnEvL2NFQVRrQ0hYc3E3Qk5PYUx5Yjg5dHBkNW4xa0s3SUptM1R3ejgxWFNKbjIwMnV6aGJUb1hJWWJOdEJqVERrTW1rcGEwQklPRkNaWCtEb3A4M2FWcEtLS1AvZ2lKLzNwWWlhdkZBTStIYWdETzJVTUE5RkpDcmh3YlA3NHFzWFpsb1lITDZwRGFwOW55SmFER284M1lRZVFrYTA2b0twZDdMeVFaVXIzMGJoMURWYS81TWg3bUk0MTlkL0h0ZTdGWlVDS0dyc0VjVWtwQTkrQzUyNnJMT2RGNzA1ajJzUktFTnVZb29Da1NOY2FGSVB3TjN3bEEzd1MydUQyNXFlQnR5NlBjeitQT0VFcjFNcXFmTW5qeG1kSXBTNjFaQSt6T1NNamtmNUkvRGVWS0wvaHhrNlRPcGpyV2haV3V1VUlGZTZpcm9qNDNGeE12eWxURjVsQkhWRkJuaG5OdGlJZGYvL2dRVjVHZjgxS0NUZzdwZzdPWkpnT2p4S0NlVTNQdkNjYWgxVHNnLzhHTVpGQU5CcHVqaTh5aGR6SmZjbCs0WUd5WDd4eW40UzQ1U24zd3N3M1g2R0oyalBFR01mc21KR3psSXFGVkh6blJENXRSQ1lPL2Q2eDdSZmd6Qk5RaTNtdFZrWjBNdGc2ZG1LelFhaGNZbzRjU2EyVGNFbWFHQk1JSmpDT2RhMVA2TFQ1WkFZdFRwdmVRdVVMZ1R0Z2FFaUI0ZE1pY05pbFZUS2s2Rk12MVVxR1hqcWtFc1VSQ0lrcmJpZ2ZFRjloZmc3NDFGZTVQSjdRdk82VGtzQ2dWU3JTWnRIK1NMVXAxd1phRy9LM1I3bUl2YWU4cEUzVC9GeXRUVkh2T3lDQnBsN0JXcHNWRklObWcxU3FkRzVFNW1tdHNhR2ZHaVhCbUhLeDk1Rm5RVXVXTVVkQ0hKRDFFYW4yNmhFcnVYV1BscWpHR05QN3laNWIwTUZGRC91QnlrTE50NlFDRExyRkR2RXdMa0JtWmszYnRxTHhTcDhyWk00a2JmRHdNbjduRFVZdUFSYmJrb1lWamV1WGI1cFV5Q1dwSGJoL2V4MHRoRTdTQ3U5ZFcxejVTTHBobjB3RXl4bC9qWktyQWZyeCthTEFIUDZnVWQwTXhSajJBVFlzWG5XOGJSMllDRWNUY3dSL0R3Z1gzeVlXTlFWRUcxRXNDUUpTMmUrY2dNREUxVkwrd1ZabXJibW1XVUF3WjBjY3VBUnpTMDY1YXQ5MTVOaDBhd2hBR2RrUUxnMGVVaGUvVGxJcHdZQ04rTGhsazluYnNobUFibEV4VmQ3T05HaG1YcjJnY253MmpFZFlxb3JIRzI1TFhMdzZRV3Z2N3ZIRWhHM0ZYbkNRbHlLR0NqSTEzWEk5U091NVNBN2NYYWgrSnBkbU1PZmYzdk9UMTFENDFDd3Y2N1VxZFQxWXZFWWkrVUtuQ2hXd2NpMVJ4ZEpEZHVEM21uaDZRa0dEWjNCcXFub1BMTGxrelVuRSsyRnhqWGQ1WDZGSzNoUWRGMzJnVDVMRVZQS0xlMFBFSUN5V29POHladHYvRWpTYlRnMHUrRU5tMGdLS3ZLNG5PMHg1OU1kUk1qUkdVcmJPQUg3bmx4aFArazJOdUNnLzd0U2NEejhEdGJsNWxrSFg2RjNTcmFIQ1BJV25XVVRwVUxCdDRyQXc1bG1qRzQ1eU81NGtDVW05UHY5d1dZQXBUOGxxNlJrUklWMkJtMzBkWndSeDVTMUhicFZyMEFXRGIxVmF2NnVtcVR5V3F4a3BucmZ2MWFHWEo5SEQvQmRLYklDTEZKcXVjMW40RnpuWnBOcjhkWnRzNDAxd3F4MWo4c2hCd2Y1V2hPR29JSjdjbGR2QnpaYjJ2ZXd3NzNXWit5Q0NuZCtZMWtrWFk4MmEzd2RzanY3UEZKTkl4Sk16OW02bGlxSGpGenJmVFl2WTZOVGJ1U013MnZlaUZsdlk0eVljWDJkeWVsVXRKc3orb3FBUGM4bFVjQ1p3V1p6U2tsVzEzZGxDandzUHBrZjVjOUFPWWNETVhmK1kvY25RL2orVU5xVGZBZG9Veld1WGk0SnVpQWVqQU41TytyOXZRa1g1K2RId0V5NVhyQVdzRFBxbExSaE1WZ1kwSlFjTmx6WkNWMzYzSlNaSDd4UGdvSjRpcEkrQ3drcFBURWQ4ZlpzNlh5Q2VBU2NhYVZhSXFCMXNNZEl0VGptdWt3ek44ams2b1QwWFlMTVpwS2xKeUtiZFBpaTBQTm9HQVNONUIxekpCSUU4d3Q1Ymt3akIyczl0Rm9PQWMxTlczL05PWGNydk1rR25Na2U1QUxsblRjZmNMMDcvdnkwMEdrTjdJVjE1MlRWZVFRZ285anZQTk5zWkFqTk9ScDBRbVNlNTBYb1l4WVU5citabEFFU2x5b1Q2ZkQvaURCbUZIQWh6R21IdTRJL0RCUTlNb0JSUlVvUmhGZFB5S3QyUmFrWGlXc2J0cWhtcG1seXFqRDR2Wm5Ta3JQSTVPK2tyQ3FYNFh6Q29pRW52dEZIcUNBQ21KVWlVQ3BDdVhTVjFiZEdDa1AzaEhEWERWODNyOWp3MmJyWUtwVUN4dm5kV29oVW1QZFJSTXQrb1JMd3dDOE5oOWFUQWVGUVV6bW9SU29DK1dMOUQ1YUE2ckl5b3hUK1RCWSt2V1ZNU0hGajVIMkVxVWNncEx5S2JWWUVYK3VWOU1wQUpBL3lEeHBmSXBiaXBlUFQvZnNadjF6bzdrczhCc01kRjJkM0tQVWRzYUdDT2dxNVlLMVZ5blZRR0pSVzV1ZHo5VmY5b3V5aU9tdks0RjU4TUFSNE1Id2tmeHpUMlpBSVgvTDdlRVgrZlJxdXVmejRlaGZHdkIvTHJydDIwRVZIckxNZGFiRGQyUFVrVmJLbEp5SXgvazhlTlhwdnM5RVRpQ3M1YnpYNDBXME9tdGIxUFAvSmhSTFNHcGtwZUZhajZ0S043L2JSOUVxbWVBQXJRdHpQL2dyMjZUSlVJNlJhaStDVWx5c0N2NXhMeGdzNEJWVHliaTlRM3daczhKQ2JZV0ZhanZDRVRiMzZrMjRQcFVhT0Vibm1hNWlYSmRqUGFSK0xqZURZRDBwSmFNY0R0WUdlQ3NkMFJBTW5aZzVBZEdWOXNQYUVnRW4wL3ZuRXh0L3dXUW4zbVdjZ0tlanlzb3lsakF4eUV0SjZ5bFZtWXdmN3F6WjVSVW1yOUVkVUlJWXRXWUpvS0dZYjlXdkJLWDBmb1BIMkxPNkZJVzlMMHU1ejQxRU01RFFWaEVSalNCTTJidS9aT3g3cVJrQkg1QUVwQmMzbm1zcHJrUk5kdXp4MkVKR2gwSHNKSEh3dzFhbTJWc0FLOXhEeFpFMG5Mc1lZL1JQUE5qQ1NabkpadENTbnNwOXJTMkVRRE9ZMm9zOW5meGo3bjZZOXN4bUdiVjY0eVo5dlhkaXZEaXN1b09IOTZYQURyRDg1VU56bnFhWEZKUFdqaEk0SXpXOVh2Vk9SQjJpZWxJMmxHa0hVZm1TcTdlTUtOVlFOL3VtUGJkNGlqMFFYR3JiK3ZQcnZDM2Iya084ZGVpRWU5dm15clBjZ3l3Q093enhBVjd4MnZ2M0h2U2VkY0Ftb0tGS2grdjlNMFB1OW8zOFFXTDNjbVNPSUlMMW40bHlMOXVmUE5lQndsMkxvSnhnTHVUNzdqakNxbnJPQXM5aXdERXJNMXJ3aVBsQS81Zm04RytDbjFQRWZsTm9CZ21Ea2FSckF5VExYL0dpejBoUDhSQkdraTFBT1ZBbXN1RGMvckh2eEVnM0ZrSXQ1VnNJZlpkWGJQZDVMbHp4WUVXVjJRUmhlYSt5T0ZmRjdPK0N5ZFdIa1ZwOVhhSnJkckN1bWpOT0JrVVJCVFVWN1dETVpzUmFpdG9ENnNMVFcrcVprTVZDU2tZQ0JXNzVvemR2aG15MkxFOFh3L2MxUXIyM2E2dWtlNUlQc0lkcXY5MEVJK0xkTlBsUGJPN3ZKbFNHL3V4WGV6M3ZpVDFoZ1lXcnJ4RGptNTk5MjIzQjlVZlEzSldFcEF0b0MzSFNBc2gxRTRyUlVjSEViaXEvYU5FTjZ1eU9BVEFWUllvMGJ6TXd6bmFoREVDL0U2SmZic2p1K1J5U3ZGYnRjUjVaY1F1VXE1QmxJZUV0WmhnMXdFb0JjRWgvQlpDVUNZZ2JoU3VSUk9UY2pqUGw4ekUvVWYwcDluTkNiTnJNSUhMWjVRc0REZ0t6WFNtSXh5OVZLNWJiVTZlZVFNbzhRU01rZ3FZNXdEb0U5NUhrSHduNzBMNlF4eVBFVEZ4TWpzMFR2eXltVk0vTFFNQWp0ZVBsc2VLSnpiZ1labVFoMVVPUSt2OVBFT0xWdUVVMkthbGdwTUU0SDlMeEpTWUtyZ1RXNEVIbG5rUGhKSUY2bEVQYzBYTDdjd3krZ0VLbUxmeEh2K3I3V1dCNnlENGxJV01FOVhtd0h6NkEwYXc1d1g4NEFLd3VTQ0kvZURCV1VPUmhGek1OZG5NZHZwMjNOb0J2TjRhcnNXazJzbitsVVBOeGFMd0lRd1diNXlsTWtURjJlTHdpTW04S2w4NzVqeGQ4U2QwK3gvKzM3S3pQdjJZZU85ZVhLOGZtTkpScG16UGp5VExCQzRET1IxM00yb2VpR242UldlNjZ6dXBaaDNkc3FhZjg3U3FuRE5DbFQ3dnVwa0NSaS9MeGZFVUVwS2hIV3dvT2RFNHNremZ3ajdZSmpOVTE0K3UxYU1KaHhTK3VlN3NSYXF5aVQ2ZWFsdnhxa2w4U0xOQlE5NUlMTGljQVJRbFpuTEFJWUZKUnMxczZFWlQ4OUsraGFYV3JGUnljT1N5SWpMUmphM2JNNVo2akNJdzNvU09mbXF0bm9JNkNPcTd1c2hOeDQwL095TjIzaE1Uc0txcDVKYlZmdi9tV1Uwak1YTG4xZFVtSFpjbkJpODdZMW5oY0t3aXV3dlhKVVVSb3RZRW5qeEVPZGNVQit1Znc5Z0cyeURDTUx2V3cwOG9ZMFdTc3NhZnRvaDJKT2JSemhpZjdRRFVldkNrd3pFWjNqVi9NY25HNHRMM0NPY0Izb3ByYm1ueHNxUGx6WkN1eGIyMFdzWncrNTA2Um1TZ2lBT2hrMU1OaktJUUZIbVhBTjQ5cEJlQWRoYnBDZ011RXdKcjhMbC9GUUQvUlhZVTcwK3EwSCtCWnpoNW9YUjlRK3ltMVhSRTg1UFhSR1M1RHhydWd5dHo5alpyVEszSm55Y1F2a1MyMEo2WUQ5SnJDVVdMZ2U1VWV4TlZVQ0VHNWpTS243RDNWM3pNWENKb3JuNXhZSk9FNnpoejBqNFpRQ2RYYXdmeUpwQ2NkYnU4d1VTZ25BL0lRZlNuMUNuSHlCcHpjU2kyT1BBaVlQM09Xa2RFZm5BWDhqT1BMMmFxRVlGL3o1SGdBdytXN0hIMmQ4dzNwWEhEbkVXSEpOZUxhSmxRZ0NINUEzZTZFTGpHSnZHSUFERE1CVjNkMVM2RUx4V3VLRmxBRjdyM1lmSmoxYVJzQlhsWWQ0VVkyeVZDdDkzb01lbThDSjEwZ3Z1bHI1RTU5UHVuZzFCWW12S3NSaDVzVFllcmZsMmk4bjNhU1VyODE5bUlEdjh1enBMd1NyMGZmWFk0ZnlNVmNDWGdMYlM5a255dlZRdy82S1BEVTVOb2twWS9HRDkxVDBZNWJ3angxb0RHZ3gxR0ZCOW5qa2g2eGw0eGd1aVhLaDEray9uMFM4ak1EazArcENCZUc0ZXJ4c2VVUVpZcGVWa3h3aVJnRUY5NVZUWVVtY0tlTko0MXpTMUpEaGcxNFFjcW1PMEk0OHIvQjVvN0cvWEcyTmZnZFYrVFlQS3Aza1NneEEvTnpZTzlPdXVQUmlkVWprZGZpSEZuY1dUVWhNY1U2dmhEblBXNXp0dVB1aUJncmhiR2Y4TUtLbU1ESmpReW9VbGlkTnhxRW9aeTlFWGlmclRPQ3F6c1JiVXg0Vzg5T3dKZ2FNbzhRc2Z1OC9YTkZ4SlJSNWFJaHpZNUowQkxpMEhpOHovZmdHaStWZ2JJSk4xc0h0SXFwTlVZdHZPZmlKdUhMOUJBcXJQR08rdHJScllHYUlaMllJTUtCYW1mUzJPWFVzTVBhLzEvV2RJbUJQdHMzNEFLd21sdnpNQnBKVGE4WHMxdnR0L0FPNUpmMnRrUlVGOGNIQlFhMXV2WUNJZC9qVmdVN2REWEMrMlN3eE1VdkhabG8wRkVpSGNVUWRTQVdZTWNsUENKVHhnWDFFUGRSMkp5anNVLzdZRW9CZGo3YmdjQk1qZ0o1U3M1cUs0RTEvZ1ptNWU1OTZkaUYwN1U3NzdWVTlYczVXMWVxYXZsaU9lbW1FS01TTWRZYXQ3NzVRbG14NGMzWVRmQmw4YURSR2tORjZqdk1LeE11eHNwamFGTllKdzA5cWFTN1R6SzRXNS9TMm9BTDdSUFBuKzI2bGoxSmordjNVZnNmeVBKWHpKNm40UjlmWFFzaDVxb044cDNtZHdpZmhGZnRtL1UyVW1ZdllzaUU2VnMzRjI4SGw1RlB1MHRDbHVaQm1abWtNM05YRDNUR1RJeko4Ynd3Zmdmb1RybEZ1dDFudEJTQXR3dHRKdllHdDNpZitJZHhlWFhxMU81QVZxZTJ1NkxEelZ6K3JqOVNjVDdadmtPU1FMN3JwTFBRSm02VXZza3h6R1hMTHBFWk1tcEszbXp3NnRZL2NKaXlXNjJqSVFKTWpLT0ttaUR3dVNFK256Z05HOEVDbzE3ei9UYVZXZFlBT3paOGgrVmFDMTJ4bnMvVEVmSW5kQklsSUZCSXByZnZTaFFWVUZkbmNlQmxybmUwL2F4T3o0djV4Rk8wMkJDU1dQYkV0ZWsxMnVFT2N5STNmazJIT2NpVTdLTTFoYkdLcElxQUZSMUJHbzF1N0NGM2Nocitma2s5Q1dRSHhCaWd6VHdrTFhTcnNlb0Z3QUQybzRydjUwc0ZETVVqeHlYeWtkSThZV1ZjK1BxaktEWEFjMDVkTWRpV2N0WGFIWW5LL1lxYTFLdXcwZzNJUCtyR2xWZGxWb3E1blFoUThtUm1oV0lmKzVVWCt2RUNPTXowYzhlU29LSVE3ZXdrRFRndzRVMkQreUovemx4WHV0SGtsb0JVRHB6WlVKV1ZOWjl0UXl5aTN2YTlNVktiYkNBcEEwemtscVBXdWdyTmpiYTVJSHc1Q0thWm83ckJETmNuMld5azVyU2tpMUdpUjZLRjUzMTViQnZxa3hwZitwdHBUVTNHb1lOLzJKL0E2WTcvV3FZOUNIbjIwQ21lNU1wSW1CN3ZVcnc4bXJJeWtCVjdEUEltMlArODZ5ZGJkWXlyMmQrZk9NdUF3Ylhxa2VlRElUZFlaOGc4R0lVV200TVMzUkVyenI0cG5pZ1pnSkhwTGpmdVZudCs5WXRJYmFHd0FxbWhWVE80TFU0ZS9yMzVOQVNhS2VNOEZYd1pFK2JLU2NoQit5RjJhRzc2YTA4RmZoUDhuTitGVkFxakZEcmJld1BIUlRHczczZnEzMGJFZDlLRFVkeGhUNzBNUkh5b0kwK09MN0pqY1RMaFdDa0pEYUpMdG1WbW95M05EVmlqalMrd1UySFB6OXFGMHhKekhQRXBEeExXRUQyckhJVDIwdEJvbFNXaVZLVXJyemRVL0s3YVhjK2tMTC8wNjNQcDdYaEdQMGZlaXZrL21jZXAvbnJHZ0pVbnFQZVltSG0zeDNwbmxQZWVuTGUwekVlckhXL3czc1kreU9kc3h2SEh3cDZYS1RwcmNUVGkzOWtWanBKYjZ2L2JFVG5LdlRQbkdLTHhrb0MyUUVqZDlEN2NKdVp3Tjl1VHIrNitSdWZYbER5aTgzU0dYRk03S3Nsb3I2RU5qQ3BlMm5MdHduUUlkWHNyamk3Zmg5N0F0QzhlYW9QWE14TlhYNElEcGdVUWZCYWQzZ2JKR2JBR1FRVUNaWXBKeUVVUWtNdCtUWHF2WFVNdEtONmJCbWwzOWducnFXcGgyby9URjVvUU90SDBTamhGQ2N2blFOeVdnTmo4d2dTQTdZRERpQUZkS3ZCQ2pZTG5jV1J2MGp1QmZtRXgwMkNGUnRoYm1WdTV3SGdjd1BnZTdkSGNiSE5DTi9YckZ3REZ2aWlFazgyQXQwamZDcXVvTElYUm53RU1HUzExMWNjR0ZHRzl0MjZpSWllb2w4c0p4ZmdvZS9UbXZCaTRLN3pzRzBBWDVMek9VbHlqWTQ0R25rN0djRGdYYXlWTkEva0d2aG83UEQxU0U1MXM1aWRSd1ZMWjk0Wm5tRlJOcXUvUThoU2xuVDBOQnZzZElWTkdtZTh5VGJURytCaTlweUxPUHVRRVRBZFZaMWZtdWRRbjA2MlZtTzNuSWpjRG14MFZCOWlPWEdiTWdOaFdtZUNhbXVlSmE1S0hxWlNOaTE0SDVnaGEyNVdjdFA1bHdlVmF1MnpWbjlNQUJIN1ZFdEd1eXRBNEtnaCt3UFRKU1Ftd25FZTZrNHN3dUxVYmc4M0NUMjZTellGUXJFTVdDbkE2QlF6Y050Vzl1L3RQYng5U1lZZGxjWndMMm00RmE4VGwwRmpCZ25Bb2xBeFNzZ3dOTnpQQkZsMUhCb04yTkhHeWIxRzRrMTJGU0xuRDA2Z2FBQkpUOTk2dCtsa25yejFaYldDSHdlTWlCSW5WaUFoU1hFaGhJVURZSjlHS3YyWmZjb2xQcjJkZm40L1RQNExKM1ZFeCt2OFEwNlpTd1NyL3pmZHFrYVVDa0ZBbVdBaG1WR2FkREJnRXFUczNYbHB3VEc0ZXlPdnhGa0xFL1NzY0NWa2pxSE9jSDNTVlN4dmN1WU4reE9NWGtJRHhFZnpMUGRVcXI0L1N2WGk1YTRCUnp3cWVzdlhTUDd6Mjg0RGpwdTZHQ0Y3M2djQ091REt2aHUrSFpKUEd6aXFmWDN0TlNQMGdwR1Y4YXlHTUY2L3h4c3ZkdnlINFdGRW42Y2NUajFIN0hLcEVLVm5nZ3dHcnBDakhYd0ZsTFlpeEQ5QzNQYWh0cW1jZTZzOW1FWXdyMjBaNkFZSm4rRDVVb3RUMndIZ0d2T1Y5RUdZbEZTdEczR2ppWjc4VEJyemlBRHNjVHE3WldGWTd0VG1zQ2NPSjJWT1FWZ09tYkhwQ0NPMUtUdVpSc1FKVTlEblhucWFyM1dDc25pSkRSa3VhRUc4VVJ5RDl5bDRRWDZ2bVRKL0lOeHowSDFTMzAxcGxHRlQ1dUx2dzJEUytJc1M5YTFYNUFycC8zWEp5Y0NHa2p2NWFFbFI4OEp3ZDdkV2xWZ081aTI0cW1IR0lkWTVOL3lTSXlibUgwYXJxdG1Ta3ZJVktveE1vVE9yOXlpc2UrZ0FRRWtySkd0cUxCUE9KZXE2Z0VWUW0rZ29IVWZKR3plN0F4bU5NVkJXSWJZcDBZaDNVa09FRHk5a1V4SUVPUjNpaGppUEhlRWp1VWo1dTB4enlVK2UzRXM0RUVmUTJGdXR6VDA4OE9Qek05RVBoc2o1TmlneG9ObHBmUXBRWUd6c2MwM2E1b1dVbno5cWJlZDVrellQa2c0YlpmQlVURllvMDQwdFpoVW1iekJNd05RN2V5RjVXbXVFY2NZejhmdkM0d3luWkh2c1ZPRHVVb1VBL3Q4UVJCRUtRYnF6QjMvWHBTcVhQcFV6cE5xWHBMRURyTVpzU3JCL3A1TGFTTm8xbzdzK0NqL21IRXFsL0d5VmRtdmk4dzBWN2VXT090V1lkSTRCK3ZlMkE1OXZnOVhPVjlibU5XdzJZNEhpU1NucURMTDI4Ymo5UVBRQW9JSzZQZDlEQ2R3OWZhSEdydEI0N3k4WVlJbWo0bFlPWGtJcEppdHNISWFncWp6cisvNmI1cTExSFZmUW9TcmZEM3RHOWxxa1lHdFpjdG52MGdDYmk3TDd2bitsR09PZUlLeFBhcFNtUTlBdzB2dW5mUDB5dDFwUzBvTlpWcUlHazhjQ0haRlFwN3hWa1dBZG12S1FHYnZNRG9pNlRoVUJSV0hqT3NYN24zTlhFNTFBV1FxSWpBUEVmK1FxZFl5QzJiSkY3dlozVEpNbkxnUEJmN0ZKRlBxaHlIQ1l2aDNJb2NCajZRYW9MV2tnZnE5WkJZdnhUb2Q0QU9qb3poamxBODFqQXV3MFd1T0p1V2xIcWphT29QK09pMUpnZzNQOG9pOFdtd3lJTXdSb3dzOFBXTktpVHUvSTRqcWFCQ250N05hKzJKMTVwVU5FNkdKM3pmM0NraHRjbk52bTdGWmQ4NWhsNlV2MnJSYnJ4UFR2STl0eG5EU1EvUktmZzB4WDhXUVBNU2ppNStJbUd0UzFmQ0hibWdzZUZRcjFrYWVYTkN4YXQ5bDUyZUUySExxTnI0WVYxZUtTQmlxb0dtVGtBOFhVRDlLY1pwakErVEh0NmtXZ2ZjL0QvMlJmRCt6c2hXdExHVnQwM1Q5a0ZpY2lpQnZzU29GbU9RcVFub0ppek44YktVZzFQa2F0ay9RelpDZ0Q0MlRrcWVVbmlaZGxvSUFFR1ZuZk1sSlhHbG5WVEh2dEVTYjhiOGg4Kzg4MmY1aDUxTGQ2MmRJNElXMDRlZHFsdU12ZmdvcEVnU0haZCtwLzZyd0tBc3VQdTJQZVp5V25sKytuMHFDRWN6MW1oOG03UG9zWVp1aGlOU1VvajlOei9EVjJBbEtwRU1iUkNLamNDMFBydFJKbzh3cFJCYkM0TkpxQmlad1lmRmNHZkpURC9yeVF5OEpreWI2VDRpZzlIVVN0U0IrT2R2UDh0SmxZc0ZZdmVhNkRkVXBoTURCZkJJZ1lhNXRGaWZOM3FQdXprc2Y4Rkh4OWE1WXozWkpBRFNUV091Y1NCMHQzekR1UVJsWmJGOFdmOW40SjV6S3ltT2Q5TEJWTDBuN3EwYVFBTU50RkV4R3BoOjq1Tq5ULR4mrGCOmSYJnLoE', '2018-11-29 02:21:18', '2019-01-08 07:49:22', 0);
INSERT INTO `ssc` (`ssc_id`, `students_id`, `position_id`, `signature`, `created_at`, `updated_at`, `removed`) VALUES
(6, 25, 3, 'RFVhUllIODhkcG9TYXp4LzBtbEpLWDVQN1hQTnBpTWZRMW5lWktIZ1BKZEQ3dnlKeXEweDZYZzhmOVloSkJTMnRRbWJzbmdUdldUK0J4MjYyNmkwZHdMOGw0cFVVczNqSUpySW0vaW1hWnFoSU1ZM25nRHhVblNPa2Q2WUxJSG5VZUMxUjV3MjY5UEt3cVNGRHZJMUJNU25HWm0za1hSNDk5aEp1Wm9EMHlwVitZUTJrTU1OSWtPSThiQkVNcm04bHhOMno5TGRVeHhoRDJKaXZWMk04U1NvT3hnMlVoMWZJSENPc2sxanpHN29Nc0NDWkVmbUl0cGFrQWs4KzJSSTJ1eUdYSnpKSWpiM2dFWlpvV2NFaFRiMktUUE1WQTczMFhZQWVhaDNoTGgzdW5rTS93aWdVSXhReXZIR2thMDVyQWhGc0xZOXl1dmhBUno2WHZINjYxUWFMemlyeGg4QTBJVmJJQzU1L2NqQTFWMHJUeEVhYVdrN1NUcHcyalQ3MmFEb3VKMldJQ2lRZktHK0tUZExEMktoZ2xSRDl0ZkR3Y0JzS1FWVS9mRktxcHdqWlhxOGprQXdhemZKbm9DN3ZxaWxKRDgwTkNlOVNDSXdZRERKN2dQL1VnamJhNm5YS3dEcFJ6OFlObldOTThLUlJsdzF3Z2s0c0xzQ1ZQY3dtQlhyTDRPcW9pcFVpUHFaQ0lQOTFDUGpjU1p2WTN1N3k5VDh1akltZHNnbS9OekhpeVB1VFJxdHEyM1dhSjk4U2FmeUE1L3ZMZktmVi90Ym9EWE93cUtLMUNNalREWi9jdFgrS01vVmV0UC9WbXB5Z1RWbStIeFA2VlduMnZIQUJ4ZEVkekdTMDYzWVhKMHJVTnNpRTBxQzBaM1NVdXBiRkZrU05BdlZhOEtWVFdDcXBFNVdFSFJGbzFRdWliNXMwMFdHMDE3NE0xY1o4Q2tyVlVUOUt3MW9peWxYMThaN0FQaGRlYXZNR20wb0VpNE43RGdta3Q0OUxZL1NhWXNJc05YaGJvQ2xEV2tQV045d2hzQTJEVUxhQjdhQmVobHozTHJsT3Z1enZVSXNrazRrbVloYUlXVXBYelhtUlUxSSs5MHk2eElIdkhzUkVDV1JnenFGWjBSTkNFL1BJOW5NY2dDMHlkcCtreE5SRTh0a0dwRUdseDZCTTR5Uk14UlpseWZyQnlsS0x1Z3R4YkR5dVpMdUxiTjc3Q21mVWZVNmtVdWREWFNKVDJJUklNZzUvNUp5QS90UStwd1JNNlRQUDNGYktGRUpWMGVOMkNQcXJqSys0ZFI2bzNhRnkvYmh0Szg2cndyVG9jRHh1aVV4NXZDYTdpUXJSckJYbk04WFAyaXhxNm9OaGQrZWhjcC9qOGo4K2NZcno0UmtMN2g4TThGOStMN3N1RmdaZXFsM1Iva3hLS214bVVHRE1obERiQk1rQ0JSVStDUEVOZWdiV082S0Q0b2NqRFd4dVJkMXZKcVM2NXBjOGptMmh5eURFMTM3bjJLSU5QNmVQakpJQ0d3T2ZraGlWdWtiMUpFd0RqZDdrK0VjdEw4bjZwUTVFQ0xjcHJRV0NRc1A1RVJlbGQrRDFxR1JMbGpGK3ArWm1hbFFtWWN6SWNhczZSMFRpVkV5dE5lQURhZ1hGdGhpUytFWXhyc21sdDI5TS9tMmZCbzZ6M29nUytkK2lmZExFTGlYSzhEZlM2V01DejJQWm1xN2ZvbmEyb25Ycm5WZDNpMFR3dVdYS3g4SFBlZ3lCdW40WlQzcTdzUER1TlU5UW44MWZXRmR6bzdmSGYwVjlKeHZCb3JKbzBLeUtUc1dlajU2bGREeGdrWm4yeDJ4WmdoNFRuZHh1U01jSnJBZXRoSTVia1RtVVh5c3llWXkyRWxROEFKZUJCYk5va1V3OHpuZjZ6cFNIb1JFOGtERVE1NlhSbXN2SmJMdDU4VklGa2Nya2dBdlJDbFJNeHFPY2RRS2VvczdlL0MweUlIZ2lPNnQ5T0pkR2Q0N0R2ai9nYnZzSEZPMDlsN0ZVMFQ4SGliRzcxUEJ1QktnUmJldlZBTFNPZDJWek1McFFsSlJJaGxabWxyY3FNYmxQa1hWcGQyaW5EV3lEUkFTTndxekpxUmZaKzFtVUM2emFtSFdkc09Lc2FXeExqV0hzWGRleXdlK3FYLzR3V09uenM3ZkNvb01ieHhaWXp1ZzVsL0crUGJYYjZhNTlMbGdOYXFCOVNqbDJsNnRiK1hCRFhnT1cwb0dJcjh1V0pwQXlBM0tGZTYyYXRIbmV5Z3ZmaVZaWG9MdUoyV3I1cGQ4bUdHU3lDOFA4R1ZkNjJNanEwT3VSdUhUVTVPZUpGajFmbVFHYzhmelNyaXZMU2M3MFJ1dW8yN2VSQ1dTNEI1ZzZ6VUdPL0R1YzNYUFVrbzRxdnZXNUZYZlluVDN1ZXVkUXJvUkFwOHZzR1p4S3V3QmlOQStXZGpLcVo3b2JucE1USE0vSFRkTFlnL00zM3cxNkJVR1BheWtqeTBLcnVVcmZjcm9EbXhYQmJ1SjQvdGhGZEVFbXhGZjlwMWd1TXVST1VCeXlLdTZJNFUrNlZHcG5zejVmeFpocmUveHg0T2svMkkycUl2ZkZxL3pIWC9VNk5qUk83eEVPYTFpTkwyR0RUcjNMR29hd1RaTVpqVkhNYnBzWStpV25VdlZaanIwU0V3MnZ4aWx1cWlER0RWUFNpb3NlS0Q3SHRmVmdwV0hmdWZZeGpERUZrNEdQck5ibzVKVmlyVWFUN0tLNFpUWUJMcTI3SDYrOW9BTjVocndzL3BnTHNuZTlVUVgzMDE3WWNlbXBSZElJK2NQVUowWFJxellEZjIzeWswSDRTSU5LbzBtVDUwRlVZMURWU0NWNU9ZODQzU2ZMVUJINVBveUdTc1czdUZDRnhpQTEzeG5SaG9rWm11KzgreWRDNWIxNGtIbW1oY3JKYmcreFFzTG5uMFlyUVR4NjZUL1Q5alNuMDc5M2NqbHA3K0ZqQmV3UHVEMFdFYlpLaVhNSmhYYko4TDdLNWNLK3FCMklZdGozSnA4cG0vak5ndXl2K2lTTm9WK3MvbVVCYi8ybEF2VER4SVNybEZySGdKeTh1TG1aZ2RsbzRqNXJkWStaV0xRRXNES1hacjdWdi9QcXRmQk9HUEp3dzBwOXdqRGs4QkRXR2M3RmpqenV0bmxibStlNTFvYk1LKzluT0dGSTR4eVI1R1dFVWJGSjZXSFJYSVlpOG0rRC9WTnlWbXp1V0w1L1hnZ01TSGFEekJTY3NkQmZDSU0vcTlXU2hmQWtiZmtwL0RLYUFJaGIvaGd1OUZncy9UV3JhbjRRbFIrNnF3VGZRRWgrVkRuQURvK0I2WkVKaTNqdTA5V2FLZjNPZEVtZi9qUC9oS0w0OUUyK2F6NVFxWWJiNUpsUHJZL0FBZlNydTRzdFZuRGViaURZd0pmRjV3cklueEdra0RNZmZKRWE5KzRZZmpBbVRlc3oyVkkzamkyWHdXOVdLTGNRQjA4N0ZaT3d3OWIrRlcvVEsrejJVZkx3dDJSWnVtWEMxaHlmQ0M2WUZvUjdEbG8wbHJTQlJaRFRocDlJZ3dCbHdTSXVLdHczSldTcjRZcGJvVmtObzh3RTBRMGYyQ0QvZUNQY2JkUFhzUFN0T1JDZUNNY01DQWJ2NWhYaHBXOWxQWm1jVng4bUcvNFB6azhaWlJHMENHSlJDRGhsZlVySHZsL3czRVAvQXlRanhOdXpaY1hvYlpuWTdRNklIUEhpVVM5cXp3V1NuVyt1dDkxc1ZOckNaMjhQYTZOQ01wTXBNcWZ3MnVKS3h6WHBmcTY3RlB5Vi9NcVJEUkNtMjJNSWp5cFFnZWJ3TFlvZkZVbUxPK3hQaFdVN0hQZXpEZEVXNVUwUURhVmRtMzdmYlhSRW1CTXd3akhxZXIrQmhDTkhrYXRvNGtFV0poRkN6b1lvQlNFREY2c0xFY2QwYVk4QVN4TTN3OVZyRmJNNTlIS2l4TVh1RGZDT0FWY2N1aXk4ckxpMERKQzBwaXRNd0NpV2IvVTlRSzBzN3FycGsybmFoUDYxclhLRHBwSWtwY3JYTGExMDFTVWJ2Zm5OWExGWHBDRzExKzRxSGFpVFpXUjg5NklRUDZIV0lrUG1wa0lONlU0U2REQUVpdVFCUDNVd01pTkVGZWk1ZU8xanJnQ1djVFU4MlhZL2t3QVQrNkFmTkJxRWszTXBDdkh3QmkwSUFYYzVXTmM3bDF1dzVzaXZMYzdkeU5lV1MyUVBTcFpxeTVWb05neGcwY0YyMVhiei9qRTNoVG1yTVRmQ2JsKzA1ZUEzeHg0cFZ6Z1Y5b0gwb0NEOXVrSXhBbHhWVFg1Z0Ezbi90U3NKZDBqWWRyY2ZJZmF4QU5uTHJFN3BrSERUZkxiZGZtWUU1ZXVHakZwTXB4NnZsY2RrTzdHVmNhdDJ5d3NLUkxzMkhlOVc4MVA3M2tuSjZpSStGZU1XMjFxQVE0V2M0ejN6M3JLbmxkeDFxU2ZwdFRTUWRpQSttT2t2SXZxd0lUYkkxOEFJV3dTUDFRMk9oajE4WUtpdTByMjNoTVhzWlRDSVcxMVNOZGI5MnBsc0RVR2NlY3E2aktyMkhxeXlqUU5lUTZLSWh3NWNZdnhSNmMrcVdUOWhKd0pwZWxYUXBXN29PeCtFWUYzN0Z5TGxDY2dGa2NYQ3JQOE5SUHVtYXBaQnQ3Z1RkYndoWGlDNmlZdCtsR3Q5QVU5Wml6eEFtQkRmcnVHZzBsbGlSdmdUa1dyelBVS1Uyeml2Q2J2SUJjQXd0QUhSZnJtcEM5SDc0azJNL3Qwb2RHdk0yQkFmc3gwYXdjRXkycGdTMXFYRWVhTkNITDdvUkZIK3dHSWFndlphaUxRZkIwbW1Ia2pjbjRxQS8xc2prVzZZRGZHRDcwWXQ1N1UzYXdNZ09tS2R5NzUxY2pIdW4vU1Q0R0lCNTVqZWFLRnZtMEtJV0RPcERrZ3RxWnRqc25FSFJKUXozejF6WERLRmJGZHpNc25wRTJ0eWQ3U0g3RWNPMTBkcUNKZ3Y3b2x3L3pJRmtRZU4vT2VTWWFWUGVUSVUyR0RRV3dyY1loYkVBU3g2RzA5dWFSS0V4UlRPL0NZWk5QMHVOcTVKYXRqWTByRmxiMzhIN1UvVERjQ0I2MmU0LzNzWnQ0ODUwWDZGYktTK2EzeGdCNlc3MzFtR0pvR0FmalVrL25KMk5HMFVnSjc5MHlWLzUwSmR3UDBzSEVZWWJPenVjNHhVSHVpbjl1UVpmMStIZ0dsVXo4aGt4WWluRFhOSXVjZ2VqSFBjYm9ncjNkVkNUNFlnSENIQ2JEWVRyNHNZVVVLQjJCa0FoSVovc3pkY3JpNW8vMU1YMnVjc2tqdVJMU1RueTdmYmRzZHU0dGJCVnNtYmdQbHF4NlcydllJTnlva1lwbVQ4Nis2d05IQlNMaVJMNXdUdFVFRWc1NXBkWjNNY2E3UmZCZ3BGdmNHclZkSThNVE9vbkRJOW02NlBDdE03cFQybFlFS0dmb2FlVUhmeDk2dEc5cFFVWDd0c3ZJNWtpYkF4RzQzb3p3aThZOE41VTRtenBQQkJ1RG43S3VjellweG1QYVZWdHZvcFpiT1dTMXdDN2NEL0Q0dG5wWkM2VTIzdFRVbEtXSExaeVowcE55VS9zekp3bGs4Y1VXWHBDd2RZMHBhVjJHcWlHcVpoeXNwMndxN3JhY2F5RlhHV0VEQXBiWXlwaEYvNGtIT2xTYU9hTnRMTmFNazRDUGJoNzRkK1Q2UTdnR1lHaWd2YkM2eGZiVS9Oc2d6VGdmRGtTUnZjNGxJWFdpdXdtRFowTmV6TUFhMXJFLzNxOEZLbEFJbG1RTU85Wk5XbGxzMFJTb3p4YjF2UzM4UkoyRUMzSnZGWS9yVHlpeiswR2NFMG01Yml3a0ZqZkppTXBqZjlta0JOTnFlek5icTY3OXhoelRZUGFnMnRtc0JaR2hRL2VmNWpYWFZUZjB4azhJRDFmRHJyank5QldVQnlvcUQ5R2lMRjBHc3Zoc0ZkRS9qaEJjcnRLd3RFNDNpdmRzZUgycVJ4ekwxbmJReWZPc296eDlrTi96NjlCR25BOUVVU2N1dWExbTNTc0xxZ0xobXNlbVp2dXk5NDVKVlNwZWNITURzc2RKWE1vbHNFTy83ZkNncS9pR1RNVldBcEszcHhySmMvbnR4K3JQTFlOeXpnOERMT2ZadUNTVVJyTUlNMXBIQUowQzRPWkF5MDlEdlJDaDZQdWthK291c0hGS3F2VXRZcVVmamFIWHZJQkZzbXJOeWJkRFVhOEY3L0xaT1c3SWlIVHhjWmJOVThPY3J0RTZIbzFKc0VsQXJxeHZmYUs0enNpbnYvM0FyeVBtNmJ0SE15U0JLaHg4THAyTm9KN0wyMVk3RlZTZWw4NDBpYkVtMnZlRFNKaGhyUmsrbWMyenRUYnM4c09PalpZMlUxSzh1TytCd0ZZeXE2Um5jQ2xkWGplbmRzcnJuRVhGaDlqQmRJd0VtRFJUTGIxSGh1c3pqUWNBMjRkM0FuaG1NYy8xa0lyZkR5MTJpR1kwMHk4d1pFa2swS0NiK0RkeWNrNFNBZGJvd3cxbXR2cXo0L0tnNG9sTnlaaUoyY0ZPZHJMb1VoUjE4d1BPbitMWmJtK2puZndNQmNOYnNaSVc5bE9aRnlubWY4SXdQWTV5TkFoSVhndVpremQ0VXhNY3N2Q1JDYXl2Nm54cXBJVW1wR3QwWHZ4R2dkUW9MWTlyNlRrYlZtejRhayt2MjUvMzRLQlRPZjU2UDk2L1BvWXVIeG91ZWpOaHNoeWkzQUdTazgxVW1SeFM5MmU3d2ErZFVqYXpuMUFKbXhKRGk2MjdhaFJ2SnRRZ1J1UVVPRm5OQkhqMHRhQ0pDbGhvZytKbVpYRUxEK1dCdkFza3o5cXZiMjZBTmFXTThGS0RXVk4wYzZramc5UTRzaWhKaXQ2aVJ1TjI4UExjaHpqZGlnTXNaWXBVYTV3UjcvNVpJd1JYOThnZi8vTDc1SWNsZmZES2VSeVJ4amtTc1JkL2prL0ZMQTkzc2k2ZGZnNkQ1cGQvN2VINSs0RGxEQ2o0bktLd3BCK1I5Z2FocEVrN3NFZ1hnbVFCTGJMUTByd1ZxR1c5SUhpd2I5bXRVYWVab3dLNDNFaXZDUC9rbnlxc3NWRzN4OEV3M0RJWWg5RTdidVlWTGpPdGxQcGg1RG83TkxlSkhOUVA1MDFJM0hqeElzTmJFWVdYMHhiUmRqTnd2emZPNEZQaWV3eVIxR1RmUzAyZXdhaGpUTS9UeEJYZXNZMnF1dENiODhhV1c4VFMwRW9waGV3R1FuVThybUNiM3VVbHJ3czNrLzIzMEhQZHIvTE40TmpFalZmVXkxMTF1RkxDRjNoc05Pa1ZZMnNVREdTQ0lFRmhydjljVm1SNjFSTmJYcDNqeHpBZ2VkNUk5QUM1L2xRazNmU3FucU9LOVdJRHJrTVpRWHMrK0dlblRBTGtNMldIWENOYWVaUGVHN0Y1Wi9wenVOR2RjMG5HUVlvcDRUMjIydkQ2MHQzZ1VhZ3RXaHhBeEJBb0xuOTJ6SGt2VDNIbHdIcEpkc2tMaHpISmxtZ1ltQXFrdUZZQnNmTCtyQ1JoQnhvZGhSajl4UjZiSTg5M2NBemt6ZFQ5Qm95Lys5TnZLdHYzOERQL3NmMm04ZkVpOUczUHc2aUNpdXBBUzkzR01ZNDZpcnZZcUEvb0x5T2VoQ0ltaHN3VWg1K2ZramtQQ0czRUFLNFFqSmdqUmhYR1M0OExzRmpNVCtMOVhSSmRET1FqdFgxN1FIYk9Uc1BuK2EzbW1JeGVhSFE2TTZPNkxzVVp4aCtEV282N1hoeTBYVkpqa0xDVTg4RUNJdjZVbW83UzU2WHNkR2hscUhuM3pYaDRkM05iUnYxYnhMU1BVaHhCUmEySHVTQzNPcnZmQ2FJblVsR240TWcxQTBRdFZmMkhoMHlEN1lTTmdtSTdZWjZGd0ZwQzJxWlgySDFDL1ZIUEg2ZVppa1lTV2ZyRkNZN2krQkoyVjVSMVBaalF5ZDdOdXJpcHk1cE1kU0R1Qk9sUTY3YVhLak0zeFBqWkdQVnNWUmk4RHdHWmowRFdJbHFpWjF6UFd6THlMNUhlUUkzeVl5VnNLRlk2NGI0b0xqakpGam10STN6eGVocFF0aDkwaVRxOWg5d2xVMjh6M2tVTXFNSjFhS2FKOXRqOURjTklQeUtGWE5iT2JhdEx6MG9yd1VSVG1QQTdHcUV1TDZNdWpIeStQR0NLTlhDcWFYY2J1RGlTRWZoUDRqZU9CYVd2ZWJWNTh5eGJZMkRtYkMxZVJTR0JwaXBRSDM3eEp6ZkJRK1pLNGVZaWFGM2NPRUp5WjdaM0VkZEY3TDdsWVhlQlVOTHJ4UHBsaUJTV21jQnhGRjFnUmNWQlowZ2piai9KUjBQcVowTGZ6bnBQZVV3Z0h1ZWpTSjNuRWlzV1c2YVpZQTZLdFltV01TZTVhalFKU1lnNzRPSjRScno0SW1YbGR0aERJNWZ0OTdrcmtzQ0NZMzJKU05vZlh0VFJZUEVlRDJVbE9HeXc4cDlMYXF6U2FtMy90cEtTVEFoVUtRK1doUmtQd3JxM1oxTXF4dDRPREMrU2JlZW5tT2Fpc0RjdUN4NnlQb1VWOEIvZStZVVNOVHhBUnhmTjQvT2wzcncxOStDSkFOV21DaTJ2UzRodWF4VDlGVzJQNzhnVXhESjJSMXo4SGtNblR6c3ZnWm8wcjM5L29WZDdoSTBkY3BweXp2RCtsZXZ2bUhPYlBKLzFxTVVycjJZejhWZmt1cDYyRmsxc2Nad1JXa3ppeHpoZS9KZklrQUE3NHlhUnhqdW52SmpQblJIY084MmNycERSaXA0WVlscW53ZFBpVWUwRW9tZHRUVXRMZmJCaFBXWXVhZkZUTG16NTUzZDZKcmtzMTNRRmMxUld1WXA5MHJrclRJZzAwRUdSeThQU0FkVW5xQ1UrTzVrMGdic2czYWpwNUI1NUxzaFdsU2swV1RvcU1XeFhneTlUaXQxMkZNQThaU2lNY09JSlVmYkpPcG1lU1NKSGN3ZEx3QnV1TkhKSExaWGJ4b2tzdVNCeXU2R3VFczVCSHhsWlZIcVl5dkZCaERjQkhwWkEyTjlSNG9nWVZjNC81NDQ4RU10QWVTaXZ6TW1PUjdlSWlHa05RU0dHTjFqakRRY3ZZTmpzSzhBTnA1R0xHQnd6NnIzRERUMVNCaHZvOVM4L2JONGM3aTFUckVxRXBtZk02NXBtaEdtYUovaGhMeWVoOVN2WlNacmF4SFVTbTRkVHlyaXF2NGxXTkdyWldUYlcxa2k4ZmxNS1VPdWxtNWtjUElmUnduQ3YyaGdTU3QwQmNDblNDMEczdG9xanYyb0FuM0tjWUQ1dUZrZm5lMUV2R1RtcjNzeS9SeFpTN1JlbnFuSGVmZ2Z2TUpHQlZpVFliVHViL1RtNmtBSS9ETkdNeHd4M2pqNnZldGR0QnJRL05JSnFldlBFVHh2Z3ZXZGRPU0ZzRks0VE1qa1lFU08yNnVuL295azVUNllDbzNUUEMrUmZySXZzczVZaWRoT3ppTzQ4eS9kZTBVU296RVJMUUNUTU9aeUgva2VwdkE4WE94TWlyd0ErOHllaWZZVDdZVXhCNktUcUpmaks3cDFwQXVFVEREM1lOWlBhVHYzblFmdklhVWY4ODAxTXYxZ3o3RWxDVk01YXhJWjR1cmRCSVNXaFVack1uQWVZNkI5RFp4UjBOS0lYTmV0WlgxWHpXb0xRSm0rbEpJODVsbVQ1dDZJTTdGMlVWYWV5SXl0UmNaRnQwa3J6bVA0dTNib3RWMjl3VUlMMDJHNng2TWxYeU1EL2hpTjlJWldHMHpNMVJDSTdRK1drN0ZmNTR6cDI0Vy8xWmhsQm9nTXB4YUVrYWhkQkhLQnI4aGhRTmtDZzFsc0gveFZXZ2dvTTI2VjF3am1ueVdQL3hEUldlb3M0SGRwdTZJeE1rQllwdWJlOUlvaVcxd2ZOemtFaFlXenZrQ0puZ1VWd2VEaFZPZS9vL0tUOEludDJHM3cvditMcUZIb3NXSURHOHh0RTY1eTBGaDQ3Z0xSMVhZdlByNDhIckpPYk9mQ3dLaGx6S2RCLzVNZWwxaHdKUmdQOTJVU2k2N0tjZ1B2VmJia1NqQSs1clp2bTdpMFBLOHV4eXhaOEFEbmdGOEQ2UDY0cVl0NytYbEhwaUJuV2Vqc3NOb2hyeXFBc0ZsbjZOeHBLVXowNC9YQ1RHdXlVZElQQTFCUldRV2F0aEUrbklRR21KK1JxdjBPZjBDNFBCR1Q1UW5BOVh4bE1yaWt6MU5SVlc2Q0RhZk9lZFp2SVBqMklHTzRYaWV3ZXJvUEQvdjZaVVgwbVVTdUFxalNSNWRJNmVwb2ZZMzF2Umx1bEV4MGttbDNWNndlMlMzV1hpYTQrczFXSmRXYmV0ZlZsTVpwN0tGZE5OZ0VXNlpWWE5FZmo4b3BxOTE3ckJOZTY0SHYxKzZuaDVWMEFSTzhqRUtTSW1vMUFjL3Y0RUZVaXEwOWc3dTJWUmk2ZmxheVV5dTdmTno2bDBXdm8yUzUzVmJjeGNwT2JpQlovK2FVRzR3dkhad1o3bk8rbTlWOGJrNmNiejB5RTh5SFNpMHNJN0tidjlSelVZZjhaQ05MOHkwb2JBQ1VYckVqdDZjMldyL0dhTEd1S25zNDBWbWdxOFpsckxxZkJkSG1rVlIzTE4vaHIzUW1Qci95eEl4MWZjdmRBM2N1dmluTHNRejdwdjR5U2dhaDN4clhJTXc0Ky9YbUthSFM4ZmxoRndrZ280MTRMUG9LQ1RZckg4ODdoT2svMVp1WVZGWlRIeFNVOVBtQUVxcy9mbkcvdnNLVTRHOWxoN1cxeXVtRnhwRHR4SFVmN2RDbTF1R1kwajlGNjRNaUlWaVM2ZEFpRGpDY2FCV3I4L0h4N0hyRDNEY2FtZEp2N2toSkZGcFBrd3NneHc3WkFEQlRvQyt2MWRKWUJvODRFaVFNOWE2dE5zK0t4T0tlbTFyaDZGMVYrNzl2N1dELzl1OG0vVkhVWlhKd3dUU2VsVGEwbGhJNDZVb054RGFRcHVCTC83TXRrYjJ3ZWs5dWFhQUpKaGRKUVJOM0pXVll3WFduTS8yZjZ4Q1BNUzFjWHVRQWFVdXoxUk1XT3NxYm5QUjZKZCtXaUhJeHhOeXNiSXlPclNQdnlxOEJoWlh3T1o4WGUyeVk2aGxvSEwwYlllK08wekpobXBTdmlRSllvbndDL2hYbVZHemtLWFF2ZE95bmh4RUJWam15VkNzYVRXNEFZTlB5RDZZOXNVSDN4Vk5COC9BU0VsQ1VoMUd0cjBrR08xeVV5MmJxZ1dqcFpQYkxGODRkUkQ3WXRNOFRUdXRUY2l6a1Rsckx2ZnQyc3UvNXk4N3djTmNqRGFOdmJ6eUpuT01PR2IyYTRLd0xqNGcrdzFnVk5pc1Q1OFRrdWp4ZXlmQUZhSGtqZi9yNEYvRlAydER2MUFZWkZOSVdRK1FOR0pwdU11UVlxSkpRZlFIeG5KeU92d092TEFjQ210U3BTQUxtZ2IwOVhtRFo3MXp6ZGhkdGhZUU5WWUplZWlaUXZlMStpbVBUbEV6Y2lsKzZ3MlRwSGZqRHE0b3REMmpJUTdZelk0eXB1REhhbGxJRnRzQ1RkUWxicWMrKzJtWlhmWEdTOFNMWmRLMjVrS0ZVV1QzaHlyTUZxdlMzOUlCN211dDBFa25WYVVIWDNXNXliSGV0S2FiSGhnYTcrYWJhOGliRmlEdWUwRnd0eEh6bDgwQldaUHR3d3BjUnpBK3dhZGMvNUcveXhqc1hCcVpRNlhlK1V4Q0ZZaTNWZEk2K3NTV0w5Vk1ISkNRMEJlWjdQWitsRkFUL2xLU1ozNzVMYUZhTllDTjNLUjNuQnBWYkFwOWV3alZBQktoN1Zxa2lQZmQrOVY3Vjgvd0dmdXY0aFBucXlpVVhGK21lKzRSVzRzV2VLdTdWZmEvOTMycUR4VzdPbldEWHNFY1FKUkE4UUwrbFFYSnpRM2h1M01RT1NaKytVUFE4NTJabjdCZGFLYnlLQm1DRnB0Wk16NWFONmZJQXNvY3IwdmtvNDFPNFNIcGpVbzJEVFdTYjVERjc2NnpYdGhKVjVjeWVKRmptYXBBbDY0WGVSWkdzN3RJREEwVytGeDg1TnZXZFpBSW9XRXNBYXVoTU4zRWl3WDhxUWpYazVjWm12eVVyVlBPd2N6ZHN0azVxMURTMXpvOFRySVQ3WDA5Z2I4WUdOaWhUaWlnN0k3MDdoc2Q2ejJ0Ujc1RlMwYjFQaVY1d2huUGZlREVUc3hkUDQ0OStuRHBKcWhuSW53akJ3R1RwazErTXhvVzRucklnQkdTMDcyV2xYZ01Eb0RpQ2t0N3QzckdtU01YRkVJSGQ4TlErTGdiTHZsV1o2azBtV0tvU2E0TkQvNXA3WHdlUUlyZzJ4SHhsbjJHMURTaHloUlJRd3BqU2FaMGhRMHEyL2tZUEMySmNhNGl6aDZ1a09rdjhCdXJacGRUT3BsVk80UHdGMklnc1lOeVlQeTdaTmhiVUNqQTVjUXV4R3pLRzVXVysyODRXa2M0YUl0UUQ5czBCMnd6Y0tHVTN5Tzg0SHlWQlF6UXZEa2dmaHliSFJnT0p1ZCswR25PNTNidTJOMHRiRjIxYzBFai9qeDJJU3BWUExYYi9jUkd4cU85SEQ0cktJeDZtRXU1dGFPdW1DdVhXN0pBT2E1V0tCNmhKTkZmQytJZDNrdGQ3L2VqVTlkUDFITE9kYWFKSUJlS1Fwc3BnaDMxc0xTeE1pVXN1VFFMZkVqOFA5YTMrNVM0eFh0c1RUNW9YVXZtaW9LRngyNmZSYWVnNTVVS3ozdUhYQ2JYWnQ3V1NVb3dTWVV0N0piWlVMeVFxbmQvRE1tWXJ5Nkx1Z0RrVkQ0R2g1aXg1Vzc5aURQR091YTVvbWs0ZmY1ZldIejNWZUxUWmJlUkFVa0E1bC9BN2xCZ1JlSGFseVNKK1lhM3VZNFZBR1lucWpPbzh1aFJFVXE2MWVuNVJuVTR3OUFXdVBPVlY0S3dwTkRiUnM4UlhVY1VRRlhpTnlWSEkwWmN3Ry9wREdUWGtPTUNLMmJlZW8wQUZTVjl4NnBnY09vVS85TkRUbUtXZjVDalRwVFJINStlQTF6eERzWUtrOU9nVFZ4WHNoM1ZBVWM3TjJ5bTNaZ3VsMzNYc1ZJZ1JqQWYrYmVmTDhteC9hWGNtZldaUkhRN3BiclYyOEZBYUowbWNza2NWaS93K3JYMmVsVCs3M3pXdzFSaWlkNE5ycnR5bzVqdHBVMk92MTd4VWd2RERZcTZUNHdXTEtUYTIzYnRDK3cvaTdUcmVmMUZqM0lwa3FzbW44R2YxMTdtSlVlR0QxQlAzZE1IdzdjcldrSmlyZmVSdGlwZ0hUTWo0Tm42bnBQamxPbDhocVQreUJjWmUvdk54eDgvbVpoeDJ5NWJxQ2V6NUxxVlUvMStNUWpBUmVKSXlEbDZKZjNOanVJRlVYOTJRN1VDcEFXSnBLNldDNW1aSlJPY0p3UUJXK0VMMGN3ZXAydjEvM3ZhWGZ4VEJlVEMwSytvZ1pPWUpVSUkrU01CUjUya0RzeG5QUlArZVRVSG9la0JQaWZiTkVVdEZvZkt0QWdmVk5KMGlxY2c1MzNBOEZpOXNYR1h0eEd6eXVHU2tKdzZQc29VUGZ1UUNTaGMvSEllTVNWUFZzcTQ0VWkzNjdlNlN1Qit0UHdBTXRVWGlrRS9QK2VtZ01zUm52Y0M3Ujl0Q1VHaEtKZGxjcjVzcW14czdGaXVPOWRaY1F4NnJLaDRPSWRVRUFGeVArTUl4eEptdVl4V0I0NlJtNnBsRDN4UjNhcU9HQmYveE1NUjhaWTRYTVJ2cGh3NWdodEJkVmh6TndGOXZGOHNxa2xmT1V5QnRLdk82MUVud3hVbjROY09tRFZJakRmQUM1UzBuTXVSdk42MnBmTWhOa0xXdGFyMTFlYjdPdnVYazFVZlFnaWpmZ1VHblVCK2xGcHhPYWJacU5GYmUvanBDakNRS0JoQ2JhNm55R0JUWTRRdmdyRVYrVURSeThrSTdvMFFqaFZtdTA4RzVaRW1WS0c2cXdQODdoNTQzMXZoa3hHeDBhTTZjVHNTZWZkR0ppL1pPYlU1alpIYjBKT3o4YndEeHVXM1g3U0NMdTFwSVVqbTRhQWtnaHM1aVdBSEo3MG1nVGtUeEVuRG5wMW9HUWFORTFTV3U0ek1BZURoZ2hCYUVEdGRMNmZXaXhPR3o1OW1TN1d2Nnk5VWFiUlR4Z2lhaFdkRlFWV1ViQjN2L3pQNldUN2NoRXV0S0pGTmxOQzZsS2VnQVlraTNiUFR5ZHdBWURPRHZQd2QwRERRYXBNdHhFQVp4WWhCMXdzM2Qwa0xkRlgxQXRUNlp1eXVnU0hsRVFnVkVJM2lqYytocHZXQmQ3WGtNVFRGTVMzTGF1WTdTa0I4NDR5OUFkeXdNdVdrM0V2WkdWc3VSdU1KejVhOWI5NXhkWExMRG1vamVMbS9JcGpvbXhhYmtPTmVES1g4L0QwL05TblI1OFN4b01mRmVXVndJZnZzWFY1eGREOG9CUDFwWHIrenRUeXdGanFDL0d3YVBWSmNmdG40REJXOUxjaGN0QVllWGRia2dBWjhrZ1FWSUp4S0NqcWdBOG9jQU1wdzZYeUZXWWZ5eEFXMXpYYkdjS3dMUmF2eHFKazRBWDRoWlpzQ3RHTEVLaDkzL3k4OUM4TkszVGxyVTRtYkQ2clhYc2ZUb0lUL2lvM2FJcDhIOUxNV1ZSc1Vzand4NlllT21QYnIrbEpSQ2MvbVJ6bWNlNk9uY1QrOG0wa0krVEZ6b3BZdG01UGRLSDhSODZUMXZqUE1NS3NYUDlNa0crT284WVN4dWlGaDdoRUZBbjJZMm00V3B2eU1Eb0pyOXZCOWw3VC81MVZ4cUc0NUVCaEVhZUpZb0dGV0hBMk5BWG1TWEJIc3VHWGNMNiswdWtPbHZVSTU1QmhuOFlVQ0VaYlRRREZhWms2ZzgwME52MzdLdVp0cVNWcDdTQjliM1ZQREIxa1g5WFBLT1BZV21GSmk5akVLMUsrb1BkbmhWRVdWZ3M0WXh2UEswYkFNbG4rU2h1N2swYThJSzU1UTJXTk8wdWhsSUl5WWk4RWUxK1l2WHJVRlRVTW9Vc3JWRFZ6NFl3eUxsd2FjQTVrZURRaTFMbXJ6WnFJY1ZDRmRBSXlaZlZaZEJ5SjZSeGExbGI0TEgrRFd1OTZJREpQMTZZNlhhcTBXbjZCZ29wdDV6WHhqTnBua3daRncxSGVBKzBPZGRZanFFcXFxRG9aaTVHTFd5T1dab1BQVG9KVFRNL1J4VWRlQzNyUFR3WlR0NkpuQTlLa2FSUG9JZURYVCtpQTNOQXB6anJ5d1FhK1dxT3VVQ3Rxd0Q5QzBPWkx0VlJ0N3F3blZmTWNNWjZkbTFtdTdjdTUra1cwcHBQOWd2ZlJoVGpaMjVPc04rN2RJOFMyZVMwamF6eHF1TWYwZ0gxbkVFN1lTSEpqKy9aemM1bjZWODZwWWk2TUZPRURuS0RvbWQrQ1ZxQm9ZbGw0U1ErdnkxRFpnTDhoWTZpdVY0V1NlZ2lDeHNsNzNVYmJzSDh6bndZT3U5MzR1a000NFFNNm4xYU1MQURIOWxSMm5HNWxQeU9BQXFaM3Rkcmp6NkZQTVlzQ09ENlpUQzh5eGQvcDMwT21qb05lNVN4OEFFZ2hPaUlOL01XUndsWUM3M1B2UVgyZ29CUlZGak1ZNGhxQjNjWDNqOHk1eWJjalNRdGVodTJybjVqQUhBeHlRS0hkUTByKzJ4T1F4TUFMUUhLMmVvdmczM05NWkNZRC9TcSsxYWJWbTJrd1lzYjJQdWNOUkxxOWtHbFRvdE9BODRyM2JNWHh2ZFlQcW1oTlhtcEtzMjNOQWJydld3bkRNV2wyQitsY3hKYm81ZUVmVGtSUk5jb0VQUGdiZ2g1bVNCemFhWnJJU2hkMSs1MnBqalF6VE1LUFFWN2FBdlBJRTRkVWpQTS9TTzFKelg0VGpibXVSeTdCaXVJZWtnWS82RS9SdmUzSjJmZExETG5OVEVSMmRxVENFbGpUMHRpdnRpV3lDb0JRUmpIN3Npc2N6WW84OGVvOGkycy9XMUhFWkM4STB4YVFTQ3Jva2JMTlVDOTQ4NE85VlFlY0EvUThpQndlemhTd1M1Ull3K1JFaWtXaGNjdkl5ZGRlNGxNRVFOL1I2Y2FiMmxYYitmalNwNjc4cjJXREo0ZEFYbWF4MTBSbFMvbUtJbDFGVjRUK0JzNjNIRDl3UVZ5eWk4MFJULys4bUFHVEtWRy8vQTRWckVPUklRTXZId0pRSEVoU0Q2bE9YNmY3RUdHSUpBRHd6V2JFT0lYY0hBQ1lPakVTNmZucWU4eUlyOUpCK2hZS2o5WlZ4d1BaQ3dBc0hSVTFSQ29FeGFWcnBsb2ZTaFp5NE03VmNxREpBRktURVNwNGt2UUlCYUxyZ1haWXF1SzUwWXU2YWJuQ1B1OVp5VkJXMDZ1WHp2SjNLb2xzTys3NHZrcDVYdVBjclAzTzRaQ3UrVTVpaUduZ3Z5eG5jODgvVzN2RUtXTGE1OXpxeGZvMStEaG5OVk9KS2VFM2l1ZEVDcHRnMjVVYjNaQjcyS1h1dk0rZFV5bWdlakoyS1dJM0ZLK0pYYkJJOXZyZ3cxdzViSkE1dENnNzFOWUxUUkVkSTRvajcvYXJYOVpDNkNMbS92dldFN3MvWkpyZTVTS0FQTE1qOVFHYnRJY2JRenRZbDdxaGJjRE1zYkRuSHczT0FvNEFOejE4RFlpZlQyT3Awc2Rzck11c2Z3M0VtSmFzV05BZXNOUWUxNUprMXU0a0EvMEtZRnp5RzFacXFCaUk2TmJIQmYxcXUrbURydUVqWkFpd2JLUGlmVndJZys0b2twcEYvVGRaL1QwTmpFV3lzczV3T01rdUhXaGpaTWpXdFNoSHpKcFN3eGtTNlBLQkQzLzd6WGR1TXFRNm5ZQmd0c3FaWWpFRllkNHFMY3MwbldjeHRlQzBaZFZ2R3NDd0ZHODcvd3dkSWdPdFUwY25GaFh1czQzOTVXYkQzamM2Z0g0UDR5YVJpbDA9OjriOuMR+9317bSwD9Y497qa', '2018-12-29 06:38:44', '2019-01-08 07:53:17', 0),
(7, 32, 5, 'K0JjOHZsQm1BQ21GNU9HNFFxcFNLWjVXWjFYc29KNUFFMFZHUW42b0YzUzZsTXJmMDhwa2lVU2YzVnZDV2gyanN3eHF3T0RPa2M3ZG5vUThJZ1NRdlhVRjJWV2NFYXpWSldOa3YvbDNkUkRBdmg0OUFEeS9FUE10QXRDT3EwNTBaQ053WDdVRkJlOGdLV1NKL01vcW0yR2lyMDlYMDVoNno5VHpzTVBHZG1VaGZNbDA5eElwc0liM0VnbHVEVmpONXc3MGhOZXc0OG5ZRHpEM3h3b1V2SjRHYjVnWENJRzk2RVJ2L2tHT2tWQjdiYkkyVE04ci94bW1xZkFsY2t1ME9MdTRwdms5TWRGWWF6dlp6S29uSHVrTndkanNvYkhuSjRpa01BYmJlalB2YmtDTGJsRHUwQmtiQXh5YWlyUGprTGFMVVJiMHlkM3EvOVI4dzc4ajFmaUJaMHQzTmorS3NhZmJjak81YXpjeUh0T0JMTjVZbnVYcXBTeDRyaXFCekNVNFR5RXBCUWF5S0NJaGFBeVhzL0ZBZ25tdW1LalpERXNPczRpbWI1Q1lmeUdEekQwNlhrVjVFRHFDRDIxb0wzMnQ5MWxmNnVCRzQrQ3UyYzNmRFZxek5vVk90WHU3VHJ5VjRLK1B4MllOYWcrY3pMenM1eFBlRS91NjVSazhKMmZ3WHN5MTN4YVpJRUtKaHBRaGJ1bjFZYWZPczBQYS9qQnJ6d2RJdENab0RWZVBacnIzN0FxMnlUZHZEMDVjZVdDK0NHdVp4SUJEempzdUJOWDZLS1dWWVVXbE9jQmNIN1R4aWhqK2JzTXRMNjl4V2ExNWxBWWRPR3FhRmF1UlQyR1NFcnhwUlF4VG5aY0JwcHFCWEloUmhIaW9kK2ZqbWNnb3F6aTdCbVFGaHJOby9kN1g5ZkFwSHp3NkMvYlJNYlNWTUZxNmp2WXRFZ2FPYXhFUTNjbkNXVDZybWpSVkRpb2F3K1M4NTc3Tkh5ck9FVDFabFBKSkFnRGVPc0pWelVXVTZBSnAzejhXR0JYWlVoZUNZdzI4MS9MWGw2SU9iNnhQdlZNaytOVUZBMTB2NjZlenJmWVhXbVNsQ3czN1k0aXcxZUNHWTd1WmVsM1U4Ly9tN0tYaUp0NHA3a0RVOXdWVStqZW1VUHZQSTJ3R1JCbVF6YkdZR2hzd2VhaW5LWk0rSUdFUTBMVkhFczBMU1hPZzZqNFMrbE5saWlEa3RIUENWNXZaS1FYdWFVOXN0SGxXOTZVK3lpQUFmMWlsUEtYU2t4eXNTZHFvckpuTC9LSUlsa29HQ3ZtZmZTcW5pMDF1TEtuUTI5dnlZUEZUZXFMZHhTNHVYWjlyelVQWFJJRDc0OG1hc0VFSTFzSTh2Qm9KZmIzZUZBWUtpVVBQZk5iV0E3TjZHNVFJRzdDTFhYNUZWdHMrQlJmT3pjMGprYTVUeExwbWtza2ppQWNDeTdnOXl4bm5GaC94QVd1RzhsemhiY0dHbXZPVlhzUG9ITEttRWoxazdDUVIxWllXZWM5cUZYQlBqdm5FVmFVdkVFUHl2S1R0Yi9ZRlI1RUpMVktveFZrb0Z2RjZrNGRqb3JoTHlVdW91ck5NRWNrMHJDOUVEenJzdUJic1dpM3prbnMxWE8yd1B3aXBkaHM1SVNmOXNJdHZ2Q1h5THN3U2tLTXpYSEtuU25CSUhYUklMUUY4aUJzZHNvaXBIVWE2K3c4Q0MyU1Btb0RrYkx1b2dJZzRDNUZreGdTbzM1ZTM5Z0NmWUNLT0IwdVlTbktBYVVqN081NjhsUTN2a2hhTmdUanc2SStKZ0NpZlFGY3laMW9YTUtCR09pT25nT1AraFBFdUpUSmg5YTRPU3hqNDlPcFlka0ZUd0ZRbVdoL3VHclY2cllkdVQxNFlORExGdlIvNHVkcUJUUGNhS1BLdlNZVVM1TVFDQUVkSWN6YURVbVdxZXJLOW0rdTBVVTY5V1hQVVo4MFFvbXAzMmttOS9reU1iUDhZTjBxSVVxbjhUbUxyQUh4YkhZOEJ4TzB1SU1RQnQ5NUx3US9JQUtDdDI1SSsxQk5VMmVOVVlaVEJHUDR2N2hQaWNzZDVEZGFoeElUNTA5cnhuMWVzYlhOS2haSFl2bjZTN0Q4dURteEY2NE5xeW1wM05La2x1YStyZ1VtYzUxZVYyanE4cTBTMko5MEkrYXprQWdYam5GTzF0VUFUV0huclEvbU5RZnE1T3NkTEZ4UTVsUFpndllYYStzYytUbW5ha2ZRTkp3RVZ1RngyaVhuWWliVERDQkU5M2lqcCsvRW4yOTlGUGlGVlh5d1VHOFVOM3RDWVdxKzdQUFkwV2h3OEJwS2E0MWQrcDdIQUZZak5vQk9teDZXQzl3YW1DejB6QmJLWFJtYVhEcmVtRzFiSWFoN05KUjcxWnozS0NCeEQ4bW0vWkFQcUtZb0s4RjJIaUtsMnRMZTVrTFlidGdvYlpqTGhyb21lTTNxbHcwNW4wUXl5NkhFZVBoTDNRSmhNVG9qT3RYR2t2MmR3bEl3YU0wLzJYaml3S0VySHhwMWJXUVlSNktTbC9CSW5xcElEVjU4VXB0cG1FbDNtL3lXMTh0Y3ZWbnUwVUhZTXo5aHpZYjB3SUo2OFQ5MnZQVlZ2MVg2bmlBT3JPYXdKYnZSRlhoRWJVS1VHUWIyRzczTE5DdkljSlUzd0hENHdBWWw1bUF4OCtaSmVWVjQ4ZVJTUmNEYXM1ekUvOE8xeEZrZzgyVk1tQWdXMTVXSFE0ODNxdmRKcWJvc3FkcTNPS084SEw2NkNtYkJDRnR0UHhqNC9jMVhhTEVlLy9sbFFhRjByN0VWVFRjcFNVYk5MMnJhRkVWTUI2Wk8wSkZ6K3htbHFMcVhtTnV3MERyRDlMb3hJeGVxWGFTNktTdnh3MFVXR0dHaVhicm1UMU42Myt2dktXSUU5TmE3VUVwTFVBNUE3eHNleTdCencrcXZVQ2pFWHIzYUlhTHJBUkRTZVNPaHFqZENSTmJvYnhZZG40NDIxalY1RFVGcTdDTDBhTE9JNWQxbkNBUHBXMGJuRXdHcTkycmR4L0NMK0Y4cUcwa0dFM3ZpSUM5cDdUWVBnbGhhSWNLRk5GVUlOWWM2L3NUNzRiQkRyZ2NzdnFmWkZ6TDFoVWJUOVFVVEQvT3JtK2ZvejlUMGNPRDFsV2c3VlFseGJ6MUEwSjgveXNKV1ZVbjk3bEZ3TE9WSUpRNmxRNytkOHI1TU5ZVWUyaHhHWTBVOEovV3NKVkpON1NBZ2JzdUt0R2pyUVJHTWkrUnhDTVh2R292V04xSWo1ZVUzQzE2WGxaK0h5Y3RwWUplWm1YTGYyZFlqTmV1MzRLenVwekJPdTdMZk04Q3JxeHdGSzVRd1g4MXpjNlVzMFZaRFpJb0NHMW1NKzlibWZQQUJlMm1pcGEySXFvZDBuVVMzMTBDRHYwQ2VIa3ZOdFQ4cEJSK2FhdG43Y3pCMzRRWkJjc01jb3M0SVE0ZCtiL2wzdlM5dU83Z1ZwcisreGN6YkRuNS9JRnJzZDdhd05BS3EzSHBHQ1Zsd2xUanR6N0NVbmowbVZtTWpHdGdrb0tZZ1dKejNmVHpmZ044QzJrU3JqY0RieDZScE1MZXpyT2pudm9taUJLM0JaSjlzY05kRk5NNktiQmt2bzVsN3dmbXhIWFpjcVRxa0c5SHBPYnZHdi9kMlBTY1h5bG9QMHlwTzh3N1Fxck1Bd3FSaWRVTTdkVUlJbDAvVTFINVdUNXVuVFNjeWRaZGRlYjlkYzJGcDZvUUxuMUlFTmJ2ZEl3QzhDSnJLcWpGK1FWaTVlSll4Ylk1NW1yL0tpZ1pDaWY3MjFxMnRzRkxpbzRGY0k5aEVlZkI2TzJBa21VUWlKbnFTN1Bnbmg2QVJjeEYydCtTbmlyZC9vMEdIeHpwQjJ0K3ZsU05ONDNqbS9iYlR1WSt2RHVmUmZmMHRoUHdmSVU1b1Z3bTl2aWgxRGxBZ214STR6M2NGVGpaNGtwVGFveGJBVEVIZlpPS1I2MmNxQ05kWmFIanpPL0s2aXBsejIyV3h1RFFzclZrenhXQ1NzWkdhOW5EdGc1STZDcWhHRHNNR1I4TVpwVjhJRnUwd2xsZko0YVlFZW9wUG5XZFZCaGMrTXVzcmg2NEtJZWM5QThnbVZrMWx5a2NMVEQ2OWNxTUJlSkUxeEZIVzFoVGdvdTVIN0lNb0ZvNmhlcTlVZEpwYnN1dStJOWFpVXNlQ2tvMEZ4ckhjKzJUdWU0RkNKNUhYT2tTZTMxRTZjOHdaT3ZWaXhEWld4MHM0L3F4RzlDSG5QbjIxS1JVd1NBY3RmT3BxWWl4V29EODVMcGwvQXcxc0FWNHhvbmY2cjhSUUpDVzBLUUtoZ0FtVlpPLzh6c0o3ZWY0enZKN1NKNzl5dnMySHpMQ2drYUlLYWpmOHJ1V2Y1dk5EekNDTkRYVUdJaGQzMHJ5Z3RtcjlkU0dNRS9weHAvak9ZUm5qTWNrSUZROUVkcEhRdmdkaU1scDB1RDBaYWtDV205Y09iK2tmd25HMU5VMDFDcm53MXViNHBCYktBM083SUxjcGtJVGVkcWpOMFZuR0tQNEo5RHhsMTJXSExNc2JzZ3dGVGpraGp6NDhXdnZXZFRlUUxKRDdJek56MlNwcnRvNjJJYXpjZ3BreHV0THRHb3E5citKZGtnczRmdC9pV3ZKVXhWWkNOOGdWbVFLOUtFS2h2bXJpbm9sUHBBVzk3UWxncFJQeHFURWwvaEpNamlYV2pFVHB0NC8rTURoYllMRkdhRTMvMTYzbTF0VDVOSzRCTHV4My9FS2xXNlk5UFV6V0l2K2ovV3lpenJtYXRsNmMyUkFSVlMvUGZsOXZhdTBSU3JuZ0ZwZEZXNHlRWU5KZUl1R0NYVExpeHZyRHVUSkdNaEhOdjI4WlY2RFpvR21VRWpYaDdGamtBUTB2UEhNUTg2RHpobE4zNUgvemt5TmNJbCtGbGFWUWZFUDIra1p4aXBBeUhBV2h2YjlRRWFHZy9WeVJMZzh6bmVEL3hMRkZrcFFCM0RoK0JPWTRadkFRdEp1ZkZmNjRacm9OZm56dThzeUw3TXJkbjhJTk1NaS8zclptVnhsYU15ZHk5QUl5dVZqMnY2ak9aSXdXYWFIUlV1LzdieGdxWHl6eENqRWFiSjdhM1RIeW1IcFUydncvZllTL1lST0VLZ2I3TDFMS0RvSzEwWjRxY1RhYldJS3NHRGMzdUs4MEtYZnpPUGdRU0x2YjRPWkhPTVkza0kxUFBPV1RpTUpPdjZMb3FQWnpMZFJFdk5lay9YTm1WWW9yeCs1STQ3Y1c3cEZXVUxpRE5rd21DWHRNSUNhdE1aR1FIWWJ1eUNkek5GblIyc3JwSXdkZTVrRlZwUFExTy84QXhQU0hlRW5EY3d2NVpUNTlack4vZExzbjZGRHZUUG40dDl6ZGVCMUthaEI3U01wenNTTXVvUkVZN2FUSDRlU1k4ZzgxN3dDbXo5SkhnbHd1Ry91UDNoVHgxdFUrczJOdlFCcEFOanhwYWFjRGFQSEZ3VTRtdVRXYUxicGYrRVpZVndOTUV0bkI1MEJ2TnZoMnZOR3BBK09iYk16d0Fyb2wwa2wvUkVhRmdsaGxyZ1FPTmJBOEQrTFF6cWtTWnBHVnN4UnlFOHJoOUN1cXY1UEVBUHA1MGdJV0RaK1ZSR1ZXUTFETThFVklFOWx6V2w0aXN6UlhFaDkxZ0ZBbTY2WkFaQW1uOUlnT3ZJUEk0aDN2eTc0b3hTM3JGajMwQVhsY2sySFYweDFGODlMd1lVbDlCSVh4MXkxVFhZRklNQ0c4L2FMcWEzNVB3SUQvM0JNcUwwYUVBSjVqWm1vK0hXYWpIbkpmSTBQVzdZakxuUFovL045ZkMvb1VPbnFVZGNFZWxSZmtkYkxuREMrZ203TGs5QVN0UzNJQTFuOGxSYnhvUTVYRlNRUXlHV3h2c2EyWk5qWnNuMWlwV0tIck9PM2tnTDdpcWVKQS8xMnhhbjhTbit2MC80OEhQSjdhK1Q2eGh3ekxJZnhlUWJKdkpmSnRHVDZqYUR0bWZTZGJoQ1N4WDZiZXFlSVNuOUxmUWRHc3ZvT3RFN2lYZnJGa3pXZ2F0WlBSZy9SMXoxYlBDYUFSbU91am84NU5ubk56eDlNWXZFS0JBM0hZRFZVU2dWM1ZDajBaUXp4aWwwV2NYdUlBRUpOUm5yQURqYXFuSHpVTmZYNUUwOVZoclo1U29jSGZMb05QcjhoNktGMlM0Qmg3T01lTHQvUjNmQjduNGdTNC8rRUxWbEdkQkVBeDBxZVlmNzBTNXpoTWtRUHRnV3c4eXhSVTR1REFRa2d2UlM3R0VwTUpkc1RLenM0UHdpVGpROUhocndkM0VacVhnNFZlV0tiSmFNb3JWN2xjOEovcHB6QjdWSHM1aGlqYkFIcFRIZDkrOUFzSzVVWTNaQWFMbGlqSUF6R201QVhoNVVZdkRCRkNuVmhUc1ZIdzUrNFpkQnBCUllkaitSZWlhSVQvdnplNStRVGRTdlRhVThXRTg0NnRQVEJucmM3MnNsRHlhalpyTXY0ZGhIQmdRNHJDWXFoUUZqSUtSRENxeHlIVVFvMWkrcjd0ZjFOK1cxcGl2NVVITjMvRkI4ME01Nkk2NmZvTWUvNVJZVkl4Ui9BclNyMWQ2ak5xbk1ISGlhRWVodk44YTl2b0UzQmorNjJpSXhuaE5WVytKbHNkUkRDbCs4QWRXZXNKQ255bFBnOWNuSjc1dEFMYkk0TGsycDZVVzdxVnp4cjNzQVN0b1RSa09QNTVva3N1SXRIRjl5UTlNRFY1UVhOM3poWWJMK2FRTmgwZnRCQ1R5ZGlTOHNsZTJPUzlxamtHREV3Tnhpd09jVTZTQ2xFTDNWczdFeDRnZHFXNndhQmZZdzg4TGU0b2ZWeGEzUW9zcExNbHNPdUd3YldxNzBxVGMweTBTbmNvQ00ycitWS1pvVCtib0d3czRaV093T1JHMmYzZmdVaFhyeE1UVDBUY3ZXRFh5SmxITVZJbVhiWUdna0d6QWF2R0NpbUZQQitrTFhlYlBkNUNLcmdXY2ZBYjdRV0I2dkpFanJiSDQ2eXJQK2ZNaGRJS2NGbE1vQ3BUaE1odGtnRGEzeWM3OG9NS2QxeVlPT1BFaWNVU25EWVVGeTBEYXM4Y1h2TWdVSzIzMzBlbmNjd1MyYW11VE4rQ0p5WnZnV0Q4bTVIcG9RaEQ4S05ZTTJ5dkl5WGw1VGxCenVHdy9BWDRFdklnRFh3WUlRcVM2YVdWSGF3R0N5Q3d2Y0Y5QjhnQVQ3c0pWSUdvcE1mdVFpRk5pMkxlYnA5QnJNZyt2MVRZODBxcTFRS2Nrays1VkhrTkxRSG5VMkZLODF2QW04OCtuNG16SlJKbjdpZ2d2OThZK0V4K2oxdW1HN3NsVEUwcU5IU3BRcUIwVEg1YU1HNXUzTCtMUjRoK1lFUjl5TU9KbXV0RWhVRlhhVFV3UGR1MmlvOHlTV0NGRzgzdGpuUkFBd3V6M0paWk1VVVRNMy9LWHMzcmlHejNia1Bmd0tZbG4va1ZGSTFtbW5LRm5yNmdaMDMxRUhGcjVrUnMwOEI3MjVvRks3VXFmNEE5L1NBVG1iOElacnN6eWRtamRBdFZsSjR1ckVIY25adXFyZlR4S3VDSlQzYXVuamNnV1pINzBacVFyYThXT3VkaXovWnQ5aHNiTUY4MkpkSFZ1NlYyYlJQeWtIbkYzOFdjSmM4SnZSUUptcnRjY0J3WG8vRllsWGVwSE0yRlBWM055QkFnd1pPaVMrNUxUNk84a2tDa3p4czZKUHhkSGRHN3R6VGh5TlpLNDBFZ2V6cjE1VVpVamtjYnNObHI1NmZNaU1BSFhjL3NoeENndXkzZFVOelRGVDE3OStkUFpaMGJ4aW1UWm45U21OemNFN3EzaUR1aFUyMEQzVklFU0ZOMGFCZ2E1UlZWWmp1dUgyZ1pwa1VkU2IxKzFJQmNtVWgwRUZqVmVCOWtudTNKOHhEZVlJTnFQNWZJRklrRlpteWxjdmlSaFNXa2RLV1VMVmZ4d2pkTHh3Tm9BcnpwRVIxeU9aSlFwUlB5UkFOZXZKaFhpNXNzQ0tFbjhZVDY0bkJpNktLSkh0T24zZCt6UCtLOUVRRFBKOTdiUjB1L241TE5TSk43anBoSThiakVZWGN0MnFqbFFoTitOeWlZSkkyRVVXM3lUVjQ1SUxYTURNOXh2MFR1UTE1b2lvdXNkRDI5akF5Q2Q5NHFOdjBVY3R2dWRyV1p5bGc5bXVxN3NmZHFzbXY0cGVKbWFCaUorRjJOWTlJaDRaSmVEdWltRE9vY0VGM0wxMy9LdmN1SmswUDJaWjU3SDJzbzlBcS9FTG9DVU94U2QyZi9iU0drdXNOTnM2aStpeS9OWXZJRU9Lc0RTSi92Y0dMRE5jMCt5Z0JwUmNSVWZKeWhXcTM5RHhOcEl2NTV4bWN2ZWlLck84NlVQQXlTazBhREFjc295OEpvU1RmU3VhY2RUcHdXS1JEUHJTMzJSUlNjL1ErWUdMSnFSdWtZdS9uTm1kMkdiZ1p5VUNuZlZ2bExiUW93d2EzQTlIT1BTNW1yUlIyZmkyODVVd2QrTTNMa1J3QVdFM2lOSHAvQnVoZjlLNDRDSHpGSWsxckovNFY2OWEwRndQc3hvaTZvV0w0d1l2UlNkSzZqRm5YNnNYM255ZGwzWDh3NTlleFVTTmFBSERDaEthdytHa081T0JWdVVrbWdpcXorV0RCQUFPUHNRWllSbjNkK3JxOXJpM05lL3I5QTFtSGtQTGcvcnNOSkZIQ3d0ZU5IaGU5MmtyTmNnRVJrR29JUGxZSTE4Yi9OZkVLYVJpaDRQTnJ5ZlVwVGVsZDBnR05meHZIRGIyUW1OaUJQWUZNUk8yS0NnZ1dhbitSQnRKMkwrbTJxbmRkK2Z3d3ZuTjJqQmFkMzN0eVMrbjgvbDFRbGRJNlcvcXIyK2czcW5NUGxPYXZWWk5ZRWZnZC83VGZndzBZam00eFJnNXBWNXY4TU5zTmdZN2FwTzNQZjcrM3c4Wldkc3VHMDM3WHp2K2FFRkdwNHBCL1FOV1cvaDl1ZVF0WHg5cEZnd0FrVUNBaEljSTU4NnNEeHkxM0o4RXhiOG1hMUM5RWVTYXdDTXE2TFdsM3FzUXJDZkZnQldUM0VxY1d6MmN1bkNCOVo0bzZLQ3NSNTJFQ1pqQVJsWkoxNWQwU2pDbmc1OXVQZnJ0a1RveXlpVzJTc0duVHZxeURyRXRERzdYWVhYYWRLRzhqWW5zT1hUdmRjUUJjc3grVWhmc283b0N2cTNuRmFBVTd1c3BWYnhHaEN0TEhuaEozSnRpWm5waDlzd0lPcWJmclhXbmdpaVpialhkZzNSMTE3Y0tQVGtpS2dubUYvL3JsY2xKY1dUdVJWTmhsNHA2TUlOWllBMlJacW51RU1tcHpaZEEwL3docGdJQm12VFNqQ09uUnJWZlEyc1ZTK2IvMzJnVjQ3a0hvenAySjZzZ0tMejhBTWd5NCtNZ0ZxUURrWVE1cFFaZERNdklHTk43RmwrbjFKZkJ4THUzOC9KVFJUVVhCZ2FrcWZrV0RBSFloSTFWVVFmVWJiTVlkYTFBTXdxelQ0M3VLalJSUUUrQXhHL0RqTHpmMkswSnJSTEJZRXBmVVRteVdDVTFrQkhYTWV2WjlPSVhCdm4zWkxYblF3dUtnMFRCVG1TRUVuNjBUR0tzS1BWakJhRVRBU0RDcU5nRjlpRElnUm80YktseUI0U3BVMFEwSmtpTDV5TFhEZXdKNnZ1K0xjZWY5dWtIZHIwQ1pEZFRacC8xWEdpVit3RFExL0lNNFJLSExBa1hZSXU1SUNTa3pYVWMvTGJHd3R5ODRwMjVxZkdBMTlSQnpHK1FRajIreVA0a1RzT0pYcjJ1bGRUM0NaQXM1NzZqY0NEdUx3N3dOTFZHeEdOdFZ6ZUJtak9KSldiSlpNZlJjTFZWRU9HcFlkYWRlT21FbW1qUFJDNUV3eHkzR09DczZtTVJSa08yU2NPd2wyTDZ0dmJJNVBQemYvM0Vzd2lHZDI2Y2tJVnRnWGt5b2wxZ0k2bzlMUHpMY3VNVjNEUWJJdGN0VnRmcHB2cDJzaFJuQnVYOFl1L2Y2eGdWc2E2Wm41VStZYzEyTDNBUXBCTlZMOG1Jc01oVnVibzdXS3MwTDZ5eU9CYW1OTDAxTko5M3VLTlp5TVJQVUpzcGNOZDBRSmRyRjdpZHhvTHRmN1AwQXFFaml1Wkl1Nng0U2dyR2pOWnJic3BYNDhHZU9kQ3lBbUF1U3JTS2xjVnFPL1dDbFZLN2JSU2hlYUp2UXZZcEJycmhMUlR5WlRIYVZEZ0M3TUxlWitnbnpkYlBMTjd1TnY0NUdOU0s5SG56WVZPaFczWE9xT2hoR25renRKa2JPZUdaQmQrRmRPd3ZaeUxmMmpvVGhtM0YvT3c3c1FXOGdnQ1AzNUpLeTVTbENyS1lyUXljWDU3RWptOC9jaTJ1SVlaQ3FZSEtJZVhQWUtDZ1lXN2pEcXdlNGdYazBaenFDRW92eWhjSlpLRFZTRXJyb2hiN2p0bHJvV0M2dFZXclFzOXdpMmR0bDlET1Z6SDVJR0l1bGl4cy9IZXZiNmZnVnA0Ym9LdDhneUt5NWw4c1RnWjJHQzMrbGlqZXBuWjdxQVE0akVuaFpKTllRdVRwSUxpVmtodlV5Q2lod0NLK1ZLb2pmclJjMVM5VFVZVHpzSy9yT3dyREdxOXhxK3FCSHE1Rkt3V1pkYjVLYTRjanl5ZUZ0b3IxZWhhbjd3djZHaG00MWhwQnJjanRZZmo0R09JTURyNGsrdHY0ZU5vUVNmcGo4dmptVERpTGd4ZHoyQXBJbzdvOFh2S1NWSUhTUCs3cEVvblUwSVczb1k1M29VNzdOM3RvOGNDcjM1SkxpU3BGQ0NVQUZBT0dQcUJLN0U1RkdIS2wwM3JqWlhtdmZTbUZBVGJ6WmE3aXJMd2NWOHZ0MW1veURQTXBvWk1LSk81SzVrNEpCQXhnVnh2UDMxakxWQnZvbDNxeitaOFVVOTBzYitWZEh6YWN3QWNvUHVPV3FSSVFqN1VHZGMxemJrcFRQYWJOZUNjOXpkd0syTTd0Rk1wQVNFMHFSeUdSWU56VVp3UGVyRUplYzBYN055RXdBYkRRc3ZIVzlJOCsrZ1BUTzhlbnFkSlE1cXdrVjQydUhrc01UTjFRUlhSNTRDU2FtdnYwMFVhR3o4VUlJTW5TdGIrWEFSbkxJalFaOUtWdHJTczNTdDFPNVZTUUtzSm9QazV5YXc1RkF6U0NTNHIvaGp3UGJqOHJ4MFd2aWtVRmFhUXdLQlBDdzhDOWppSDhwLzZTV3JYcUZUU25JZnozaXpBV09aSzg4djJ5NGNFN1NYWExJcUpiYVFvYWtqZ2FoU3lPTXVEazlKTVI0TGxuZXV6eHhzdVFacmVGZ1lRVUc0Q2RWbU9rSWFHeDlzQmk3TXBidFM1cUpzS1QzajlLV3pYNGtIeU1xV1FxcE5CMUxaek9DQmI3SUhwY01iandSUXFoTnQ2dXhTNE5FemEzSTlZc3FtaXRIaEEwcWltUmJoT2lDUWNZSGJhaHdFdzJLKy9EWDZVczZWQnBpSG5YRXFDUU9yWGg5UGhkelVwYXM4NTZxZWF3RDVDUnFpbHh5b09zNWFxV2llUDY4Z1JxMlZFT1d1OElxZngxS053bEpkUHZsZER1UzFxa1hyN3hPTkNNcC9qTS90OTVPU1BzbkdWTlA0SkkxanVzM0lqYXljUGZWRHQ1ZFBLVVdFNjNCZnlTa3QxeXpVRjdMOFhtUTE2T1hNd3ZUdTZjdUVxdy9iaWh2ZHg4eUR5TnNhOXo1TGVaWHB3aG1FRG4wcGUrNm5Cb2NwTis2VHEvQVlKOUk2cVBvdmtIUEowZktlMFJmQ2N0YjJuS3ovQUtyWUdXQ3g0QWlaZGJJSVIyYWdMcEVnOUgzVjZHY1ZERlIvZkxuRXJnWWpJLzI1UG1aemVpWGcwS0ZyTWwwbmNDNmdnNnRrV0hhdE1La2VOVmVVcStlS0NFQ2VncThPYklvMnJBditXamxaMEswNGVMVUJ4dXFvaEEzRlZBZU9rSkU4bzFOU1R5R0k1dk83eEtYTU9LYlZvR3pIS1ljSTg4Wm1VTWxnPTo6e0rMwi6s0N++50Uby2vikw==', '2018-12-29 06:39:03', '2019-01-08 07:54:20', 0),
(8, 28, 4, 'K0pOMG40dG0yVVplQm4zb1RsNnIzcEhnbVg3ZjhBY3JRanZiRCtQdmUxTWQySnFIZGptNDRIQzRzUFN1OThnbGU5enJwTUt0dTFpV2JqRForOElUejVQRHhSYVRGdG1TaEdnTDMyMFR1ZVVTMlJiTkc2Q0dNQkk0ZlRhNjVhRkVsckFYRDA0ZS95Nm5KOWtBOFRjbnZXQktYWFdqT2laQ3RXRkRFRnJOZG9wWERCM3ZOVFpHNWt4RVZEL0gzdlZVcGZrV0h3b3FVY1JkZHlPelVkaVorUTN2R1d4QlE4cVUxTXdqUmJmaVR6djMyaUtjLy8zdHBOMDhEQmpKaS9XODhXdE44WERmOWREQ1dPemM0alpYbnQxQzY0OVlieWoweFhoK1JnTmFEYmhWdVovYkxrS040aDU5QVB4SzZMckozMjF6VE96ZStJRUxYaDRDenJobWNOWjlmNCtOck5PNDRlSjZYUzZtV1ZUZldnclJlZmZnOThRVHBtMy9DVDRPQUlPYjVLcUp3T0NhRTROMTFRb0E5Ung5THovbjYzbVQydUYzbWZKUnBjaXo2bFF1cmFEbUNnaUFFMXZmUE1uNlpHOHMzNmt0TWUrcHU2bjZ4T2U5QngxbkhrZmhiYk9yQXdqZjJTTmlZRVdGc3Z1WnQweFUzRWMrNGtOeGZveGNYWFhnMGxwU3BrQVNhVUtWcTFQNk5tazFvYVY4TXVaZ3NkeFFKM1ZWVjR5eTZseTBSWm04MDBxb0dQbnROSndQREduS2orMHpoaC9VQnIrMUgzaVFFbkh2YUU3a3FwQ3VmbkhuWEhhRkJWa3lpejRYRlF6VTh6MTIwTWNPeHdOR2FsU3BwZ284bnFCeC9CdmtnWVNMWEtwakRyVHFzdlpkdk1vS01UTEhJY0dLbXRFR1gwWUoweE9XM2U5UUpZRHNnTG5lWDBPYlZySE9PdHNmUnd3VkFkQk5YL2MxejY4RkpzYTl0bHp3dWU4eEthQWlrK0V2VnZwMXRRSFppU1VCYmg0Q21jNk1CaHIxVU0rS05ob3pPRWFHRW9jS0h2OTd1VmZGNTRZbXVGbGR2clk3Q0M4MGFYNmZRUEZ0Vndxak1SdlFpVU51c2NEODBpS3FnY2FTSFU4UFJRemZXeVgxZExCUTd1OWgyQVE4MG9NbTgwRXpjWUdxN0JXWUtvbEhQbnFKdTRQd3l4YjFqUFhNT1FjeURHM0FtRTYwVC9zbkF6aUpRNG94UER0alpyY05sMTROcWFxdEJmWW1aMWJKU0JDRnVPSlViZzdxYW5KRmduR3FPSGs4ZzZrcTF6YzZsRHFHNlNjT0lyZ2VJeGswMmFHd2JabGNYbjluL1I0SmJXZ0MzZ01PQXRsVWt4cFNndk9NTExveERzMzRUQVpZN0o0SWdsd3dHWVFTZG9nRytUZmNaOXIxWGJOeVZtenJZdStFeGNMRkRkTkJNN0JpR2FtKzQ3YTREVGNvcWQyMmFUZXFVbytGcVlUNGhjZlNBU3pTa3orY0p5REoyeCt4YkpTcDR4aHpPeGtNcWYwM2lJYUNTYnFpWEJYYjA3cDU2Z3NENTIrbkRMczNLeHFhcnoralVQb1VUcThYa1hrVnRLbEFFRlZaNFdackRSMmt1Z3drYytxbVl5NUpyV1I1dUNUSExsZ0NGaUxJSFZaZzA4b2Z4eVdCU25FRkpNS0wrVUdFaThRRnZOTUk4L1VDcXdxRHZMcmJTNTZhV0NSbnVVenRVSExwVWpMYlhvSmd6emN1T0pYT1RQQ1RORVAwbjM2RHFPKy9pV29PTlU0OHpqdlo1cW5yMXIxcnFMLzd0enZmOG10bkNSeXBxeW41MlJGd0JIdGJIRnlnamMxcXorMlNjbEtGS3NkUmFWdzZoS3Q3clFGaGk0WHRlL1J5T29XdU9YS0YwUlFqT0JKdzRpUUgvVlljbjQrUmNQcmE4S1Z3ZkwxR3hxTHBYNHRPVmxINEhrQS9UbEU1ZnVvOHhhc1JSa3BDcWdSZ0RjVndpMk1GQzRIMVdPWFh6STFXbVdJSDlXWWx0Z00xMitJNVh2bU14ckIwNFU2eVBPYnQ1WVlkTUV2L1pLdDZLMEo0cXdxVWpXK0hVeTZZeUNoNG1hYUVwU1J5UFk3T0Vuc0doWmhDTHY3SnFlVUlpejh3cFpYWlZIcmptbndidlVYK2lhTXNmZ0NmQVg5WXhFYkI3eUFuT2k0YUx5Ym9vZUFEaVdaaHhaY3JHNENiaGtEM0Z6Zi9kR3FEVkQyZnBOWjU3YXZlQ1l6NVgrQ3hpT21XcWZQYks4RjJsdyswbG1UK2tibnhQemNQd2FmRUNZZk54U2o3VGZxeUR1TCtkR1k3d3NPajhKVmo3OTRDU3BzTmR1VitiNjhiTGxTbUVPSG9MU3p0eDdNUU1UdEF3ZmI4ZkU5d0paUm9MV1gxWmVWTVNQVy9IRnAxUzM1cGhMT1N0YUk0TVppTitnUG1aeHBSVnphMVJYWFJHZG5Eb3NqVlkvbUoybmtUQlZZYUhDb1Y2VkoxVnhCaFZTOWZJQ29kajl5SVN6VlI0SVRqeFc3emIvSkNQcnZ5d2pPeEdkTkRicVJ6NTZEZEVXNUtoS0xXSlNEVTFPWThzL3hXVmNhMU5mUXp5b3E5M3FHOHF3OTZ2ZThVVGl5YlNxejFzSFkvc2ZFbVZwOEJRanVIQTdzYW9wemQ1OWpVNVlaM1FRTE9pTlU4d2VxREhvUEVMWTh5SHZ2NTRDMFRQT1FQSGpkZjRqckp3ekw2cDVRSW45VFhkYmxMZE4rY0MzTGZJL1hPSkYyaTlLQm9KUWRGZ0M0QWRobHdkdjN4S0o1MS9aeG1UVStCS0NkaDYxNjJOMExFd21KbzN4QlhoWVRSd2wvRXh6OHdvUzh1c25TQXA4UjlTYXJURWhzcDFxRTlLdEV6dEh6MDdORzJrQWF5RWt6b1R6ZXkwNzI3U0hydWJwS3VIcXljTWFkUVRzRGdYWWlqRitBZzFsaGlXUDF6N2N3MEFTQWIxVkJ3UmgwenNJSFBWdDIwbEF6bmMzMnZqMnAvbEp6dEh0SVpab0NwVXpEQ2VwVHNURm10RE8zdUZITU5ZU2sxSm5wVWJkcXNmdU15S3c3eHZCOG1XZjd2OElJdTE2VFd1S3BKcnhPKzdZU0x0N0w0ME9pakpYRTJSMDM2U2FNRkxTWkZyMTNqWExQK3FrWCtSUm53eHEvdUtsVndLejBEK0pkTGVnVkRHNGZlVmdmRTg5OVp2bzhvdTc3MFRJSm96T3hiTjJ5cFhZVkFDKzYyOWVxek0vTUd1SDJtR1VkaVAyaEVOeUZSQS9zTlVreUhWSmJiMGRsa3ZrVFhoR2pjYVQ5ek4yRks2Z3BpbDJQRHg5bG1jYmI3SVJmY01lL2loZk9QZWhQaHdicVhuSlZXbFBEckFXRnh1ZGx0V1hwQnRMUE5NaUZOWVdRZDZ0NTkxdkRuS2RKdFVmM1FNNlJBamJEUmlOK2VKd1phVjBKYlgzM2hCYlkxRndpbVQzVEVqSVZvYVZuNTZQdVR5SllnNGFJMVkxWlA5dVk4T1JML3l2dDJDZkd0c2k2aFQ4dnRQcUdpWkhrMEFXTUd2dUNsL0NvZkd4em5kb1JZREd2ci9VcWIwb2F5bE1BU0RUVXMzdU1RdlJIbTBMd0tGNjFiZzg2ZXVaSWk0MVpTazRJNFNKdCtOYTlweFpydFgrbEtxWURkcG43NUZSWVR6STViZGJQdG83ZjlrTGtEby9UUXFuZERlVDZabTcwRjNGMHBYZStSdEFOU05GUUpoSSs2MnluT1NKanlxVEFsQkVVVGtzRU5MTXhlemZaNytvOGFDcVBxSndQVCtWYlVJU3plRjFnL0Ntd0tYTTNuUUN3ZCtQT0o3aC80VFQrZWVJZDNCeVE2YWtNV2t1T2UrTTB1eG9ER2FCVkZHSzJlKzM1b1JPd2szMzBubjJTN003a0s4NzNaVFBib1U4RGV1ckhkZHBHUUpsUEg4M2htbUEwdG1NUFhwN0duRVpHTmNuNWJMS0hPT1IvaXBsV2pmVWpKbHRmVlp1dGhKQ0w0MWtvR3AxNWR3VG5qS1dCcmE4NnNyNi9ZdVFWTWptcW4rbGp5Qnh1VE1TdU1MdXRzb0hpNkwyTFhsNEhmZTVlTDVBc0h5dEZkcUMrRHQzajBGcTJjaDVrbDRyQWszaXRLOExSZm9aUlVrVmZUQkNzVGdwNVFZQ0R0QzFuZVhmRFkrSTJCUks2LzBlbldkd3BSclBMUEdvS3pheE5sUGVoR001VUZDSmJTVy9BZXJlbU9yM05IR2d0TVJOZERzT0dyZnJXZDd4MXRHbnJlVk1OdmdEaDdwMDRWb3d4VXpFdExDMVpyQTVGZUdJQTZHQkY5Z0ZIaUtzeC9JNXhHcWovQVE1NDYzSXA1clFEYW91R3kraERnb0FnNUZ4WDlTZlVEelNUcUZJcVJCUkVhVnRtc2Jja3gyOVNORy9DZXlVQ2VvaUhrTnc0d1dJOEhkS0ttUHpnRjQ1SnJRdHprckZhRHhnZFJqdGhEWlFLQURwc3dORnN1M0MxOE41QnFqUytrK28yUEF3Mi9Zcy9PMDQyOE1VdThoR0JsQTZsd3RTN0RuY1NiaFQvVzJKbUgzZjZMWVB3UWpwT1NkQ3BRemVLaFAvYlZ2UjlVRkNSSy92M2NQOHNVR0I2Wkd6UGpmVFYwQmRodDZUSUR3K3BvUllzbmgzS3haMTFnYU50Ry9HNUUvR0kyV0ZFbnBiOTdEUUJISDBpeVo0RER0VC9mWXcva2lkeDdsZ3UwNkhLUmMrQmM1N2R3VTlTTU5TQmlXRndHcDh1NEV1emNJU09WN1NFeDBCd0dkeSs0a0VsRm1BWTBIVmI1TFRsUW9ZREwyMEp5RDV3RVRFWmlsNUMxYUo5OUpMMEZpWHowNzFhUVZpWEk2bG44NDl4UWREcUhHTkV5MFZtZ0FDd2ZJWXhGR0dJVUp6blRqanlIRDc0aVNBMXpPT09FSFViemlaMkdDckRBRHVaWDQwT05LTC9nR25XMXFjUVhUMGlwTjFZZUNHeW9lVC9aSG5ORlhMR3lKc2NtWlVkMHdmUzlna1l1MUh3NTJFUGFBWVBucmZJVzM5TWkzK25MdG1KalhFTEVsMS8yeXlFOG5TeW9JNU9yTEJQVDdDWVZHYzRPVmRvTXFCQlBmNGZZaHFXdXFzZXNyZVJxRlJ6ZFZScks5YlhueGE2SXUzYnJISzhPZnV3a09sZ016ak8yays4MWxBSU50dmhLV1ZBVm1MQnplRW5tdkw0V0tzSmxOK2JSVklmSDMwUS9KaDVqeWJlcVA0UnRhV1I0dXdkYjFNbytMVytSSVJVcWpXSkROV1FTM3MvZGFWSjlqL3VYcU02a0FnVGhBMUtWSTdudzNwQTBLMWphVXZOcmVZbHQyVVZiSTFwZXM3ZEJWeXVEQ2krRythdGVqemlUdTYyUVd5NTdFOTByaERSOWlIanBFeVhiK0w2ZmFQODd1RTQxbFcyWXNpOFRCWmNTSjdHYWxyNWlzOFZXMlBOV0NBb0FzUi9pcmNoaTNsSTlPOXhkaktmWFVOQW90RkNyL251dGJMMFhZRjNQaDhYY3psbThjUWtTZ1FzWFJjNEx4cnRlRit4NmFKS0xYMUxaOTBKUUMvbnZ6NlBoSE1XT3JKMkd2K1VsUzE5QVdjcVRIczltdmlSWnNpbCs4QjNzWGdybWZKaUE5VnoyZ2JrWUsvcE9DK0dETnJEbGhBR01rM2poZTB3SU9wUFRRQ0RLelhFaTJ3KzJ5MytVQnNiRGhKSTR0Vk9TVFF5S2JkdEt6ZWRzZmpqY1BMUGFUeHRROWFtbXFBNWdVVjJIaEkrdWZTTkVXOFBNZE9obTRYNHhtWCtaMmg0OU9IWDZFM05jVTUvdHJHQ09YdzVNeGZEdUM3cW5EYVRzNEdSeVF3VFMzZVg3MTB5YmFDeEV2b1BkMDVOaGVrT3ExVXJpbTVqajBxanZJUWErRXRGS0RPVS9BZlpFWVhnc1p5N1NOVGc1QUNCYnVaMkhQZEYramFJdGhJS0NJUFV6eVd2UDFtSS9yeUVsaC9xdHFYbkk5VW9FdmNsUWs3ZGRaL0lhdEJtZHUvL3BRV1l1TUN1U202dzBMeGxpdTNzaTFWRmVsNHhiUTc5OHdkbFRRTEZWUFdlTjNGWmVpdjhnazYzRmNxU2hQcTFYVFo4YlJ3Qm1ack8rZ3FwbXpGTitHdkd2cnF5cmpqT2ZiaUNkVHEvWTF6K2tJcUI2TW5QdG9uWkp2QVBQeDU2eXdjRWFXd3lsbE5EY0dFSmxhd2JTdnRldHhVVElaZ0FaKzRXRlNiUVNBMCtuN3BvcGJuK2hoa2dac3BlY1JNSStWaFlyTk9sanNNcjdza2pmS2x4L01WQ290RWp4aW1UNHFBSFdEalcwTUozRCtlblVCd1lxc3N4djdEMUVPVEV1UkptUkIxTHFFdE13aWJLeU5WZ1lKdjJpY0svb0E5OUg2N282d1FrTUtJenJDKzZmajZDcWZqeEtYMWYzYThYbngxMGNrSkd6Vm9OZXlRWUdPQTExYkNTRmdNUWVTblZESXlvVEV4blRLa1YxQU84YnhNM2lsN21HL1IwcXNwbjdWQzJtdkNYeTRCQy9GeUxRd1ZJU3JPT3JkZzgydkh3WmNhMExhajhRSmNyUTdodWRvamUzc2taWCtGODlCc2pJMDdRTkxkTWxDSmxXd3IxVWp0UmdDUENFQ2tQWnFFbnFWaGtQL2RHbFJZUzZsOVc4OXc5ZlRBRllZL3NsTThiY3BFcjB6a25qdlJaNU5tRktPVVNncTY2VmJFblJWZjA2VlEzWTNmN3VqL0VuZ2o5Wm1xRmlOMXVXWFVQMWlQa3I0LzhBeVVSb1N0UjdYSDVpRlRVdFMvamlPZVIwd0NNdkdmckV5SEdqNEJROUZnQmMzVGsyV09oNXBBNWYwZlUwemk2dXVVRjQ5L0lZRFZrcnA1am5WbTFBd2ZLaDMzTFRZU2o0ZnhwN3JjM0d4enJ3ajJ3MUlkSWZYck9rUFFkUUppTktIbllkU1dPdFFLWkF3Q2ZqckRWTHBBTjJnTmR0ZFYxSjhYcU1EdzQ5Z3BiVlRHU3hTck9SVmZ4UEY0UDBIa29WT1cwQytDQjNRY2VkVVZLN2tOakQ4dUdjK1pTMXJNVk1IQmk0eUhlaHI2d3RpdlhscG51QjhheExzYTBNWXVIV3ltTkU5VG5TMFl0R3UwbjRRaU9HTDhEbVF4TUFxNEx3TWZlVEt1ZjdCOVJzNWNweXFmMkR5YmFRQzE0eFJzMnJ5OGUzY0hrbGVxMWJpczVXdmMxMS9CZ0dBVmZCa0pFV2pPZm0wSWFhZW9JZUdxeTNXMVBTbjZzblNuZnFkZzNvYm8xQzg2QmJMbGVQeUtWMEphbWJjUDA0bFY3dWdVa1VJZDVxK1BhTnl3RUt5Ry83QkZIUmNCa2hlOHoyZytreFV3cGFqOW1zOUM0a2ptcmZhVno5aHlxNG8yc2dXY204Y20yblg0YUNpQjZGc3NCeWhFYlRaM21mb21Eb1dzcnE1WnUrK2Ntd1V3TkluUzgxMnNTSWVoVG1XTVh0UFlrZUc4QXZOUEFHU0JRUzYxWFVYSTNlZHFCaHhZU1REenlTUjlSL0t4RG94Szg0UWNJWnZGQk8wUlI4cmkvSWxqSU1EcjVSRHdDVEI4YlNzbXJLM3JGUEdZTllFYW1PRS9FVk9Qb3gyWUVGWDFFT2pJdkZYQ1U5YURUVEVxS010bkszZG1xQmNndTM0MU9OckFuUkYrZklYYksrU1J1ZXNyVkdKTzIxVXlTOEJnakZ5aFR6ZXpaMDZVdWlLaEV3ckc1cTYzdVZrT3YvRXB3Q2piWjMxZm1TSUE0Z0pBUzJxT3lJRzFUc28vVWl3VFNTcDNEc0dDWDZEZXozeTU0TytDRzRpU1pGMTRIRExNdHN4NW5aQmxLeWgzcmw5dnhyNHl2VU10ZDVDTlo5ZHJ1QnlsNFIxcDZHbEdNVWhpdGMrMkpIcEQwSVU0UXpGWXdCNXg5TWR5TUZGZjVPY2VJdGttSXljZ1AzWEttTU92ODV0QTc5Rng0REN5NU1NblpZbTJ5U2lzWCtyYkFDeVFsWUVTV2ZpdUMvVzNOQ2dPWHhUL0NYbC9tcDdMSWlNeFdUV2Qrc3owck1ydDVTNXhweE9SMXJHN3dscnNsbXN4RTdPK2s2L2tTdlI0bDV0SnJ1L0g1a05zdnBHQjBIWVV2MEJxUG1Sb2VUNmRUcW1mUGRDY09KUURRd3FBaGs5V0dRU3hGRlpHblZ0bjgwTm05WjNFQStqTXZ5T0lVSHp1OHRrZVF6ZWZldklTeVBoUGk0cXM0MG9uNEhKeHhDZUlqT2hNNS8rMU5RbjNWWjJmM2tlSlMva0pCVXlvVlNnY0szelM2ejNzemYxNm5FYnltVEsvUStTamR0cGdSK3hyWXpMMXoyUlFTZ2V0K3VSdkxEUkJXazFKTDhhZ3pqS0lrcm0yMnVwODlxVkxDSGx2bmcvbm9QNjhNcTUvYlAwSHpoOWNqTHRsbllwVGM4OVJDK09yRWVzbjhKUUQxRVR3VE1qaDZzUnU2RG9iUFBOUnVPakFqMU1PeitzTEVHN2EzVHdLWjJIdUtBR1JWT3QxcHh0RnhFamM3UFIwTVBCcFNWNkh5Mk9MU2c0NUV3c1MxNnBhcXBaQU5LQjBqdzdoU0Jib3htODhHM0g5YVJONkk0eFBuQ0lPN1U2UnBKMXV1SVhNQWVEZWUyVmxUL1NobnovejdiMnJUd0puVGR3Ty8wVXRJL3A3ckZ1ZFkwcCsxaEo5a2FuNUpaUzBwVDhtbWQwOWVRc2NlSURmVlRaa3BhUGhyMDBnTzQ1NnRZM2F2dFBZLzRsMHZaTHJqK05nQlJadjcvZE1DbHgxaVI3Uk1kMzVHVEZJSkpPbVcwYlBTZE85VlZFeU45cDN4aHRaNzN3ZjF1ZTFpaDFBUEpyUndCQjBteDlIZVFjOEVXYTgvZmF4aURWZlpWY3V5N2xibE9MdkowSC94d0FocE12L3FoaXRiT1d3QlRpQnhqR1Bqc3NZYnBwTnlvbzNRQjYyQ0p2YTk5WXNLLzBORmhQMHkxSjdFNnB1bXliMHA3U2hIQzJWUlBKbjVIM2piMGZMbFVxZC80bHhEVTduMzN2RTJ2VENRVWJMeFVhMlRqbVZET1dOL3lpL2QzVlVDTmI3cVE4TmgxNnNtRlVicTJCUERiOXVtOXhHeXNCaXFYZVk3dkRCT1dGUWtYcEwvM2Z3cC9tNzFnaGswbUcyYk1PQ1pkanEyVTJZQVlKYnljZ1lJeTdRZ3VQdk5LaTBtQ1BmRlppYjBxd2gwZDBEQ0p3TlhYU0xMcUlSR1JNNExQWjZ6MW9yOENXbU1UK1hxeGJmSyt5NW9JSVBWNXk2MlZoSXhPUkRNc0s3SFFLQmVRZHJsZENseC9OV0VJMldSUXBjZGZMMXlCTmNOa1BQSGlQNWppVWhLVTBuSXdhMFpZSVU0YjBSVEZkWmh1TWhTM3V0a0xycVRlakNqa3E3U1RST3Uzc3UvVDQ4R1Brb0poRkJvcG4xZEoyYXFYbndETVVaU3JNOUljV1RwZkxoMllSSjdNekRXWmlKMGJjc0RLOGRUMm1Lc1ltdWlkTTVzOTcvMkl5UGE3dncxVGRqNitVZ1hOVmxZRGRhRGJESnBSUnVjTzRrbTJHalJqMk1Ca04yTWVCSnhNQ0dVZURSRnFKUFRDTlozMGxKN2VySkh0bXFMcDVCRjk2SWswL2ZFSFhncTlmQWxJZkd5Q3JhRldBNWNpOGVXakgzMEtyd1VaKzVubkU4SVdoeHNMQzBqWWMvbi8yUkV5Lzd0MEpOSFkyYU9Jd3oyZkZ6dUQrdVBRaE82TzdWQTFZWUhtMHd3TkQwTFlmaWNQWGR2aldWS1BVQ05QTEtPYkFWYzZmUjA0YTlBN1ZCSGNWTjdBTkJxLy9hNEJPTGE5YXFGME1kekpML3VoZ0xUUWdUNU8yY0orbUpvdEE2N3RDanNCYjF2VGc0QlhDTlBqRnlGckVQWXlreS9mbkY1aGU3ckRRQlA0UHA2U3lUNi9DUFhES3NidXFzNUY5cU1oQUtwSFc0MzcxcEYvREcwNjlNMjNpNllkUjhBVDZVSDZvSVhMdmVrRkkzVm51RU1ZUXpiS0JEcW9HR3NkbnBHQU1ZNGxTMm85aERJNmRKRWJFc3FLdGFNa1RzOGo1UXBxdTc3QS9HcUlhVkNZb21CNHQ3TjRBTEpmbUQwYjlwN0F5djZleEZ0MTI1WE8vL2pvL0JvYUdtODhDQzZIVXF4eUtBZ1R1R0NEczhFbTRkRjZoaXQwb1BLanVrSllNeXdOWUhYU2JIZS94QitOc2JmWndFNVJmMXZmZDV0SkVISGpvZjFPN2padC9EYVB4UTFhbDBWcG12NC9WZUN6THl3ZFhVa0hRKzR5RThRQU1HdmUzU3pMVzZUenExZFF2QlZpRkdjTkllSm9PUGc0MmpGTjJwd29hMXRmRkFmb0ZCVXoxNHVqM0I3N3ZxQzd4WHFZc1psWlpQSnpsR0gxamE4QTV4dlZZdFZOcmptV0Fnc3VKTEVXTVpGZjVScTVDSktXeHFMQlo0aVAxNCtwS3U2Qzd1N0hzc25QUm1yeTRFNVlLTWpUMVVkYzh2ZXRmMzVkL1NDdHdKYVpKTWZKZjZ6QUkvdnR3OVhLTjVOOGh2cDZva2t3clIrZlhNb1RrY2tMQVJrblNjQ2FnTTd4Y3RUdWIwUitTNUsvWjZYR0cvZVo3OW5SR3ptN0NlV0lRRGYyYnhnQmJLRG5jZVc5cDQ1QTVFSmllRGNWVzE4S3hCRERtQ3dIK1JWWUthclhleWwyV0gzdlpEUU1zbVpPdzduTmRTaUZxc2FEMGpwQU0zN2dLR1A1UHJPNEJlSlEyNFhaRWpYODNXczhGMXEza0JORDR5Mkt0VWtOUnVQSU1Qc2RqUU0zUkJIRG5JcVByS2VYWlQ1cUExS3Qzd3ZOVEQ4Kzl4OFB6RkhZUG9NTFRaWFhRdkR2OEI0Ri91cU5LcnpJRmc1Q1hacFA5azFYQzhPWElzazFhNmwrOWxUWWc4YmpQSSs3Q2FmWWNtWTQwaUJsS253dk1QSWZ2OHZ2b3U3ejFMYTYzNUJYV0RvYmRWK3d2c0tDUldVOUlnQWJmb1F4dmVvdStNZ01VSzAxQUR1TWh2cjl5aFRISW9UUFNQUnplS1o4Wkc4NFUyVWUyQThhcHo5U0p6UVpIMWFsY0pvL1RZRzF2MGZUMXpkOWxnMVZRSjk1djk0UllYU2xDSzFjWkdkRUxkUXpGb1d5WC93cG9kWGZleXA0c2Y1ZG1EOFpPcDN4cDBodk8vL2FBQ21RZG5USmVxd3BnZ2xPVXhZUTFJaHRwRGwyVEZnOG1sUlJWQU9Da2ZGYVFSbmY2dVVidW5Ja1JXT0J6OFB4bXFYeHhiNEhSQ3ZPRDJoS2hYcGVmRUpLeUdXN05lWnkwcS94aGRsdldmaUdRSnF5d08zdUJmTmo4QURWVXJqRmJKSzBnbjFpUFhsZ2VVU0NlbWtrei9rbjAxYnh1bG1GeWNLMFRHc095dytJb0dTVVl1bGJEaXZvUFpzSVdHRnR3ckVGdW9zUTBtK1pjOFFmYUxrNnJNYnlqYXRwRGpOSER1SHNhTDl4aXp4OWR2dm44d3RvUWJOb2hOalRWYThWaUtwZm1qKzJ3NGhXRVp5YzBxQklVZHNyM0xGc0JTNE9ySldhQW12WHBuVmdqKzdJRytPNTlScEc5YkRQQmF2TWpIMHJjT3hmRFprUXpPcnRwOEdRSW9jdGpNOVJtdEZtOHhLSjQrdWFGRUlqRFRxU3dBbDRuUXQwUVRXMzBvUW9wV0hvNFREeW10eFhxbzV2ZmtOMW9KdzBZZ0RtdXc5dXdhOWtaZnVMQjJkTmJmc0pzM1pvZjlubEpySE1DRllaWE1sTyt5eHJIVG9CT2YrZzk0ZVRMKzZSSjJDdUt0RlpKQ1hyTE1leUVKL1JKZHdJMnVHaWlQZXBoVVJKb0x5Z2orY2YzdFJ4OURYa2RDRUcvREZZakc3WS9qc3E2YisxNTRPWXBVa2xReFBERFRzcUFSeG41UkwvOTVxdG05MFZJTVFIYnk3UzlJN0VxdHZKODlkY2piZ1JNL3dPMGh0UFgyMEM4WGpaclVzdVh6MWsyVDZJclZZQ25mNmdoc1NUSkIvZEVzMGc1Wk54U2YrNkk3ZHFmTUZPQzV0aFUwMFlqOFl6RXcvQWI2ekMxNk82WFF3NithMmxJOUdhRUEvbVJoR1hBZWlPMEgxd3lqRy9aMGxmNjYxOGxUV2ZPaUdpcGE2NlREZHBvQ2M1VVJ2NHRBZHBnMmxSYmFLQU1HOUM2bjRvSGl5Yks4WnhXUVFIQzBCMm8wQjRLMlVZeit3TXhEZjh2a0ZTL0puMTYxUjkwVVV6YmtTNE9WVVEwVDJyYnFTcHA0Rk1EclpPNHZUTjlJOUdhWTBrcm8vWFplaGFQb052d0V1YlRnRXVvV2ZtTzBWd1YrMTl1dTY2ZnA5SVF2VllGTFhQQ0RLQ0kxUG1PYUVWL2pqSkVzZWZJaUxKMFpyQkQ2MWE1Y2NFam81WlJ4K1QzKzdVMEpxQUE3dVNqbmRjY2xtOGpSdUNWL1pqYmVuRm0wR1E1WllndW1scFRuNUpoYkR2V0xaV05wV0RpVy84S0JZcWNXenZMYlh0TUxsQVNIdlg2cjhVa21RcGZwRGUxazlZVXVHL3A0Vy8zTmNzR2ViUFVONTg1UkxpcStpdmVRaDZKWTRsYVdXNTZ0REU1aXJVZzVZODBMTjdVbjdxVDMyWEl4UmFyQ1Rya0pCUXBudkVjdWU1MmhoT3V0RlA2RE5KZkV0T2lTSXY0OWc3dElWdmtHU05vTjNLZ0pDdHdyUDR3MEM0QjV2Z2EvaDJuUlBMQlhrVjkyZ3hNeU5OQWhOVWJxZEE0eXJaRElndVEwVmJuK0o0U3kvdVB6U3AwWFNIMUp1Qk8rRW5sUjFMU1YyWFR4RGRaZEJNQWlEMTBFZFBXYTQ2d0FlN2NDRm1UQkNBaENxd1R5aGpYbjRtUUNuL0xjbU41ZVpmckhpL0tzbDdyaHZpZ3YxMXdlcy9rdStmM0I4ZFQvcTFUVFJsc0kxMzdZUVhhbDMxQWhheURRY2wvVHFjZ0V2M2U1WmtNQkxQd3N4a1ZDaHNLamw4MUozcVQxd2JxOVVUbzJHWnA5RnlBcW1WSTBiOWNIZmp6L3llSHI4Yzg5QnB3N3Z4TFRYK3hJY0tFN3Y4VDBUN1BZZTZLWUNlckkwd0RzRkFPRHAwMmZGbEMxUW8vY21tMWpWUGV5Q21EZ1QxNUJ6V2tTUUlGZFhlUi8wdWpYS1ozbGVJQWZiTGE4Y2lRVlJ6WVJFbG1ScWxEd0MrK2VIU2pZOXlUK1RueXlrK01TcWtwRklaY2J6WTRQYnJvZDVnZkZzb21NUkJKc042SUE5MjVoOGwvM0pZUXNINkZ2VFVPSG1aN0lGSjJTWm1nNVRTNU9HbE1qbWc5NFdxWFF4M3lHMkJUZTJVQ010di95WXZHRUNKL3kxQUE4SmE5bTJyYWJzeDNGMWR4VUNOUmFDbCtjTkYvZXZFZ3FJNlFtQVYyMUFmQmdyVWpVZ0RaVUZwVncyM3FvckJGL0ZRYzJzc0pZS0RTbjRTWkdQTW1oTi9LeGg4Ly81U2tIRUNPWitmZCtKNFJFek1MdWE1U0kzSVlpM3JDSWg1cHJ5WHNqR1R0b1lDY1pheG9GS29UYlhZWkxrWGZnczlvRlNrMU9lOC9YcFU5cjFMSTNoQW5QK010RnhrcDJNNFplOVRYOGxZQWg2b1FJbVZmYnpRZ05PUXExV0JZTWpsNFVETGJKbFY3WCtuTU1jTHJBbEVrWlhSMyt6Nk53dVNZOHRxOGR6T2hWeFRsRmRMV3VHYlBBK3ZpZEdzUUtDZ0grZ1dHdEdLc3BLbGZpeGdPcjRtMFZDVXNUUU1OaVJUakZMVUg1Ti9qZ3NvcGVuY3dMRmZBY2c0NWx0ZXNqVkdabFhIVU93eHNXNUtLbEc1cVF0RWI2VktleldCdSt6aWxRWEdVVlhlUHpjQTErOHFVekI4dnRDVGFScEJlOFhUTXRNRldnR2J6TGE1bDR1YitnNEJDQTZubWhaaE5RZWc0V3VrTno4TVFPaVhCTG13ellNZzVJS2w4WTE5cG82UjB5c2hCN3pnaXBXWENZSGZIa2M3V05qMkM0WWNkVExXdWxGTURSVVpQZ2JJcmN6UlR1WmFYZnVXU05HYkZPYlRmZElkMlFSczlYbVVKZ0phT1VHbkVNR0dHY3p2T0VBNFFDWmFyd0JieWdtYkFOb0FtU2RpSWthNkF3SVRCTHljYVczRW1TRXhLamhnVUZ5NVk4eStJWjhLMjJ5Y0gyVnRjWVlqcGZRd0FmQWVTZzdVdUlFWjgwY1FwbXhDaUlyd1BOMVBxeXZ6TldldENzbkY0ZG9nYmJjWUpBMjBvaVlES3JQR0lHQ2ZyU0FEUHh5aUpMMGRvOXpidkx6ME1ObUNGbUxXdkZVRW1DZG1uVTdMMW9OQkIvbVpzeWEvR243Vk9WbkIxeFdKT1c2SW9MSGsyMHh2UjEyTEg0N2N0aGpQeHVZQnhGdUY0NFpxRTNSbW40V0d5Q2V4dHA4c1JEMkVBZjRsZENCaWZpSG5vaEJ4bCtwTnpIc1IxNXMwSkQxKzZ5Mkg5T1A4TDBFL0lFM25vblV2QVdjWWdQNFFUVWIwSFZNUURkQU9JQUFkZ2JBSGN4RjBQRDdHcDl6dkZmanRPdHU2cEI3dlkxaGp6d3pPa093MzlXLzhOR3RTN2drZ1RvVWFzSFBrRnFnM2NZVjR4dWJhcFFRTHpFaHNJNGZSMHVZM1VkVm5yY0NkSTQzeHp6b0FPUlFoTENMdUZjM3N6cUtvU0dZcndLbzJJd3ZLTzU2NEI3MHFKV1V1WGc3dEhDc1NJSWhLU1FrNi8rL0xLRGExYWdSYjZicEFYa2RBcm95MEVza2ZFL0FTUEYrWWwrMjBvK3d6WUowVnNFN1BiLzdRV1ZZSjlKRWNOc3JmV0o5cHJvM1dHTzRmMmVOaDBTaVBrOG1vT05xWEkvZDRSZW16ak02eE5Kd1pkTFJTeSsxd1NrTm9JL1QrZW9KdzhHVEZ2R0svQVBXQy9xd0pWSDl6QnhURW5XUGs4TVd1WjI2anJqKzhORk1OaXlmTFpMZ1VtSTU5dmpjRjFicU1UYWdDVGtDNzJPdjJqa3AwNWtoMlh4MUNuN0MrR3d5RHlTTTJiS29VL1g3MVJtVWYwNzBsVHlDMEV6L3dJekFiQm4xSW01d0dMU1F1enMrZkpYZE1HM0FndFNXUXk2RFJkcEF0VHcxTVBHQzNCcUpWMEhyUUt5N09GcU50VlZCUkpmc2JVTDZtZ2RhcGxsZngvZThOK0Q2WTQvK3dLTU5pclFseDhwMjA4eTVkMEdjQXV2NW1QV0xoNjVmZDg1SmdHMUJIc2pSRlIyR3lXVVZ6ajJJajlWaWZVYzhpeTc0MXBrbm8raHI1dndBcFNaUlZDaUN0b3JuQVpWWHF6TEJhN2JOZk96cnZrRUl4ZGQ5RnVZTW9vVkljdTVXVWJZWWs4dU9uR1YwYWVRRU1NdVN4ZTJ0VldGNzRLamhtQmwxS3VWb2l0c0FKT0tPZDNyaGtpYWtNd0ZCY3VCeFdMYXN0OGgya3F0cE9ZQU1CV2NqeGpNV2hkQzdOcWE5NzhocjR6VWZHS05ra1hiaHQwckY4SmpQNThpRWh3MlFhMUt1cjlCNHU0TGtnNVlydGJibFIzRzdYYS9uMUZGKzRHdXhoaW4zb3J4SU1xUkM5VVRwRzFNVzV4WGtiSUtCZ1JyZ3E0eG5SL3VGR29Xa0VWcnlSR3dmMmx4TFVKUzdkbitHQUl1VjZSV2FVdjVscm1IZWtPT2lJdEoyOUM4TTNUVWxJTG0vWnFEMUhtVG4yVHUwOWpkTStHSWRlMm5zZnJhaUE5dUgvdFNnWGdYYnhvUkhieXJ1MG45SXNFWWw3cDRQTHRtdE85RG1YSm1NYzRZRlFGakQwUWYyWXN2NXk0VTZsYS9nUkJkYkxqcVNGNEtUZFhtSHgyYXQ4Rnh6ejlVK3BUcjI2THc3WnFML1ZiSDFQL1hsdytyNEhMeVc5WUZ3cVUxVlNxWXJWNGRQZFJyVnpmQ01YRkVpcnJrK2luQTZGb0lHMXZXR2UyNlJSR21JQlc5V1ZKSVZINDBaOGhBendVVUR6ZFFmSjdrNVFZQXdSdzRGQ1pPbTI4MnZtaGU4ZFhXME92Zy8vNFFNUUROSitJYmhmNWZEcklWSlZrS05OZFZXci9iSGNKWktaYXRBYU5OWjlnRkU4K1JVRWJYeUd3V1ozTjFQRXRpczVwV2tMeGlPR2dTb0ZBY3FFNktONGxTQjNLWGhFMVI0VG5qc00zc25mcHp1UUk5NHpYTjFoaSs4Y1JaQVpYWlhxa0ZRZks5b2liRkRjT1dmREpPUW0zaWtUdlZGNXNCWHZybngxNXpyQ0xQemRwRWVEK01pQVMrdjFZd04rUEx0TWRXWjl0ZEhUNncralZNaktSNXdXRk1nbmdHcHk4ajhURHdFR2FzZUM5TG1XRk15K25wbnVKVHBycTBGcGdWTEFYeHBwRnFHdEV3Zmo5ZjhuMHIrK2ViTWl2OHJpajhHeU9WV3UrNUc2dXdOYWg5UHlzOFBxQWRwU0pVZEF0NU5qMWxFb25lOVhHdTJsUGFLNENYVUNEVllsUVdPSVRyYkh5QkdBVSt5T2hpQXNLcVA0YTMvNUUvMFdpZE5yc0lXTHhxS3N0eE9LQWM4bEQxemdTMDBOU0xiVWU5OEpyNnFFNEgzR1VMclB6Q3phejdZcFBDUy9jbFRXSWwrVVJrK3dqMTdxM2svNXhiTjJBTGUveFh3cUFQeXlsSGZadGFJdmRVVjN0YUNVcDFDZTFrakxXaFoyMVBNVS9lTEt2NkN0eE9LNEV5Rks5WGFvcm5XRW1LUGdQdTN0bTYrV1Z0SzBubUxSRE03K1Fnd1VvemdKRjVNNGM4K0pLM21ncmpDbE1waWE0UWNqbFd5TlprYllrMEJJbUgzdkxMVFFXQ2VETkNVOExCdXlHZVU2UkwvbXF2UzlRR3ZXdUtTVk8wRGdMdjBKV3pnSy93bm1nNDNEWnlDZ0MvNi9YVFdTN0dUaTk2bVBCNmtaTU9mbnErTEJ4cHhPdkJTVi9WcDFaaFhwS24xTkhIZlVreVlqYVBlVElmVWpMZmZjT1JBeXFINENwd2pDNVM1VUxGaDhyOW1ZeUtsemo0TnRWTWVWMnZ2OWlDVDQ0OTRxcVRLTzFhL1hJZkN0blpBeWVtMFJnZ0tKQUlmM1pPUWlqa0ZMbjhya29pU2N5OGdwT204OWFxTndUT253WDlycmZicjlYL0xWS3dLcGVlTElnUXNlUmdzam9XSFdlVjVhR3ZHU1ZMWVJhblE2TVpYcUxhT0d2OHY5WUd1bzcvMzZyS1l1K3dSSDdXR0tOWkNuMjNqcTVtR3IvUzA2VWVESXBRcUdQY3ltYUdYa21SeU5qT2ZNY2VzM3V4UWJhMzVEbTRlU3lTMEladkM0T3BIcndmdW9wK2NhM1BrNVY4MnBBaW8xSjRIdHhpZ3k6OqkGN/flLr90iNcZywrwpmk=', '2018-12-29 06:42:25', '2019-01-08 07:55:08', 0);
INSERT INTO `ssc` (`ssc_id`, `students_id`, `position_id`, `signature`, `created_at`, `updated_at`, `removed`) VALUES
(9, 27, 6, 'U0VxYVpBZy9ZRldDRGQrbWxqZXFwaWJHWkJJdDByT3F4N01rQm5tSXFuWlJTSkg1YXlxb0NYbEVsa1ZPc0FCMDJOTGx0MTRreExacitGMmpXZ2RSNDNFMkxVRG45SEZycWNiRExEUWhzZzNKd0JmcFFGa0JkMEJDYzFvVTNvYTlLeVRkRVlyKzdINGdMQXUxcUhCRStQaWNxcmdDTlAzMEhZbkNkcUEyNnlGNHNrUkxwRkdtMXRKejZJQ0Y0S1BheU85N1hEb1lpWlpyTllsMCtZOEkvNmhaVHJLUENXYWJteW8wSzY4b1R2dldYVVpoa2NobW5yVnliS2xlUnBwOXczSDNsZmRnRFkrbEZrQVJ6czBvL1ZNUm1IY3lmSXp1TERMWEdYMW1jUGc3YmtZU0lHeWh5bHhDTm1NbEJoWi9oRURuWmdqWG5tdUI4QjRINHlZQWR4aGJEQUFYWUdVWU13QWpMcXhJdUZ6UkJPa1hPVVdWcVNYWW4zTjI3YUhvV2RQemNpV2JGSVNiRnVOWmNFblZCNVVsOGtsWTlhMHR3anYvLytkam8vU1FKeFFJWXAraERGZEd6RGxpdkZIamdTeWhwcm9XdHBLS1dHTXNKeW9mV2x4dm82V0lGSGtDMnd5UXpLcThNdUtOOUdkWUE4UHpmVjdQK3pKa2wwRGo0azlJU2orMnRRTXIzNTc3a0VLTExUQ25uUThHSHhTYmVzb0J6RmhOVmxJb0hUbFhyMmc0S1cwcFF2cEx3NW1ET290c2hsMlJDOUt4M1RnWjRSTGtLWTZtdTg4SThhZWxqMEd3cHhUZ291TFphdDdyZlJaa3dhZFB3aTREcjBFRnJrVkQ3cGFqczJUSHBlVy80b0Z1ZllQbmhlc0Z3dm9nalRvVHpVQkp4c2ZpSEpWSnVLWlpKVkdYejNEdmxvbWpDbEJCSGJyZVphUFVqbkpKaWdPbjBHWTY3OHNUYTRMZHE4a0xXc296a0doeHcvZys4Z1F1Zjk0U0tuNmVsT3JsOGtVbU5VMUYzMjl3Qk9jNW5MZEpmZHBMV3JkVmp6c2xhc1czZjhBbTE2aVpuMVZKSTRHdFdJZ2R5dTZiRVZqMHVtcnFJL2xXTVlqRnVPUzNPL0licmVMQ2FUWHFEN2lTRUZqQ0NvTFFlS3UrRVg1dUFBNktSQmsvUDJqYnMyTFpBb3FSTUw1c1I2eU9kQWV2Zjg3MjJXdWF2RHpIdnk3aW92ZU85dnh5THBOWUUvbG1KeE9oWGtZVkd2RjZ5blp2K3dKcFZ3M2lxU2xHRFlFdVdTT2N5a0F4bFVyWVhqcVpsaTlVais3cUNWeURBUlJYbmlsTlJ2aE1nLytvUFhPWVFOMkgvSFM3RzF1Zi9GNTJLLzZXa3drbjQ5WW1JaUJQck9CdlZOQWZDYXBNZ2EzakdiSVMxb1JjbnFqcG5GUTU1cW0rZFdGeUVqOGlYaTdMWnE1aElRNWtNMmhNMlMvcW5PeXhNMnRuSGd1R3lJeS9GTGtMdEk3VC9kK2h2SkNjODBUSE5iKyszaU9NQWJCd2xDN1NPanV3c09JYUlHN245ZVZTN3Vzcjh1aFpXNEZkM1ByTmpmWUVQVzZ2WWRSbTkrdEV6MzlBUk03R01JMmlDb0ljNjBTOVZNdzRISHppUXFqdWFSV2dZTWQ5UW1PNCtZSjk2ZGN3QnBpNks4eUNwY081UGpGazZPOVJlREJqVjVpajhDRFRVcGhFQ3VDZk9DaU1WRy9wNURna0JZU255RkZDeEFmUWI4TEtJWU9FMHZKQ2E3dzd3NGl5RlBhVzY1b3A3TDhINWVkeVdLL2dmSDJwQ0dzRHplRW1VanlDK2pzeTJVOTJ1K0FLWFo3ZVE4RWVKTWRUcDlObGdBKzlYSHBSR1VZMVkrdmg2N096eld5SS9ucTFkd1NFQllCS1Z1STNhT1QxcTZ3dUFlc2lTeTBQY1kwZUdSVVllQUdVdlh0V2tQNE1EN0tYQWJBekhUa0duQllETGdDK3lvMkRqQlhLRWRUU09rQ2ZJdmtoYXZVTjhZWVRMZGV2MlhWbVltZjhMaWExdU9qdnBTeEtWeEhsTGk5RkkxRExQTVVPTHV3eTN3R1JsRVQzL2YwT25jbmhNRlNOeVIvbmlIVGh3bUtNb0ZIZEttMTV0V1I0SzZ1azN6dmpKUXdqOWpWYXRmWDVPWDRaQlVZdW9DYXV3RUNHQ0tFWFFlWk1qQ29hTHVVcFNnZ3hFL1RkWGtBcFRTUjg5ZDYzTjBQcnJLL0RzdkxrWFdDa0JLMStLOXl5UWJ0R2NBbVhHcmdRc0pYTGZrUVZOaWVGRi96dkszY0ozQzJGQ21BUGJsSGZnMUNibkhHeUV1N1o5SGNEaitzL2orTnQwRmwvaEhLTjVpL20wQURsWHJya3pWaTY4RUhGalhiYmw5ZEUydzFyTmNlWklsTmhWZGtsWGd2VXJPZTBpZm1GWVBaMEV5a3ZnUXpvMG9vNUJBR1U2Ynh1THArZ000VGkrVFppa1V1Sm5DbFgrWmtXMkszd1B0MUxJVlF5bUgwM1ZZcEVoR0c0bWUydzYwWkNFcWZQNktqTzZWWEtjbUVmMnpDVCtsMy9sdXNxTENwSjBmRExhRkFMd3J2eC93OCtyeWkxci9sYUlxcEZHQit0aHhub3NwanhhQnYrNHJMb1hvOVd3dnZLZzFkWkRjTEYwYW1FYXZWeXVEQUhLdTFNeCtqYlJVZUxkdUxPZk0zSG5LUXEzdkdocGloT0N1UzlXa1NsS1Q3WVFUb3EyVXZraGVSSCtYMW95VFJ4MnNlZHJ4UjV2RnZVYm5ncm5hWGUwZ2hJcTk5ZENkYVQwNUcyTzNNQVd5aDVpYVJ6d0JkMXBSZVB6ODl3aStCMGxlWmwwcUJnbW9DZk9KYW9xY25zRklSRFBPZmlXMzJrZUx0aW9jTWRmWWFwc3B2emxOTmtBOHFMQWtrUmRJZjJmL201cFhkcmdRei9HZklzYkVkaHBGZlNYYmdPZC9nY0pJbU8zRElsbmxiMXdUTnJaWTJaZTR2eEw4WTVUNk1FYlF3dnMzTEZnaWs1RklTU0xGOGV4Rzh2cWNIcjRUWWFpL2RILzVqdzk5eUFnY3A2WGxtNEo0SmZVM01CR3NBekpiUjVSOGt4eWk5SkNtbGVkaEgySUhyMWloWTNSMjRES3VDaFRKbkdlR0F1ZVpabllvSEhZS0dJNFVHLzdHb1NPZHUwdHRrZElEdWRSZU9hYmQyV0QzSWZEQTRLditmeDBXeEkwT2RUeTRRZ1NQQW9pWDErcHB2SHpmZlNhUjd2WkZ4dlNxdCtFQTVSNW9hQ0ZnK3NFa1dJcUY1ME1LNTRnek5UYjRvT1AvYzQxNGk5L3NUd3hlYUlLZ0ZQcWREN2dHWjlTWDB5bzJLREZUS29BcTBVWDRUMDBaSWg3L0Zyako0UjlxYkh2SjdSeXhFaTMvOXoySEEwTS8zUmxQeGdwREVGSVZYZ1FZTml1WmM2TlRkcTNCUzlQbHp4R2dtT3A5bjRGNlA2ZkQ4bTFOdDFoSU80a3dVZFhqOUxPRzA2cnZpbjFjS2lFek5MSVd6Q0dIK2pTaDdrTVNGc0R6dlBBUUxJenZLbE5iZTdqV3drWVNJVG0rdE1PTWVRSk1XT2hCSTBCYjF5NWVWdkl6Y3ZoQU5lZ0hBU3N1RlhTWjVSM20xcjdLOXhsdXdNNzNLODJiOTJVdzZWbkVKWEkzb0RyeFBOQ0FTMTh4Wko3OHlCUFBOU2ZiallKMStyaWQ0MTBSZEt3K3VBZW9KTjlLVHpsbEtaRjlSVWgraHoyZVZ1NW9US29ZOGVpZWN2TGl4dE5oaHNQWDhKdTQzeGJxTjRyM0tPNGdwQXp2TFpFdUpBdFAvSDY5OWV5b1dzS1pzNk5vMUR2aE9iN1Y4aWxoL1hCVXk0RlpWYTVWNDhvVXlqK0FCZFE3amNVbkRGSnB1alZhMU5qdXNaYzNZSUFOM0dzZDFKT0JRak9lVUVvbExKOFQvYitvVEZVRUxPdjR1VElXdmc4KzkwRGQzalZ6UEp1UTlaTUFWOFpQeWI5QTJaek1mRTRUOXE4aXRsb25UNkdSZW5WL05GVGlCZUtERkN3UDZmRUE2MnlaQ2xORXpVNDVQZytqMElGQzhwSWpSR1kxVzBRci8wOTNrK2dYZ0VHdmlzZzNZdFlFOVlXaWF5L0FHa1drUy9jR2ZjM0VvWVVhbkxlWVl5djczeFFDSk1EalFNemg5c3BDRmIrYVloOVBqV3p0dXhDR1h0bjdWSmV6clJLdGIvMU9tbFZRODBFTXYyVTB1eEdJN2ZSL1hVb2Y2ekwvOWFLMmFOM2kyeW9qTjArdG5RWDZqNURzVWtnZk5GbGl0RGwzTlVBb2xNU0dEZExYSnNvMkdETW5FK285clkyMlZSNmpNY09GSDVSWGJVdWlCZEhtbm5DV2V1OUJSVnhGQStiZGhJUlJ3TVJWQUUyVUoyVDdmY1lEZ3p0azhJb09XTnlWWGNqYlRLTkQ5dm9DaERkcmtzekZrNDZ3N0cyZTI2c1ZMeVFVaVhhMmcyTENPM0paSzF6UHo3MEFFSWY4b05pRGFYcFhIRXpZMG82eVJwdFp3Qm5QK3UzLzE1VldjU0xMWi94d2x2SDdQUThqV3pPYWVpRHdlWFR0Rm9ydCtFM3QxYW84SlhwdncvSHozdmZxY0pRS29kNzh1QnBVQkhHWTFzQzlVZjd4UEtqNGpmc0dsMFFIQURHUUkxM0hpWjJzZ3d2K0pqYW1ZbW5oTHljWTZPWE1NTU0zcGpROWZDeVVRVzZ4Nk9NYkh1OWZNOFV6VHNxYzYyTTdGeTJRV2QvNTlGeGFadWh4dlhVdnVnZmFPVXVIVk5NbEltMFhXSmhhWUJzT2JLVmh3VXIxWVZpMlM2dzlwMGtLZE5DWXY1ZWRhVkNocUt0REcyb0diZjFsb1l2MlN3cjcyYkVPU1IvZENPUWUzOXVEbXpWbnRGbGdWMldsNFJjTTB6OXI2MmVTRHRBT21iY3lBU2MxYmNZbEVnVk5NMENzblcvcG9XTC9NM1NGdlhUS2hvcCtQbXB5MVQ5UklMMTQ3d011RkdxKzZYZVVzMEZ4TVY3RUx4dExKUlgyZ3BQdjMyUVhPdGlkR1d2Vm1wWk5mODc1UU03VEQ3TmFHRWV1eUlRdk1Ca1hvMVJ1OUFtSUl4VHlTUHZESWFYaksybHBWbWZFVG9XMkFuc0lHdzZSU1V0Nlptb0xubmFsTW9qYzh3aWNUTDlWbXN5cW1BcWdKNkJudzJLZkpqdnBya1p1SzZFL2dnSmh5SVZkdTRnUVd0cVVDQlArSSszRTEyRWRYNmJYa0N0SjBlQ1FQY2x3TkgwZTdLOGdkSkxVTHZlNTlSQm1ZNHE0bHdITnhqK05vUGhBTTRJRC9udXMxblRnbHJRK2hLa3JOS21Ha09nV1NMQUErUHMrWHZiOVlHLzZ0eTJCc2hDSkJqWWozVkhTMThsMlFjV2YxSmVYNmlYakxIbDBKa0JQeVBRRnQvekZsTnRyQ2hHc2llaUVnWU9qRExMSG0rK3U1aFFsK3NGSnA1YVQxQVBUMnBKWVo3MGFZandVUHdrSnVBRjJldDRkdmNKVlpTL2hQSm03TmloUDBzaUM4M1k3aXk1OVFYdW5NMWlJVUdZTHh3MEpxeVFxaHMwZ1h2SU92am5iY2VlejhLTFJ3UGpjTzhPZllIWlk1cmd3TEFBZHNsaDFMQmdIVkUreWpQZFp0ZDF3QmRLaGJ5VzhnS3ZYYjNIY0ZkSzRNNDJ0bmhwbTg1ejlyaWF0U1d1Slh1UitWaDBsQjV0MTVTVkRaSkZ6RzQyMjF0Wko0aHVGNE9TQkc3aFBUbU94K1pyRFRZa0JkNTZqTHhtc0FqSTFoS2E3VTlWeVhyTktXVGRKdmNkalpzZ0RLRGVmcGlmb2kvMlQvT3lCQVZpVExyalk4QzRiOURxZVd3VGdoL2R5Q3NkNTk4ZXdVeE1IRnFXcWRNU0JWNWw0WDZnTlpNWkJPYTh3dEpzR3ozVGdOZzN5UFJRZ3h1cCtXT2VkUm0yeUdGYWd2U05VbHBZSS9tRTlMckdJeTQyeGh4WG04WSsvRWVtU1lTVEtrTFh4cXZ2eVQwdkpSQTVubGFNeUZUQ1dxS0RyUTBZemtselNCZXNzQjdHZ2JmU1RMdEc1QktnNjNOLzJ5VzlLK1h2eGRpVm5Fblo2azBkWE5jUXd6TUlWNzZJUncxMGhibXFYS0xGL01xVDVKTm9lYVNzSDc4d3dENTFyWUIwTkRMb0I1M1dmaHdmMFZ4UVFDeGRLRUFadDBXZ3k0WExXUmZNSjY3SUowL0g4L2ZmVms3NFJYaHh6K25BYlNjYWYyRWJBclVDdTF0VWExSEpZeTVXS3dSZ1R2Y2RXK2UyOGZYM2tNRkE4cCtETzErY2tSQTJiN0hoWW00b3UxaDhYZ1kvOWhObnM2eUNCWmRtbWxhSlJDd1pjUG5BNEo4WnNMRm1FUEwrSlN2ZmtrcStXK1kxOUwyR0dnbkFZMnhPQTMrYjV0OUh4WHVoY2NYL0RCUWJ6NzkxenRpbElHTEZEZkVMYWUrL2hrK0p6WXJoYTgrMEorNnRsMGV3UmphbU5BdDFUNm1RSzJqZ2ZBOWdWN3Z0aGFIQXRSK0JTV2k2TXlUMzNWdnBVTzdoOUh0NEZ4MjFwRnovYzVrbnZDczVJS2dGNTNpRXkzYlZhTXlJTVdrNDhZNFJJVVlVYTQxM2VWdGFtYU1TcGxsUDBHWWNOcVVsdzlBSWUySTZ6eW0zN0xNSmIxV2ZidllKNXdnRjcvcnJjb2Vpd1BHNlowL2d3aDRkSWVUejhzS0RrWCtXNUkwSkNlUnNDTUFOVHRBR3hmVGRvV2dSck5KbGJwS3dBTTRwa3V6VjN2amF5eUxxK2dKWTVEU3BxQUxXQzhzNGN6SHpmQkR0OWlQL2huMUFZUEt6ejc1YVJRRVZTWHJZREtMSHU4cjg1bTM0OUxwbVIxWkdiNjJ0clZFRVMvRHUvMTBHaWhCOHV3V0dNOVJ0ZXh2eWJabFdjb2trTUpHd2RLNjVkbitSOExUUE04UVBCRHF0SjJjZ3NGTHlnZFc2S3plMjVLbXJpVk5ZdndmZm9lbXNacWZVTkFyNmkyaVBQa243S29CbDRaS3U1a2o3ODdXQkk1YXZONDZBY0pFR2RMKzdxeU9xZ2xFclV2OFpNbFV0a2RMQ2FoQ2lOTmNqNDQ3eCt3bHZ2Z01ETUlMeTRUcjZVVml2MEt5YW1za0p5S3daK1JXRjJUczA0Q2RDYm5KY2pNdkhCRE1hMzcyakNpcTFtT0NoS3FxQ3A2L0M2OHArWlVxNVNxTjZFOHNtT2dKRkVnSzRLZldyeUdnZFRLWTdlbXdsT1JsTDFKc2xLM2tKa2g4RTU0VGU4Y3RnaDN4cVBRMGdKUTdjcTJHZDJ4Z0VndGtsaFRBYzJvNFhHMzhTOE9LV1FVZ2c0L0ZBVDZXL0dYNDdwN0ZHNEFRYlBmTGhnUGhndFhubnU2MTY2N0tuUFhuenR6L0NQUUNiTDcrSDZMMUJLQ3ltQTk4MVcyYUwwaVNmQmlyZVAxS2YvbHErZ3ZhN2orRTFBalRrR29VbXhFNzRxc1hmTjYyRXpoNU9uRTVNL0VldmozV2dLczJIUTM3TG1Gc2VzRlRuRDFTOW16RUpaeTVGV3M4dWM0dG1sb1lSNGRKMnU2NXJjRThSUDdaakVzWGsrbTd0YXJ6RTFqVlV1THJWcXJOTFN4S29HcjNuRTh1d3VJdkxjWVpxc1A4Y0NDbUFVd2JNdjNLaXcwQ2xaZnZZV0lwVUtjY3VsYTdIc0hYbWtSY1hhTVo0U3lZbnd5SVFEOFQ1bVA3dTBmWGZtNGQxZktHSTFhWkNPU1RBaWM5QnEzbkZXUDVjM0xPTXgvaWQ4TUd4N1dKVmJnTVJjQVcvZFNUZDBjMFBKREtRdHJQRmEzRUFlYnZFSGZzT3BJT0pSNWxUQncrMk44RTR3N2tXaGFyVFJ2NkVLU3hIazd0NDUzN1R6QTRibE9yeUdlTTM4RnVKdFN2Q1YwUEg0Um1mQmxRa1NybW1kQ1pDd2NIRDMxKzk4ZERMclRLZzFmcDJsTGtRM1dMVzFub01rTnlqTUVmU3BpemJLQjJjNW9yMk1EVlVJd1ZqcXF0R0FaaHcySFlyTUFMZmttaVMxVXA1U2I0RjlaRHFQTlppOTFOK1YyV2xvMHhTeGR6blNTRVFQUm8ralQ3TUQzbzlzbWl4Uk9mMCt0eGNFVnYwRk1QL2d0dVhPSHMwZzRlMllSd2JxbThLTFNpUmxkNU1lei9OWlVYb2puck4wY29GWXo4NDFzZ2JlQlZRUFBZT3ZYNUV0Y1FPYkZHUjM0Z1hadFpaSDBEYlc2c25SZWlidG5qYmZ3MytMazJ2OG5HeDZNcDl1TFZCR2w4d1pCNFlpcGRKVHVrMXF2SERYZUtpa2s2REV4R1N3cms3ZVdEYVI0MDg3elp4alZhN2N6TnExU1IrOEFVd09BS3AwdFVFYUZTT3dMUFhWQjhLbi9CNElieWZwN1Z1ZGk2eXpHMmZYc05OZUU2YWpXY1FKTkdWRExobzYrcUdtZTh5Qk9TTVlhR2lCMTIxdUE4WWhXbTNSVEcrN3paKy9hdDY0RFpPWk5ZWUFjZ3dqRy9TTmRmRWxlZHVXbUZUZ3haMWNaNlk3ZlJhRTQ0M2dlTVhMZE85RGgrQTB2cXc1MUNLU0I3cmh4cGtQUElJT1BoRzRtU0cwbXd4emhxRmorT0VmTERUTnRyTncyM2RvQWdBdVZobFFJMG9TbGNlZmNCWnhnbmlkeHJ4ZFhOWHRKTFh2U0ZJN29GYVNtQVdSTWxsMHI1Vzd6VGNYYmJycmpMUUVHSFNwN2F4S2VFZW5HalJkSW1TZWg3b0VQUDBZN3ovaDl1S0NsendiZFJrN3dWTGNmVW0yUzBFVkFyWGVua0ZqR0xJbHhoZTIvQVVHb2ltam1PakwzcjdrUTZIbE1mUGdUam1zQno2SmxYUHBjdVkzTWpwbEo4dG9hamJvOE9DTCt4N2Y4L2trZllxdkdINFZ2RVBTaWNkcnNZeW00a21OYW5hNmo2RkxYdkVYZGNLd1JOUDJ4d1g2cFlocVFFampHUWxQaTJBdVh2aHVXcEFvUWtoNG5SQ0pVUHk3SktKcWVaYUE4TUh6ZjlaSHN1cUo4WXQ5dU5ITCtEL3Z0RnFuWnJaT2VGV0lYeUxvcDNmb1ppRlM1VXBJY2JVNE9VdlB1U0RQZ2JBZ0dMT0RRNjFhcmlYemM4RE1jY09xaFl2WkV2L1ZzUk5sUW9HRjRNVXdLZFptNlpsaldGTUE3NW9TUWlVckNGaWRPMUk0eERqd1JrVkVXYkIzRUtRVjRsWHRRdi9sSmM4U2htdDZuQWhBN1RIditMSnVwa3JDWjZrODRsZHFJWWo2TkV4UzE3c2VqSTRxVTVrZjZJVnFaZTJYT3V4UW83Q2tIbkhsVTNhL0dSZitWVU9rZWVUZ1dlZ3cvV0tKSndqSDBrOThsNXk4ZE9EYUpWMWNtbXFNZEp0OFEwVm1oUDdQWStHZjQrZDhyQXhnSEtZNjBNcGJxZzUrWE1RS3FyRmhZcVZNcVhOV3BCUWRLa042V1F1ZkhGL3kwQjhYNG95Sjh4U0YwaTdWUnB1SEhlUTZsdFFGSjJKZjB6NEJvTytiVy9PRDRjbWZqZHlISnpiTHVKZGFjUmprMXFqcy9vZ1dQdVh0dzIyREpqdlE9PTo6YmenkedpjpxE6U5I13h1rw==', '2018-12-29 06:42:57', '2019-01-08 08:00:52', 0),
(10, 22, 7, 'MHpVcjY4eEYyRXprUWE0amY3RVgzU053c2E0TldyRHN6ZXpBaUJNODVzRStVa1NZQVZqRzFmTHNwd3FXREFLMjZVWWVsUjZ6aUt4YndlVzE3WXlNbXkzcndaVFJjWnVVL0h2VXM4M0pnZXRwT0o5QVQyRjhiWlQ1ZjdVblFLV09PQjBualdMdXp6ZzNnS1U1dzh2c1BkVUU1TGRtZ25DaUhBSGVJaThweXFocSsrMGRpbVZPSWJ5SWsyUzZIcDdMZ1NCL052OHdIOXVhY0NDci9peEF6LzRFSUU0Y20vWnlTR2NaMS9DOWxkUG5zTnpXOUxNcmk2TTF6R2ZKWC9wdUN0Z3BtK0FpcTBqZ0xzQzhRUS80M2hSYjFVNXZxUkJqT1B3bVoza0hOT0RmNHZGUGhZSzdpWFlLYnhsTXBCc1Rsd1RKYXFXQ0ZickdVc0FUQ0hIeEN3MmVTUHJaamxiUFBoSG5mSXk3cElqUzVYV3RYM3IzUSszSytNRWdoOW56THZZR1h4UVczRmVoQUxuR0dudk5JeUFRa1Y2citaVHpFcHdEdmxscUxLWFZLUmVON2lZU1hKM2lEMkp3TXM1WE9TUlZuS0tnMFU3VlZLNjBpMW5lTWdzREowMkpnSWpiTm5QU2MrVlVPQ2VBa29pWWJoTmpuSkQ2RGdPTjl0dFB2WUtkUUZWL2JvdFY3eUdKRGF1YzhLZThKYlQrelRjbnBuWktPTWVnc0N2OFpoSUdwWk5RaFp6TVR4YVZBaTRuOUNUVmVVZmVyZXlabElnY29qaXRqS0RWa2tWaHpxOStIaDNaZEtXZTE0NUhyekVML1FXeGU1enFmRXp1aTVaZkdmdWF0cnJTQ2JheC9LQXZHaGxxakxNdzg4YzZmL0VMU1U5VFV5M2M5N3hSSkdZTk80L2MzNENlNjZBcTQ0ZFFYTzlQeVZFWlJFaGlWVDV2QmdlUGN2dDdkSUpHMUZvR0RoSWlLSXkxOU9MemdyRGNsMkFJUDdwRGxYQUYxVitlTElRSXMxaHZyYXY2MzdzVDlab2pVS055UUwvMXpYWGdJUzRxR2JkbUZvKzg0QUFHR1loOFVVS2N6WWhmZ1puRFRqTS9Vb2RBUmhBdWlJRTNyWjBzeWxwZlVVa2xUenVXTmFMZk9wR3dlY2tUOXhJNWFWU2N2VVVETkFqbXNVT3owY0tESHdUVEJzdmh0eElycm84TzlmWTRtVVJJUTA1T0U3MjNyd1NibmpyRkF2a25SN2ltSjM3V3BReHpxcXhpeTJEV09SaXJFK3VQQ1FYaUpGNy9TU3Fyd1JlemJ6S0pCR2tobjBPM3AyMkV6QS8zSHo3aThPS0gwQlFpU1dleXhHb1dBZnRDSU5QWEtFelFVM1Npd241cGFxRjZaQmd0RmZUMWV5Q1BIS3N6aWdlWW9vZjc2dXc3eklqZStHSitQM3RQZ29TZ3JDTG1JVW45bXlYSWtybDlUamxsSENnVllJK2I5UW8zbk1NRVlvMEtOR1NxUlZBVlRQK3RETHJmNmxsdmcrQ0ovY0k2MS8rODhNU1VTZCt4bGVsTW4xUUUrRC9tYjFPa2FPby9xMkpsS0o3aWdBNE0zYUZ1bGFsQmZQMDJUZWVxZjRiTnk4Nm1UclhLc2dMQkN0VXR5TnJnQ2xlSzIwSUwrU0NiL2t0U0M2ai80clZqVW5QaWI1QTZUYWwxc3lic2YyTjEwVm1ZemJiNXVYMC9sYWpyVTRsQUloaExNUTI1Q3o2LzFHUEV1MkF6MHRzVmRRWm9UVDRHOWtjVDgxb1RnOFZxaDBGalltbm1Pa2hYUVF0L0ZUWW5HTWR4SUdVZGdKUFlFZ3F5cERwZ0ViTnZ3ZisxYS8vRm95cDVMUmVzcXdkUFR2aEJHYUJpTW1YMm12L0ZRZlA4OEVCMnFpOG9GUnZJUVFSTCtRczNlNHU4SS9UR2VnVFVDNUVxay91Z2xkL000OTdwTXJGZzY1SWFZMmVVVW5oTnJUejR3Vk5nMDMweDVUNUU1cDJZUTV3QkQxRWJPN0w4VEVWZ0xFaUFDWXB2WmdFRTVpKzcrVDc0aTMwUjgyZm5WdGIxek9nbnhBdUFFRm5uK09BQXBPeXI1RFBHVGQzMHVTSHBaL00ybGp3TjRTdmRxbGJ5Umc4SkRmUGxKMDFvSkx1MWZoNHFGSkJqZWw1K29MWW5TMzAxQzI5c2krSndNTi8xVEZDNDB4YjAxYkg5K2lPNDdIR3BvZXpRTjdweFduV1lEMk0vY3lQU1doNmZUcXF3aHJYVU5LWVlnem1pQjk1VUxHckd1ZFVKZEhkQi9IODJDNnJJc1kzTGhuZzQ4ZkprSkVqRUY1UEJvUVovbmJrWTFtSzNLdWp4Z0tRZjdtdXBxbTZzQy9PUHk3OVdhQW5FemZFalRkbC9IVktjdWRERFl2c2JVckZZNzR3RDEwL0N1TzJTU2dUUHlhdENhR1BtYldOaER1SkMxSVpBUzJoS1ZMREthdnNLNUJvSkJWY0ZzS2Fla2t6ZXJxcGZuaVdORGFYOWp3VjJrRTMvSTc1OTNlcERDLzBLV3BtQ0xJM0FqNTNUS0lFdmtybDJCNHdoVlhucTcwa1BjWkNWZ25HdFNybmFSTEQxelNBNERhUzFtYUM2eDd4bGhvVlkyeWhiUlhCMGI3NkhsQjNFZmhZRHUxeVorWE5KczFCdTBjaEVyYjdIUFFjb2pDeTZSY2VEQ2JJZDd6VEMyUHYvOU1BSzhVdnZVNjN6WjFoK25Pa3MvTFpvU1FYSE1qZ3BlVUVCUjNQUi9MZ1lFN0V5Q3RGbXhZRTJWWHFDV2RFanY3TGNYYmViYktaUUp1cjc2TCtML2VtR1FoaTFkZCtSZHIrSGFRckRUZjRuYWxFZ2drOUhRQXY2TlUvVWR5MCs3M3hWOW1vMmQ2YjBmV2k5UmN0dWpLcUQvS0pYUWtLWGZkNjZkZ3FuOTVEUmRuZyszd3hsZEY1MUlrZlpnTGhrZ283Z2RmYzNrd3QyTUEwZVI0alBMUHlBRys5SHVTMVpjanNjMDFhSDYrNG02bVVXbmpzRVl4Y3RnaVRtbC9lTEpmSTVNOE1KU1M5NnR6UGh5clpjc1ZHbmloZlRiYVNoZ3JXMGJ6cExJekZvY2E3eG96QkxmRFgyenhvQnhOMzEremZ5Zk5Za1pqYWlDSTBJN21lNyt6UUNNYmpGcjQwcDd4aWdQSGVHM0FXaHpsYUpTYlVYZ0UrOWpWUlI4MUNnQUtJM1ozbk00WHhqZ0lJWVdJeGJpNkx4cEsvVmFiOWh2d3ZhbklJVXNrZWd1cjVDNW95NjJvZkhCM2k5Vi9Sb0RQSC9HaVFWVzc5Rm8yaS9ZcTBXSmpYbXQ2OW1nREovOWxRbkd6Nm1ucndwMkNrSm84Y2grdEZVdVI5UzhCQ3VDMFJrNWZyMGpHMWhGYTFFN1FkTWxXWWVoMStsdFk0TnU1eDM1WUk0aThxWGRTcHY3eDFNVDh2M1JXTjRQU3l6MFNkYnBaOFJxS2FMQXFzbGhsWXpzam9jTVI3ZDNjVW5kY2VSZTFLRnpiTEF4Q0RRUjlmOFRWV0pjQ1l1UXNUT1JiN2V4MnBYYzlzL1A5dldldEk1K0JjMjNIR0QxeEs5Y2FuajRaR0o0VVk4b0trcEpVWjMrRUxXalMvVE1peS81ZmtwdXJlVnRadWRqSEp6L2lMYlZmNU5vS3NFaVZhazRyMEZObE4rVmxoTzJlNE9YYmJNd1R6VkJrankrb1JDdkRCWjE5d25uL3pGWkFDY0xzeWd2Q2R3RnJHRXFjb000RVZ0R0w1NUMwUWM3ZVJvcEUrTmc0UVJmL2ZjTU9Uejk2a1k3ZXVjcnZsOWJlbnRia3NsTHN3Mk40b3RBem9YcXJhc3FhZEx3ZElMUGdNYm0ycFZYU1dyK0FEcHBOL2JyTTErbDdQU2RwTGdWY2Y5QmxVZHVZN242MnUwQmVmdEQ0NjJDMmxjZHdMZ2ZWYjdOdVROVkN1ZWpDMUtveEVVbHpFMmRNV0dCb01DYUU2OXJCck9XR0xPMDJpWE9EbHhzVitUWHhOanVERFlBd24rRjkwak5pbGVmV3RPeEFJWVRaVm1UOEN4TGNoU3ZXY3czTGt0R21iNW9SaE02azNiRVU2QmgzMGQ3UUZFdW13NDRjU01MRTRlWS8vRk5ZVnFIU0Ntem1LUDRDdzgvdzVzUmdxb0hSZklJWHFFd3Fjbzl1eGdMYlBiRUdzYmNSTjJwNk5NbmhlOTRvcHJadGt5bWlLbGU2am93WFh6d2RnU2tVSDJYWTJEUis1UkY4eHpQb0N3WGxneG1TNFJvYUlFSjhiUjlXMm5ubVpDSzRDZVMzbk5BMXA4SXZFOG5VeDhjNWhLTWhhdmI3RTlhalFqRWZBRHovN0YwSHMzelVReW93UlBSSS9wemVYZ3I4MVVXQWZQOTg0OS9IUlJNeEdVTlhST2tsU0FsVndBTVh4ZGJhZXpqU3grY2I1VWtTRzEzVVhzNG9IMWJzQ3YxYlluSUtzNGQrMzkxUHFTc3NMYktYVE9ORUhQdEx3dTVWL0oydU9qNmgwZ3JUMTRna2pLVUtYby8wZUFkR0M0WlJ4c0NpTWFENUgvSVM4STFOQUwyL0JleWkwN1RrU1hma2dDYlZHVlNjdlppN2RpU1JCa05Jek9QdlI0RDJQZzMzVUl5cVRvVkdXNDNoeStHVFREME1abE1IdnJmRjlnTXd2L1hNWU4zTVQvdlpKSTN2L3hBSGk3dTlKY1Rkd3JwVTE5bVRWaDR2NExLamw0RVVjN2FhK3BjVGdlZ2ZXaHlmcUdLU0liaGRwSFdmVEttTndON0Q2S3FyZy92bzQwOGR5WG1ZWFdJZ2txUjB0QkNtQm9ZNTRGaTVtR0NVV1hZazVpcVRCVktmY04xWkxwVUI4eC9QMk1VS21qcS85MHVUT0hNeEFmT2Zwc0lkczFlTVVEZlhCSnZCT3c1bVdQRFRRZ1ZBWjRlZWo2OWx3ZktBbXBRdVFHdEtHNWZJc0JWQmlBaWd3SXByazMyNjNKbHVCWmxLNlhoTCs3c0hKUTBucjhNUGhQdFhaRnNqZmczcnc1SHJsc0x0RFY5akRkZGdzT3cvdkdabWVsQ3Y1R0NreHJQd1diL3gxazVGT0JXNnZoV0srQ0pwamM2VzVINkxQSEdkWCtiRWhCWm01ait1c01QdThPVzNCMGZqMHhwN25hVWNPQTZZRVUzSXVOUWhZS3FXZ2tiTy9zaDZMa0kyTzBlVDY1OG9QS2w5dlN0RnVxWTdob3NENEpFTDY0MzhnS2wramMwcDZuM0tYVWdDNExXZ2hwVmlmUkVaaldHdVl4aHVkUzE3T0VsY2RiVFBScVovRnBmcGhrcnBqYkFJWjRCdHBWSEtQV21yb0lHWWNnZnpPTGtJWGRqUElVSllqVk8ybEY4UnB1QWd2bTk5Qkl4dm90ZWFUSUV0TGZta2QvU0xUSnh3amZCbWRNKzhpVkNKdE1aTmNTcEVwU0VnenBlVHVTM2JnNk0rdWx1VHNTSmRGVFR4TGlmaGdCK0phK3Q3b1QrdTQrd0ZBTlBLeFowZkF6QysvSzdBc2h1TEZTU0hlOVpJaDlOZU8zTDVRUUIxVXVoTmxPTC93SHZmZjJUZTFiYndjZEhwa2lvb0lnSmcvcnFjaWJ4UHBXU2dsSmpRZFFOTnNCWGVYZy9zVVZzQ1NhemNXUGFVMk5tMnlnWnJpdzRhZ1Zwd01Zb2FwYkVLcnZCVGFndERFeld5ZVBIYkhMYVBjMDg4bGN2ZDZxWlI3U3NrZFdQNXd6czRyNkVVQk5FUHU2R1ZNL05mVzdMSHh6ZzZoWU14NFVNZ1VlT0hsSlVhREFKZ0d6dlB3dklpM3phVW5Cd085NThpSWR6UHFWdU9acFBhWjZDTDNiUWFSZG96MnBhM211OHAwalhpNUttWFVRWlJkUEpxR0VpQjZUY1VWN1YzT1JuMmF3Yms3MFhSd05jOFFTd2FRWHRoK0hFZ2NncnQwUUZkSWUya1lNM0J2VEk3czFJOE1jRUhIa0MzR3dySTYvMU5lc0hmOWtjLzVqeW80NW1ndTArQlp5L2QxckFYT0ZDSmt2QzZJZmxxM1hUUERPNUJOZ2ZYU1pqSHEyTE8rN21COFJNYTVOMDVqNGh2OStJb2RwWkprNy9TL3JOYTZqbUhMMEMvQkdab2xrZDAra282bHdkMkphY1FYdFBTYnExVitTZi9raTk5VGdwUk96TmhJQU93QWVqU3IzZEhna092VitCVDNHMnFjM0lNOGJ2dVNLMGpLbWxSOWRDcWpxdmhKZStsM2pPanM4djJhTGNPNVN3ZlZNMkpKZWpPU2hveVYyWUxUVExKUzFKd3pQaWphUlhYM3VjeEljTlJsNmlMNm9wSUY3WGt1SURkalgvYWNocDZNSmhxZGFQZFBScTdxQSt3TVJrY1JZWmloN0RFbzh5S0c0clNGVUNPWWw0NFBZQndlZnZFdjBYR0syai9zSDNmc3poTHU4VmRSZjZxZ0hyRTJIeWJsbUJleFVFVUpDSHgvcGdiQzlGczFRYm43ZXhjRHUxSUdEN1psYlY5R2R0bGlucXVSeWp0UlpaeU9aVmdKdWVIUVd3QWlHL2poekMvcGZ2SzQ3bmZjNnNNb2dGSVltaVlGcXM3d2ZLdm9hRllabGVpYVdiQU5oYm11WFo0RTFvS2VXNGlqS0pBL1RrVDBTRnUwZStOL2FrbWZWZmVEc3dJM1NPWVlsWHJ3M2V6ODBsZUNSMnJhK2hra0dQZG0rTys0Vzg5MjFrZVUzc1FDMU9tVXR0WWxJdDlkVFlRelcwa01oTUo2L3JkaUVyZjRBMDdvQXhsZHBNRlBDZ2llNEozckszYWRENDJQcUo2NEZrTlNHWnJSN1BudlRsMGhvbkJYcjdMUk5SM0RCVm5kY2pqYWdYWXFSWWNiU2FuUnpBV3hCREYvdzVOazM4bnZvMzd4ODJMNnl6ZDRTU3Mva3VhR2drYzFqcHcwR1dBclh4VTJ4S0dBTjcxallWQmYvRzZmTlBEcEx4WG5sWURRRHp0SEpOdGs1T2JCTkxVK3BqUXZCaGUrNktYdXJxQUtzcm5pV0wxc2hjOC90aXhWWkdDcWkyUVQ0cVc2VzVDSkNLTHVhS1ptSndRVnJwRDh0blFCRHRBbTFRcTJOcHBUS1JhTThtMTFaRVZJT1FPN2NoUmpxWU5xT2RqR2VNWVVSeWtMbXB1Qk1qUW1ySmllckdVRkdiUkYrVzNlbk9RZkdqSUFqQXA4KzZ5TXp6SFhEazhtQUc5RUVwYkQ3U3dZbG1ERnNnTm1FSW1zc3BJYXpHaXNXei95Qm1EYlNEYXAzZ1hVYW1SZzRubE5qSmI5N0l3Y2EvQzc2czZXUGlHRHo0SzNqM2ZBSWsraThMVlQwcmtZRXJQbTcrUWl0cU8rSFZkcTIvU2FyNkVHeEE5RHBteVFhK2d5M2ZtTHAwbGRMMyt5NVZSTlVWcEZoZTlKdXYzc1AybjhCc3ZxZ3djOCtRT2Z1VGw2aks2ckw1UmJxTVRENzBIaHA1Zmw5ZzdsdlEwUS8yQjk5d0UxYzUweWRSOHRWcUpjUjUva0JXSFRaOTJaMFp1cVRjTmM4RGlEbG81VXJVNGhRVStXR1ZTU0tpTnBmV3V0MEJobDloZG44VjgyRGk1NU1aMVo0WVQvSHZHSG5oTzF3VDIxQkJ1bjRZNmxKdWlNVlkvSStoeHhLajNvRy81MlZRTWdGYit6Mno4b2NRdFFOcSt0ckQ4QmV3aTlSR2dDMGZjVW9WekhyY1pkblZBaWg1SXpnM0hXRFMweTl1Y1FFOHlvdWdoR0NNMkM0WUo5WlliUHo3c1o2UFZHdEdZZHNtNWVxaThIZm55UzZSMzhqc0pQOVZ5ZnNqTlNXV3JlTTV3NkM5enZXNUVsM2lWLzhwQXArVUwwcENpRUdNRkplN0FXTW5HSllzWFZFL3dRQUJwa0MwWWNzTFJwTUlKM3hOcEMyNGhTcUhwZld6aUY2Rm1lSVF6UWZ6WkxrRWloL1VpR0FtaEt3LzBhNC9ueTl3T2lZcVp6cldTQlB2cjlaUm9YWVN6YjFnMDladVNJdnd5QWsrby9EZEZpNXkxMXlaWDR6ZlkvM0FWeUFpV2FOd0tJdWt0Z2lRSzNLWGhBM08rZUpSRDVFRUUwbzNuWnJsbDJvbXZ0M0NWL1V1Z0NEaWZyYUNZSGVLMDlrNTE2TDI2aTNmM29GelB1d3dkK2Z6NzdudU9Wd24zUFlkMm1qenB2L3FveTZWU2xOcVMvMG5yTHpJMWRBbWZLMGdCV2hQZkhPYmhVNWJnRUlxME03T1U1Y2tFNDNwOXB6MjU3bzlGVW9lTklrWXZFVWxFK1lmU2s4Q0pGbVErOUw0NWVKU3ZtUnFxbFVXQnRDREhkUkM5dWFEczJZamVDdTE5bGpQR2RZWW45bnc1MzJuOHFjY3I2aTE5WlBDQ0RZR0lnR1REZEZ6MC9mTEhwSFRMM3dEYVpFTFlMRGhLcjYvSG5WN1lwRUo3VWo5cVFzY01nb1p0RUxRQkF6M2pDZm9CeWsxaXhDQWFzak42b08xcVZ4QUxRVTM3ZWR5cUhoWEdNZFcwb2s5cmszdkJ3MVI3Tm9NakgvK3J5WGhZWUMxeXVqaENjYVFwNnVkSVhTN3kvWFRWL1pCU3VsY1NJV0g2K1U0NitwV2QxTk5GOFYzSFB0L1NBa3lxRDhya2NobjcyQVI3VmJwQk9jSEhjekJrTUJSQkxnL3RmbVMwc2ZEaUNISWVpSTlmd2NTYXFPOW11QkZLTEFYTU53cDh2bklBOW5tZlcwQXErY0E1Rm5lMHV1alRPb1ZMZXY2ODA3UWM2eUMzQWFsemdKM0ZJUXlWbkwrajl0b1pwMHVjUE5reVJrOFpzS3JnRGpjVThaMjcwNytHNFEzd2tLWTdFckJBYm95VXJYa2dONDJYWjBCWHhHcDVRa3dRUUNldUtXWmgwcjVyRmZoT3pQcFFmWExiSS9RS1lrc1R6MmUxb2dJTHN1ZGRZNnk5UnY0N1NzYUdjclRpS0p0alJyTWRWUGM3REMyWmROZ1ZMbW5QNS8zeEl2MGluRkM4Ny8zU0JoazJFbXAxcHM5UU15aGt3MitpVmNLckNhM0U1cjFKM2swY1E2cGU4aFAzYTdtYWQvL1V3ZlBZaDRaQU1UeXVubDhWakNrbG5HdFZVTGQ2b0haQUFXbnZJdDNCQ0pJSi9qSzloSHNwMUpnWm82N2xKZ3haM2RYaWU3bzd6OUpYYUJCdkZGVEphdko5bVBSNE44TVZDL0R6RDl3S0kwUzdLVExHby90b0oxeEMzZHAxRjMvcS9jSS83dzJmazB5MHFhVXpIODA5enowQThNYjRTV0ZSWllicVpFOjqCrRseuEaheGhZCtlvKCdM', '2018-12-29 06:43:47', '2019-01-08 07:56:35', 0),
(11, 40, 8, 'OUxmejRjYVYvN2xlVGFzbjh5VnAyNEhkbUt5Rlp6UDdqcG5EbG1GNytjTjRpOVlZTkpEUTBSYXJyQU5YU0FlcStZQkUzRmJ0MzJzN0p5S05YQU1qU29qRTRkbzAzdGZxUzIxU2JUNTh2SVdITFRiTXpReXhsM0xCeVNFUnp4M2F5aU5MMmRjTUlDeXFwU2h3c0lNc0RpVWpvS0l6OGZHWExDZTUvRDBXRC9oU0Vhd2IxUU1NcWhyV2t1MC9KWUVXRUo4MGJacEErY0NmWXpNLzgwSVRXVW91TTdqM0FGWC9WUnZXcUoxKzFuaE5LSWxsUjU4MnVoRHUwUTRjb0xHdXlaMXJnOHFmTnJ6MHRLbXFQamdvZHVxTmxvd1ZaVkEwZS8xQmREQy9ZWE4vaE9LL0Nmclc2M1YyVVV0eUpuNXAySWFLZS9vL2pHRGk0SHNLZ3dFbWNPY2ovSVFJb1IxbkZsb2lBcnQ1WWdwUnRRdGFCWDZvdjV0YXdaeTFXcnFnaUd0VGlHdG5qSzU5a3Evb2FDRmg2KzNvNjcyOFhSMHR2YVQwcEgwUno5VThvRW9QT1A4TUlocGY0VVZLVzcxR3FzU2R2d2tzSXFsMC9kckJ2bGc3RnJQVmlmMWZUTDZxcmdMaEY2UllPS2dWYW03aHN6MFYycVVBRFVHa0xtSktQMWZwRm1FN28yTWY5YWVQaUVXa0J1S0lTb3FCMUl6MzdkVDRTaXZsRUdBMEJpWkRqdUwxcXd0SkkyZVBVNk1IWjdUa2xlV1VBT0c4SzF3Y0ljcjF4b1RDdHdCaWFnLzF3YXprajFyUGxVd0o2YmcrdlVwZ21pa0JuZXhTYndoWG9SMnZma09JV2lEOTBxNEhiNlh6a0tCMWl5YXExTndVa0FieXhsSGdrSnRKQzVNbmU1OFI2WXQ5NDVPQ0ZDTUtRb3RSOE0vVEVRZ0FQNkVpTmVCSGhTdGR3SDh5ODNPRjZkTUVTa0tmZXFkc3VzUUFhN1E3NEdKN2htWGRvZVczUjJTbDdPbStpVGY5RHZZTFJrK2ZmM3Z5clkxR0ZKb2tXbzFuNnZRSkdieVoxa2RYbnEzQk5lb3JUd2VoV2lweVBmcFN4a25veFQwTzZCVmFQT1JlenQyc1F2dzE1Yytjek92TWhsazNreEJIU2lBc2JRc1hacGsvOHdjMkFaWDZ4QlFwbWVXM0Mwam9tRGtIMndvQkRyQlNiYWNTNGo4aDFFU0V6UHI1enFNRC9RMUdNV0NNK1dhMjNpNlNqdzBHRXl6ODRmSVIzb1gvWHdyRXNFMUM4NHZmb1RmVHNRRDVHeWRVWW5SM3M5RmpoMnE1VTYzNk9CVnBNcDc0TUhHZHJKNkp5ZCtQcGJYWXR5SWtMcEZIQzRhU1g3UEZpNzcxckROa0R0RUVLRm1SWVlXZ0RnN0JGOXAvQk9KeHlqSnRyY0xvcDl4VmdKS0hUSVl5bWhMUUFEN3NBSjE1Y3JkdVc0ZnVuWklQVkd0Umo2M0U4dW1IZ1VQSDdtMk9rMlE3MEVtVlBIa1QzOEViK3RqanZnSllPc2JyRmlRMnFLTzJ5RWczVEdjTTF3TnRaMDl1Z3VmT0RnTHcyM3dza3hGREk0bi9mM2J4Sms2b0UyelFxaWNkNmN5MjFsbHJKNDFNcXBKK1pleXJSNGVYNkVrOVVNUzYxVDJTY2FvMFVSQTB3bzQzT1ZiSlVOS1lYQ1VhS2ltNE45SkMvVk5NVmxLQUZmcDBWOGJFQTRRN0dZV0hrdERiTFlJc1NzdU9IWjROZTl6Qi9LRTBGckNNNFhFbXNTd1Y4eDJ2UGYrZ21NNkI5dm5wM3pkcU10aHFSZlBVQUNDcklvTjFKT1dqODJuTjAwc0V1eUJPM2IrWml5MzlJS1NVbVhhRjk5VTZjRHJmd2U4UFhCY0NkMnpoTmhGUkM1WDRiczdBMGg4V2lpWmpKazJkeWw0cGZ4QjVKQnJHYjNRMnBtVk9zRDdkUG9rcEhNSENSdDJEUjEvYzhZRTZWOVpoejRJNmR2TlRIOVg0blBrKzRPKy9xeUZRRmMxaWN0UnJDUDNqVjhPWTRJRWs5QmZJZktKMEpiZ2tTc1doVkxmKzB5ZW04S1NNSlJKN04vMk9iQTFDZ0Eyb0UzV3lWSWk1WFRtZDN5bVNtcVpIVUN1alZOdnpWOGJCSVg4NHZhSWdjZ3k0alp1SjIzTFREaU9UYjhkSE5MOERKNDJieHp1dWVoMEt6T21OdnJMTmVEUlhIaW5FUFZ1RWpQMnhLWFdOMUNrbDhFeHFXamhBVzlBcUxubm9rU25pWjZXQ1lLa0d6eXpaRlc2V1BwZndmeW5MOFljZjY4V1ZRMmc4VGpXMEovUVVuTU5OcENBNHo3QStVOWF2TTNteVdUejI1cjczMm5sRWIwQVRPc21tN2cvN29YTElob1BMRnVzQWtmaHZzcmVHbjVlSmJldTJFMGtRbzE0WUt6ak1xOWNad05SMW81NmJiSXJkZ29uUUZVeGJpVTArNTBJUDd0WUo0Yjc1cW80bkV0V1dmRGt2bWYrczNVRlNGMVRjY0hoQjdRZmNsOTFsc21HcnJFR0J0alBzSXRqMzZ0KzlabzZTamY3RFJDM0x1ODBHWmFEaFdqWmcvVEJLOXJUSzZucWxpY2NMSmRsYkwvcWJUV0VLRDJTa0c3TkcweTdSdmxEcEd1TDljTVpvcDFVeHZSVWZCZ3dzRUF3UVNpU3kvVFJVZ2xrVGowTWN3L0ZFaUg4eSttREZTbkNpUDBUdFVVbHhUZlJvTXFCd3djOGhocXNhVEUrZU9Tb1NQaEttem55SzcyaGFlb0RubS9IVGNhN2dIMXY5NjJhVTAzMUhVa0JVTnVuV0FhS2VsM0pwNWE3OWxrVC9ZY09DQzVJRW5KWnU2MEhsdU1TWFBPVE0yRDlIaU1IZEUybjhTVTBtaytONHUvQm9heWpwcitwYWd1a0xuejRFR0I1ZExzUFROaW5mVFZiSEJoUU5ha1Z5OE5VVm1MRE9MbHZHRmkrS0ZIWHFwUHRaUjNzMnpRWXBkdnZ4TGo1Vysyb3pNZ3FMVnNDL0dHSXhJOVJTTTFTTVdGYmo0NnYrYkZFS1lXdTNmc1FrTUxVZmxEWjZiYzFyekxCelFtVFM0L3Z4Qjg5Q0oxYkl4YVBBZmh2S3gxZXVzd0E1TzVhYnkwQ0ZpekV2Ny94b0ZOYmxnS0M4U1QzNUFFdGxwcHIxL0VseUNoaDRvS2VwTkRxazhRaW5KUjNlMkpCbE5QbWMyMldQdUE2M1JkejludlpPeFJKdlAraThBM0lBemVnUjNHS1owOHhWVlJkRnVMcGpQeGdUYWZwTjRYQlU5SzZVdHh6UkN1dEF2SDlRUUtkdVBoNXR5WGJES3JvTUxHQnBvVVFqUlluY3U0NFpNS3d6U1R0VXVyT2ZqR1luQmhSVEltMUk0SktrTHZRckhzVmh3eWU4QzdoeDVYdXJzWk9qQXJwc3p6ZHViUzNwRmVXdlVHeGJiRTlqOXZ4YmJ2ZEMvUi9lcWJxR1Y2R0k3WGNwdHBGYUxSSTE5WnYxaGp3L1RaNmtDa1Z6bEFBVDFURWlUZTFUaWVhTzlKeTVDcHhqSklVUmswMVVTTm1TU3d2aDdZdW56VFpxanFqWHhvZS9nNHRXZll5RlhzNzhhZ3JtY3RlckNpbTlubkZlMFpCamd0a01rY0NVUGE2RHBNUTVuMjV3TkduWVBHcHFqZklhMlBaNGs4MVB3dXRvTDZRaW9qaDNNQXNKeTVHcnVVa3pQb0gwV2VGbFlkY25ZT3F6YlVTNEVyeDNjVnYzdVM1ejhySU1KQXlGeEhPMjVRNDUwbU1aKytFOEVTMHRxdlZibzd4NE10VWR4QUpubWJlVGd3MWpZQU16YWd2TE1jbVg2WitrdGorbmp1UFNkOHNUZXNWM1BsYWhLZHlpNmdvRUdSNzZjSVJrVWZOblNhekVRQ2NqWmRFZVAwcUhzSGxTM3Y4aHlCcjFsWlNtcXcvM1NmbEp0SzZzMTV5eFJmQXBZN0lmM1pDWHRQNUZLTnZoYTJZVjJydkR3QU5YZFU5UHN1UU5XVmp4ZHFXWWx5WERSWTZnRjJZMzZXdjRQcjB0cW9OWXZVV3o0TFBqdmxjVjdId1c3MXJFR3F4N1Qrc1FXakZMbjlLQTRZU1NVVW1lb3VQNEFXekFLVkVFeWZRUFplM3FVcmEwbkhxeUI0UDFOVjN0dnRtMkd6emNkZGl3UStMU3h0N29Da3lvMkVVdzl2S1ZIZ1h5M3NreEYxMGYzN0pPMUNZY3JBTHo5S3FjZG5YM3pQTmw1MDhUZGxNaTlncVRWWHloVEp0eWNJY3JXb1ZDS2NqbUpsYWowZVpmWW5BU2xWdll4TFVoM3Fmb3lDdmNhOXgyMXB0M3B5Ym0xZEFzZ2JyZ1UybTMybmE2aUlKQWIySUs4R0pBcmtTb0gvQ2JFb3NlQ0s0TEtNODU0ek5kNGgvbStCZXRqM2VEY2VRM1ZlUUtyNVdZZlVIYjh4RGhIeEJEOVJtbTBaaFAycjcvcVFPdjJ1SkUwaHFTQzZvMUVNY2F1cm1ObGk2bE8zUVRxTERMYnpwd3UxOENEWDhFU2ovU3NTVWdyejFZRVNkQ3dGdmR4YzFzVWhzRVVYVG0veE5MSUN3aTVJcVVzOEhOWmduZ2tadzN0TUI1amtNTUsyOTY1Z2lJK1FZMGF2eVRvZnhETWRnOUpsRTFBaTBKVFRkcTQyRkdBQ0pHMWNmYkkwU1JpQUVxaHcwa0JtNHZlZVB2dlVIZDgzUXZGd1h6K01WcFpxNHdqSENaZitxUEY0SWNMS285TzVsN0JvdHNmQXoxWVUxY2ozUSt4dXpua0RaQnhmdHZBclFuaVZNblF3WXF1cXNVSFV6ay9GN3pBVVlnZHZZcWNKSTUxMXFEZzVQVnRYdk9CMDZWcnRpamY2NGlUMmtCMzA4VkhYbnBpMHlKYkRDbXFPdy8vSVhFeVBRbW1La05pTWxvMXNlU09KYjVHMkhSRlFadWJUL09PODV4NFl0eEk2RzFqblhZcWhla2xvdmVmSHlkejR5alpyV1c4alVVNWVodW4vQVlpeHpIVUtXWjNHalBkdXJkbWR0YWlZSTArQWdKYjlPVXE1dFpIWmhKTnBoSkVrNmxnWUJnTEZsUGlnc082NUVMWDRLaXpkVDk3R1VBenMzUTdyWjVkZWZSYjd3WVdVMUc0WWx0bzg4QVNhdmc0bU9vRnA2bjEzOUFIcndOaUhYa3BOdjZjUkNhNFV6MjVQRExKYm5XMmVKaWttMEtPbUw5OTFqbytEWU5oT1F1OHB3bXY0UTlEanpzeEkwS3BOUkZJVW4wSHpjVWhUdnNPY1kyN1o3SlFjS3JUZUxmVy9vaHBlcEdBd2JWSjZaeXZVQUNZU2dRRFR4R1FXK3p6K29rckVaS0lYQmZtYWZYc3FaM2o5TDZXQXRJb2R5dUJBOGFPVGNKRSs3Ti9hNW1XYjJQNDh1VjlPdS9aYTV6YmV0QmxNUXo5WjUwRVd2U2RBNkhTMXJsM09lUHpKM0k2bUs1YnpxTllaTDA4Y29mMDczbnJwdFFub292d0NTb3ZtLzMrVEQvTGRlNUIxRThmbk0zNFpNV0IvMGo5Nmx4dGdyb3RpSkJEM1BQV3VaNkJHZzFHb0RsWmtBaFczNVU1aElZWldmN203citaQk9HUWlDUEpRQWMzb3U3TnRzZU0yUjcrb1kzcTQ3WnhWSWNaYjd4aVdpQ0RxU25mZ3hIcUpSMlFCVmlOVVBIZlJ5dUlsdm51R0NvNmRkcGRWd3RyRDBkSFFaR0xhMUpqS2ViT1dHUmJ5K294NXFkVWxCRlZxSlVzR3VHdmJpbkVpTWhpUXZRUndxWnNFbUxnMGZxOWFZUVhmUEd4N2V1NzFjT05ubUFqa3BueG5LUFFJcFpQTkNPejlNOVc2SU5tNWZoQ0ZpWFIzazMyc0dTQWJaSUdFaDNCL1V3TGw1M1Y2M3B2YnN0RkJVZkR2SzV6RFBHWHJJNFA3TWdZVkJwanlnbnEydjdNRzkvUklNWVNGVFRKVzhXbEhFTnRXeEJMR2p5VENnV3VMbENmQ3lyOVR3cmJGU0hZOVlVcituL1R2K0xIY09UbUM5Yk82dDJMMXJLQTBJL20rQ2xCSi9OYXdQeis2L2FLZEs4Qm1ibm9ORkkrRCtCVnRyNURzdnZ1VlV5TzRaQXkvMUx6cXVKbkJpTm1zQ3dvZW4wVHBoSSt6bHM2NXorYkMvSmlCNy9LYXkxNmY5N0NHTFdqSW1sM3MrQ0V0elIzUkl0Nml3ZktOQWxDTlYzZjF3NWtEcERseC9wbzdUa3d3aW9DeTlZTDBkdW5GK0MwWEVOQVhhRkJLK1lOSXFLMzdVL1hBWUt4MjNMemZFQkV4TkFWSWRieVRiSGd4Z0xudWI2UEJ0dkxXRGxXYUh5MU9aeFBIeENJczRpeXFPUGRrVTB3V2xyVzVveHZMc1NaU0pPUlNCbjJNOFlOaWZsWmllUEtKakwwMTBYWTAvOEZJeUhDNC9nb0s2cFUvUUJ2SGJuWFd6WDJ3bnVST2w1RVBpK2dnWkhJcmc4cG45ZG1OeGZSY2hqc0N6bWk5RDE3UktiQ2dRcExPekovdE5yUHRJZU0zL3dlZ3A4QWQzc1B5RGVZOXFtWFNTQmE4bVd5anFKOEwyVHFxZ1Nlamt5OVZKOEdIeGZhR05TU3JTTm80MGRocEZBb1NCSS9HQi9GSC90NXJUbi9oakt3MFNtSnE0QVY4R1R5TGttZHFucGNVZkFneVo0MGROdnRtN2daMzdaZmNRdkFqamROL0c5OUNmZVN4K1pwNm5nUEViNEhjMy8yRVBRRzR4Z1psUjE5T0dLMHhsTmR5QWpCR0VOVzNubWlIV3AvWUJuQ2lMVFVLSFB6N2JLSVYvTlIvRXkzUnVzYkIyZ3BXUDBlNjZzdFJDeEErRXF6bTdKR2xJTTUyQXJsbllhblMvS3c4S1dGVSt4NDBDa3lKbklYUkFGdnhCbldFZ25NSmZCdHVMaW8rQWpBWkdUYkdJdHdwN25qMzRXakp0NTg5dUJuTUF2QTJjczdjLzRnZEpQL0RXSzB1ZnVBL2JOeDhrb29xTHU3M3RBNE9JNStra1BuSXp0YkNMbW9PQncrUHpZNWYvWmw5UmNWY2NzVzhWclBPZEJENitXd2F2T2NBVER2SzVpTFVFUzJVVTUwVm1nSzNxajZVYkIwNG1kWmdkQ3JmaEk3Q1BITUZENDZna2Y3akJqcjV4SVNRVm1maTBKb0pQRm9iUWU2bzhSUitKK09YODNwbEZSNjRNaFhrS2RxOEZvdXRGQ1BKRDY5OXBhMmV3Nm9KWVRlTDJqdGFkTm9uMTczZ3F2ZWJ3cUNHQ1krSnA3OXc5NlpkSUdYL2lDSjdVWk9aKzNIL2RVdmZLRjExTXZpQjFCN1Z3RkNCclJmcy9GVnlJR1FjeExwUGxvREQ4RjhOczEwVFNlQzcyWi9CRDRBRHFwcitjbWFmQ0FIWnF4UHh0a0JlaVdVUGpQVlhjbE5lL2t4bmluWTYzbW42eHJxdi80SDVkZHdJa2kyaHlWRWJEUEVCcE1VK1ZMSUpWUUpaOGwwNGZSUkd6ZTdEbXNFSnpZK1hBMVRKM1lhN2hybEdiQWU1elcyVEYvRFJ4Ny9WanlHbDlLbS9mSVRyejByQUxsYXBINExLMHcvNTVab0Vwc1Z4QU9Mb2VzREZwR1Q2djZmUlVlSUVjbmVQLzNYK21yaURvSy92TGo1Nm94SSs5OU1hb0w0STRldzVDRVlGTG94U09tWWhUdExvZXBDWXljRjJJRlI1SEF4UTYrTUtjKzVlOUp5ODh5YzZOTURSRjhZNmk3QVB4LzdvYStvZEFHVFV4aXpZOEptZk9CeU9iZzl1SlAwc3kyNHJzRXZSbWVYb1I0blNLNk5GZnl4bFZxSWdUZ0UwdUtJQkV2T0FXd09qdEFKUi9MOGNSRGZ2NVRVaVlCUmF4ZldOYVNjOEQ0TTVEb1JuNEM0R0xUWFQwYWJtaXYvVmd3VEh3SFRIV1R5K1M0d2V0bUZDdkpwSnZkU3VtRWlTcXZEck1kM0w1Tm04czRibWUrNGljSDc3TWpYMUJQeTRDS3MvbTYzVWZ3ck4yQWhJRVlENUlTd2FmcUprc3dmZmxrcVlHdzl1S1ZvM1pjZEtmcmVVVzg1YnBFTEtpbEpaSFA2SHI5eWVJVjVwWWlsWGtGMVdxKzFYdmlWSHozc2h1RHhDbjRoNUNyMmxHQkN4U24wOG9kajZrOVBZWUk2WVZRMHNMeitsQStSNy9FL29RaXAyR3krTjU5aDVaaytFTnpjUXpPNXhGTFltRWRNdEdjSVI0REhGZ3ViYndBZG4rYkZPZlRLL29lcmYzT0tLWjN1YnhPaUh6bUMza2hhMnZ3Z0JDYkV1Q1RjQ3hHdzBBUnFWZFk4My9oSHY5K29kNzc5enlvWTk1N0lrTUMrbC9jVzJjWURRT2U1RDNURjFaWEhqZytudTk3Y0hJY2NvVTFkQzUySGEvS3dyOUtmV1MyeVNaak1YdXJCdzlLVkhJd1IvQXBaL0h6MVNETzg4SENlaXRDancvb21GcG42Q0dISmNNWjRjNnBjZitISThpNG05b3l4dnR6YUNIK2VGZFBmWUdnS2pzTmxaZmNSSGRXNkV5VzJWM1J4dGcxVlVGc1dCT2lkUzk1b2M2R3ZlSUs0d0hnOURpdVdnbWRsa0htVHdiNlk1SkNHZlIzeHpNcWJmS1h6d0VTT1M3TEVhMHV1SjB0cm5NS0JIeW9rTXphZGt2TWt3Uzg1WXNCc2FvVW9tL0VKZmRtTGdJY3NZbmJ2MnBnYWx3YjQzYXhHSGgvZmJpTk5mSnJNNHZWVjQrckNMQnRSd3dUZWN3NE00WWYzSC9sUEZsOGh2SWNxbm5abXprWlpKc3gxeG9lZmFaOEo0N3ZWZVNvbG5CdU1OTU1Nbnlibm0ycWV3aStnVlNGVkhhNnBUczNSc2o3a0FiNGkvTmFDK3gyZW5zNi80WjZwRHVLbjBnQ0R3R2VoK3Y0bUZFajNHTjd3eVE1VWQ0ZEVZVUFLaDdHM2g1d3ZtRnFON2diemdSRjNvdDV5WTJKTG9MUnlJRE5uZURtYllZYkVwMDJjVmhxQ2dTZTI3Rkh4eE5qVDdHWjIvTWdOdEZ6aHQwRnA0MDlHV3VXY3hQRC9jRGdhaVlzVkRlSUdLUTRTSmZncEFvOC9TbDAxb2pNU0NrUi9KQ2JJRUFhUEhTdERHV3MrNTVBR09oaHJlNTJtLzh6a3QyeTVnaVRHM3hXenBqZ0NIMkpkbWlNT1VJUDNuZWdtSytOckp0QXZFRDdLVFRrQ3BjQWgxbmlMOVdIS29CZUJtRXhIV3ZxT010dHA4OFVoM1RDQ0tBOGpwOGw0NXRRYWU4WHZSRXFIeElIVStBOUtCK1A0MlpiUzRiMERjck9pMlFObjFidzBBZFljbXdXWEJJRWk2SzUySXcxS0pEdG5Hcy9vWEEvVnlYM0ZRWStubGsxakV3ZE03cGNCQzlhWGdsQXVPRm9KRjVOMlNWK29rTFZsY2tZaFVCOURNZVJaUFNSSnl5VSt4dGdHT2lsL3RCZjlRelRtUlh5NTUzOTFVTnFoSGljMjQ4cEFCMWlDMlZEVjJyaUJiNzBvRTZOb2orYXgwNnZKWUwvU3hiRklKVUFpTzhVZ3Z0V25BR3d6OExmOVNWOFAyQTI2RDRSQWdaNTluQ3M2VFpPYW94WTh6MWw0N05hamlZUE5TenVVMTJ5MWFGVyt6M1JTUXk1cmlpVnlXdUVnYkZxWUhnYmRlVDhiTHFlUFRVOU1LM1phZDVYV3d4azJ0L1hVbFJ1OHVjS2ZOZHducWlZWmRkYmFMYndwSGk1TCt3djdjRkhVeCtRNGVmTGhVZTZESW5pdi8rS3dnZmJ6cVVoOW1memh3VkdNRjdEUFhGL1Y3WE45ZW5XMzBvSFNZZUdNSWJZcjZWZS9lSUZ5SEY3SCtTQnhiMkQxa0VKaEVrY3JNS3JyT1p0QmkyRWVTYzZ4clB4K016dFN1S1hRbUg4TGNFUy9YZUM2QlE5bmhmbDhpWHhUejUyUGhPZXdtYkxiZkY1ZDNMYS96SjEvZkQwR2hSQWd6QkxpSFlra3FMMllwZzZFZG5zRUlPOHRhMVU4OEJhZjdJelBOb3J2M01PRTZMckE2RDIwc2pJVUd4bEp0VkJNYTZMekZwUXdFeTdNbVJJREI0Mis4Vmo2WkhscGFOV3pRRGI5SmlhMWtQSGhmazBCMEU9Ojqmzf+YwZm+FHx9Mxmyqnaz', '2018-12-29 06:44:00', '2019-01-08 07:57:18', 0),
(12, 39, 9, 'Z21LOGVQZElYVEx2MW4yZzYwTTVCZUZYZkE1WWVBREtOeTFBUWVlWTEvdnlrbGRZcHF5V09yekVFZ2RQY1VWT0pVSzAwdVpaN0ppTXVyNWo3cC9XUjhBVit2S1RZQ1V1OVRhamtYNVhSTjhWdTd4OEtlZnN2TE50cVN1L0ZCdjV3MlJnTFdpam1XMko4L1o2eWI3a0pGRWNoQk0wbTBtd29IbGhZRFBMcjVha2tkUjlwZVo5NDhDQ0xkaEJURHpBMExpaHVuU2ptbTRKZUpNYXM3dHBCZGQ0TnpqZ0MrZFdwS3RmMGMxWHV2ZnR1c1Rwbmd0bHdjaS9EWmF4K1FmV1hBYmpCUjhDOUw4NzRoVmVYQWlsN1VhOENURzJkbWNHV2t6QnFFbURyaHdBZXhGbm5QN1JqWkwxS2pkQ1htRGEyUWdLUE5iVHdTTUsyUk1vZGlTRW9IL2QzMGpqNFV1cGpHMkdPNlhpaHNtcEIvZU9tT0psbWdoS05Ubm01NmR6RC9OSERsc1FoTGRnS2JzM0ZNM3ZRdWFRV2IzektwbHhzT3FUenRLQ2g1elhLaERxckpadElieGtHazZhWmcwcGxwbGIwYXhKMjVRcE9qSGxYTFhWRUhybXNLUk5jSWtsSlVRdXJENXUxT0w1b3F4dHN5SU9qbUJPeGp0Yk1wR2t1aXJrWGQyeGlncFpaQ0hZVC9lc2xVK2hSUnBUcU5INitOTGpFcnpndkk3NmlNZDJvN1RwTlRSSmJPaEpiMjFFS0VnRzdpZitKNWl0aC9yZ1ZVOXNJa1NackY1MHZxRENzMHA3OWkxWFkxQWxueCthOXMxQ05RREdreVVUSWpnZ0JtYnhJVy9ZRE5KQzFIY0x4NHFQUm1JcXZQS2gydW1FajBkZ3cwTnRVSGJVWXMwNXEvaEpsb2s5bi9HS0RhLzZhdVZhN2NxQlZRUnpNQW5XRkNyTFRsNlI3dW1JSVgvMEdWQlE5clh5QmJIbnd1NkQ2NDR1T2dmVktYVjI1b1l1K2Rnbk5oWnNYaHEyTGF4RURPWHQ5MlpSWEh2cGV0ZGU0NzIwU3NMamhkVTkzMjR2b1dmNERqQmdMMWQxajFLcitqNG1uaXJoUHZkQnI4TFJJMFI5Nk9QTHpqQm5YRWthbU1rRFZUamJlQk1HVTlHdVE5WVBNRzRrWVFESEZxQ25SQjhoYi9jSWg4eHVTOHRZdWREK0ZyWmdyQU5LbklnT2o2V1NpWTJNb0JiVGVoVTkzRWVjOEc5bXc3L281dlNzN21iUERpQjFiTzZRaEtxNHQxQzJXRytMVzZvWjdPVjM0NS9VbDBHUUxDSHpRMGZIK2s0RU8yd2hWOHptQW9kOUwvbkcyd053QXBSbzBZdTRFRWJwb3ZycWpFZEIxMWllSXFOTC9XcFB0L1VIK3NURFFja2FzYzBKcEx1YXhmbUNwZ3Z4MUx5dEtxdVdUQmJ3Q0htajVISU9yMXVvM0tGSWR5ejhteEV5eEhBeFBva2dPMDlRQlJqenRDTnpOVjdHZWhBSjlRWGRnS1JPZkdSa3VFSVhNWDlMa043ckpnL0hKSlNqaFZ3T2dMclR6MWxhenlLS3JSZ0UyeU44WXA0RG1IM0dyM2R5M2w5RnU5TUEyUXV4QS9UbzJKS09sMnJTSGNnUFFENGJhbHQ2Y0c4Z3d2dmJKZ3hUSTYwMDhLUk9pY3NaOXBjNElpa2RGTmZOa3Q1TnFDL3BrWGVkMjJFOTVtZjJVWFJGUDRORUE3L0lzcEdnNDFZaFU3VU5KOWZzYitDNnRPbUh0enhmYkZ5dTJvNHhKN1RVcVplbE9Ib2RuaEgrZnZHNjA1TFpGWit3WGI1Um9ZOUtqeEdhdWJXVFFuKytEWm5XNWZYZEFCaXFCT29wU3lkTWc4OEs2MitlRWRNeUdEK0FDZm9vNHhEa2VVaUtwNEtIKzNBbGkvb1dReDROSm0yTkNseURkQVFMRXpHRmhaeTNiVGVOZ3dVU3Uydk0zTXo0OVNGSW00Nnh3MVVFeE9zbkY1VW82N2Nrb013ODA5QWlFbFhFUzF1NHpuNS91T0pRbDZ4SDJMU2JvalE5ejlibXdVSW8wZFV4ZTFaS3hjWTB4Q1hpZGhuLzVIUjNvUnV4Nk9LTi84b3BMZEt1bFJzZm50YzNGM3FRSFYyQlZ6aFA2aXV0RzRrcHBoVDBkUzQ2K3VtSVRsRlNiNDIrMWlLTmVRaCsxcmxTa1N2VC9GYTRIN21EeUJlSTh1U3NvL2p0OFhSNEExa211MW1SRU5oT2QyVWV5TFNRSWZ5MWdSM0p6SnNhMHNvZHNWK1Nqa1JOaUltYWdUalZDcDBEMU8reTdDdEVCQ1FzTGt2U2tmdFhMcDdTTmRNeFRoNTBYaUd3S2QvQ05pVnFSMkU0QURLQWpubUVSYnBDNkZ6UjJoSlBnVE9jS3p3NDRmUHYrRXdNMFBSZE5BaFc0WUpGVjdxSXBzcTNnUlVFVlZSSHFEenZBNzlITGVDbnlYdkhDaDlRb2hYKzQxQm5oNVUvYTQ3aXhjRS9hbDg3dkljeG5oNVBMak9ObS96VlhWT2JKODNONlprUHhKUlVyUUN5cWdzYnV1Ykw1WVJoa1g0RG1tYkRRNStyZkJSYzNlREQwdG94ekthQmhicVBmTVh4UFpuMEVzclY4bk5hbXk4R0JtdzNxZzZjaUVkcVVybEZKRGFQVnFlTzZ1WktjbGM4NnB0NDRuRnkyVGtHYnplWmxtaWV4UndjcGZoSTRnbG92N3NpWk94WjZYdjcyeXdzVHkwMWxhWENIMk5EeTJ0SGE5Y0h4LzE0WXFWTGFUZm1idXB2NXRTc3J3TnZPcUJTT2p1VEtVc1djekpKbC9rWEsxcGIwMjR5eVBtLzBMVnE2NFpwSVRqamRwUWV2L2JhMzFsRkYwcy9pNXFOUGZnV2l2M2NJbWdRMSs1WGxON0pvYVlrSWZWa1VzK3JRbXdEMXRXN0JyUWtqMnVkOHJBa1FDUlVoNFdkbHRXVDVCUU5YQ2hUamxsYVdCd0g0TnBDSkszNDc2cUVna1U3VC9keDVzeTM3TE9zbkR2QTdNN1N6bWJkZVZkbXU0OEYvbHlTNlZadE1TLzNrOEgzL2E1UkxFMmlPV21Ib1pIbXg4ZzdTcjcvb0R1ekN2ZkE5SkI5VStwK1krSVl3Qk5iRWpjMXlhdnE4Slp4MnVKTXBqU1RlY24rRnQ5OHJYalBQT0NKZVFsdmtJS1FTQjQxc0w5WUp5Y1JQR3djMWZ5Z1d5RmtyRGRHcFZwL3NhblpJNTJuTXBEK0dyeEJDUUhNRUJPRGVydXd1eTRFL1V3N3ZKbEN1UkFBVWVKVU5BeUt4TkhUNS9Na2VKbzFwNnNxbUJTcXVqdGF1MVVhZUVxb1R4YkZLZDFKTjhNWkFLZUFXcGFjaXFCaWNXalRtbVpxVGd0ODR2b0hMQjdRUkUwRHpvc01vemhWRVprQXpDU0FIUFFXdEtjVWhhUFJyTFRWRGtaYWFldWh2L3FPajJiRzdOMXI0S3MxU1U2VEh3N21UdXExakozV0tBdmNRck0rcHZ6T3VWVUhqeFFReVZaUzMwaFl5VDRGU1ZFSlpqUXpudWtjaElGcHNFR2VFY3lVTzMzQ0xteHdFZThBSDVwdHl4WmhoVkhpTUdEUjBvQzNkeThjdmZGVVdhUUVGYyt4UWtOQWNjQUpzQ1l1L0c1d1B0d0t3U3RiTUswRTZkM0dUd0VkRHJiRGpMWjFBNUVEOXM1cTNnL3RZOEx2RGNIWXdyK1FLaS84enVwYi9kTkgyQlRpdTQwYTY4OFRuZ25KRENnM1VINjVxMlpkdzRwQzM4ZXJaTmk2RVl1eDBmK3YyZU5HbldzdzcvaDgrc3FsUmFkOTZyOWhFL20yZjZKZjhMNXZsSmJ4NkJ1eVl1ZktBMGt1Vy9hR1EvckxGRVp6Q0pSZkhJSXBpV0pTRE50TDdQNVBKWHg1d0NpbTJHZFJPTUVLSzVaNjZQMVZYZmliZDRieDduenl1RlljUnpLN3FlRUN3ZjVqWEt3Y3cxd3N5WGlZU3dQVWcyd1g0K2k4cFNyT3o5Y1Q4MGJ1RDlZand2VHQrd0djWk9kUkJLcFZBaDBnTWt3ZHhLWXhIZU0wRjNjMU1jUzV6Qm1aM1E3UWNNK2tmNEZkazlucEJNUHpQNWVaQTVnb1piVjdRdGdMVXk4MDE5aExWRTdXN1VwVUgxVVhOVmQvWWk2b3VxTllwUnVVcXJnRlVWOFZDVDRCUjBpeVF4QUtsK3ZZNUJVWEdubFN4K1llU1orRHdkcnh2RlpkN1lRMGw3Z1BjT21ZL2lQZW5XVmkxaXhWRVJteEUyMXUvdTNjVm5PVSt3b1NxRmRNUU4yRi9pV1d3V2R5Rm5rMDBPQ2N3eHNWVGxqeGtmd2gvUFFSMWw0RHc5bmtEUjBnVWNUUzZuSkxiMjdtRlRQdnZOYjRoZHhXcTFUWjN0dk9kdXM1WE5UTHFZSFNKWmZQM2RvY2p4c0RmV2puR0gySXFRU3MzVnpBVlBLK1JEaU1rTmhUM0xaY0tCR2N2S1ZjSUt2MlRPSmxyM21KSXM0L1hnS0tUTnh3Mnp5SjZzOVdTVXZub3ZKQlZja0J0MTdKTHBCakl0eTVLZlZHN0RjUUpUb3V2OS9RVmgzYWlwbkFtWFdaOHVWVlEyNFQ0YnpCeGZ4MzltSkt3NTBwT0tRd1FVWEwzQi9oY0UzU3Z1N1MyNXh4Z0dqRE9uZUc2WitpclVLMk9yYXhzalBTSURVeXZoSDUwcjhIdk84VENqWXpaNHZ2RnJlVll0ZVBHdmVZNzhWRzZPMGtzK29SMWsrSTllVlN6WVpROVk4VEk0U2Joa0JGSURxQmxxdHM1Ukdhd0lDQXBXS0pXbHFKS0FKcVIzb2NWcTBFSHo5WGQrVjF2WmVYY01NU2N6clkvK2VDTXA5c3F2UWVBcGoweVRKYzM0TWxFMXVJUEdGOWZMT05wSXJnZDZRNkhTWlJ3N3Q1WWR3YTZ4MHNBaERkYUNlZDByaVhMbURKTVVnWHZvUEdpelYyMnVIMDIxZ1FmU3Y1M0tiMExjNTcrZVVzVlUzQml5dTlnbUxKUGptelI0bFFMRG1CdXo3RFJ3dHEvUUxqL3Rhdlkzbk5kMU1BUVdQU2ExcjdGZ2FSUzZWUmpqQ2w0VkE0TURxY1lnL3NNYzI3UFlXMFRVWFcyYnMvYW5GZ0VJa1puK3JHY0NZSVNwbDZRTEJBN1VLYzdYRnFEUm9NNlV6a1NuTEtub0RVUXNYWFgwMCt6dm5Rd3F3Z3FCWlZIN2g1QWRWZWY0Q3FIS0FBcm9vWFhjOFhmR3NIY2UyKzBRODhlT0FhOGdqQW1EWHYrUHd3NmRRVzl6UTZVYitHSTBqa1RPb3VVWWFoNFNTeFBMeTRUaWVYNC9XWjJpc0s3RGtyNm92QUR4S1pvQ0YwWnFhREZKdWJ3dzN6YXppWGRBdjErVjZ4cy9wNk9rNllaMWxzQjlhSnZEYmc5VHhmaUhUVkJodm1NbS9XUmZJbkZKZHdrQ243dmVvZDFXaWFjZkx3eGZBTEw5cWE1a1ovTEM4TDZzazBQZ0dBWmkraGlzSWQxUzlsQXRYTEVQdVcwdS8vVlovbjZWQ0ZXTFdZakZWekx2ZW5ldW1YU0M1bDQ3QngzMUhhUlB1YTNIVzM5aFo3eUY2YWNUaXJ2YmNHVW5oRjd2U3Y0SkhaU1pOL3hIdFJaeHhkZUhDWW1BV05vaDJvVHBiYk1Ia3lrQjRJTWUzY2ZidE1iQTNPR0hrVUtHVXdFdVN2c1g0clRpSW9DVmVvV0JDR0kzUFBvcERmREl3OTV2aEN2amgzVXZZbzgrVkpqV0N6MGxLRUVxT2tsR1ZVRnNGbjkvMU41YjhmaHlqUDBNTk5ZRm13QkxZL21UVHFsUVJ2YzY0M1BOK01FNzBLcE9GaFNoeHhabnJqc2JFTS9QeHllQlJoMUpSVGpHbFJBekhYU1RuRktvVnZ4alNmOTZUUm1lK1Y1NjNaZGhtdWdJbjIrUWV4eHBLanlpRnZmNnpwd3ZSOHdpeFJxc0pSR2NKUGxYOHE5aVBkS0d0L1UwdGtHc00zUCtFWDFLdGRXTStSYU83TEZEeEsxaEtBSGtoZHRTY3FmNFR2ZTQzQU1nbmZ1NEJBQjBQQmg5ZHhZaVFWYkh2RnVUNUlhSmNZVUZ0aFVHbitCMFNGY3dLM3JnYUcyR3l2ZlcweWExdnQwVjJNalVvTGZuSzdlbUxJRUoyTjBzM0ZlRlcvcTdtZFpkTFpyMEQ5Ym4yZENIS2NjbGYrN2EvQ2FGTHN6UExWbXhFSXI0dmdGVEZKZ0dXd3F5Vk40RlYzSVRJVkV6L0JCVThMeXlIRlVnL2FIR09adFI3YkVxUlBDb2FoRjVidjJMdnVhbExycEpML3orUEhSSFg5bzdhSFRnbXJjaENuQ05zQWcxU2QvbXk5aXRoQWJrT2FyL2x2RVQrOXRRMldQMTMxcU51SGNGd29nLytRQW1QL2xwbURZek1pNnc2YlFmVXJZOWMweXRsWGhQYVpNZDJNRW92YUJIZnVXbmRQVlFNZlpEWDlVbVlzVlJDOHJRbzR5dTB2QWVsMXEydDJ0bG9kTTUvUzVLMjRrR250OE9ENjFncm8yNHF2VlpIZFR3ZytWdTBtbm4rL1YxZGdOZHpyOVk5Ymc4enZjOERHTmpYU1VSMTZVTHlNZ3VHSkhHaW03SjdQcjVNbWJQeHNhZUViTWcrL29qV3p0Z0U2dlFZRC9KTU50YUZVazRoR0tnTWFsc3NjL1R1aStmWmlrdnhtRHc3TGZPeDU0TUxGY1lyb0hSZDRTRHJSVVU0Tjk2czlERy90VFpCOVNlQ1dOOHJXY0RIM2wrT0gxa3JwZkZLb0ZsNlJzWmpZdmtnVmFEaDJQWEZZTmFJdXk5dmdDUFY0Ny82RUdJdEgrbzFhYkFBMXliMTdyQ2pRV2pPdHR2dUJud2xEdmJjN3U0NWhGS2RRYmoxSmErb0d3ajBEdGJoSXIxamVqUzhjUmNPbmhOSHdaRGtpTnZtZStVYTBVaVNMODlUV21jRUlCVWQxOVExRFo4S0NIN21QRTZzaTlOeFF0ZW44cktNU1ZjeWxTWEwrS1liaGlSamhBUDFybkEzUGs2dWxnc3puT3JmMFJSY1Q5WGxMT3JvUG00RksrUmlaOTQ2YkFsTnB3QWFzbVlsT1JwOFloT0JCYmlFZlgvRlB0aGNjY3o2VUN5RU9NeXRBT2NIYzlFWHNGT0ZMdTlMNktZczQ1UFRkWjNsTVE5S2svNW5sK1ViZlBJWHNpNUxqckF3MFlnb0JNai9IQlY2eW5ZdXRiNFIwVU81RlFIL2FuZlE1eUdHS3RtSENaa0h1ZS9zaisrSzhEWFFBTWdTQnkrK096TkdZUElpdXhseVJ5Qjl4c3lFSmdyQlpTZ241VmxRalFtNWh3bHp5WHUzWldSYnBWeWxpZTQrYU9oTlJ0akpNMWU5UDZXMklnS1pQeUtkVkY3T0g0cDRWVlFSVU9yTTFzck9xTDFoOEtvMU9HTnpkSWt2WUZpZk5SeWExamVhbGlMYzJyRVBaZFY4cWliMldCem5sWlI4NWV0Wkg5eVlPTFRPcDRLeStzVG51QzRkQmFqQ2pkZVNUZDFiS0NXUmg5b1llMkRCQ1Y5elRXOEc2NmR3T01OaEIrY2M0TkE3RUVkY2VSL1FZSEhGT2VzeHJHTDFIRmNhTlZIZWFES0pVcXJweFI5cmZmWDYyVmx6TmczN1c0RWdLMVZXcTlac3dpdzRkZklNMVBRdVNWTG1UU3JXbWxiMU9nMjh0Ti83cWd2eERlK1hja0k0a0t2R2drM1d1Z0RXeTl6azNoSExTZVNKVTZsRGhUSytGMkp2OFF0TVRmMGNXZ3ZjWURWaW0xcW5NZ1ZDVTAzdjk3U1hhOGg1MVo2QWx0Z2NENjI5TlNqY0s3V2VJR1JnbHNjdmFQZDBYd2V4TFdTUUY3WTE4VWJzZ2pXRTFYU3pxdG5qVmtNaGYzRnhIbVh5eTFiYWZRNjZkU2RUREJIV2FaQ2toSDJqQzlKbENoRVpFMVEvVmhXR2gzZVRSbTlKTDFwM1NWdXRQS2ZMckp0WXpPdjBSRUpRNk50bkhWN0U1WGZjUWp3STlManh3Q3lCWEsxNmVnbHAycEZIQUVSTktaN2Z2L3hFNXFLdjZVZWJpZURyUWVHelU5OUtScHdOdGl0eDZ3cXJMUDlRY0FpR2VTRWY5UWMzM2d4MjNnRjdyYVRYOVNicmp3ZThQZG96Vm5KT1ZWWHQ1SXpYMEsyUWZpY1dDRTJ1T0E3citRV3I5SWZkVUY1TXpNMnl0ZUpyV3JtbjJOL0dycXI5eUVIdHpiUTJ3MU5aMlp1NFViVGx0cVFTMDNWSHk2WEQxaElSNndMVzRoWnZ2SmUxZVVrTXA4eVU0TFA3NVU3eXNVdWdscTdzOTJ2MDEwUFl2MTgvYnZ4S0x2NGhtbVE5T3lkOEJrbHNRVlROdytrTmJKaXpNbkZ1MTFpV0t2a2l0cGtTMDczUUcwN1lvaXBmckY2eVVLUDlrenZiSjZjdW9jMG56Q28wUW42ZXBCKzZpOHFJTHZaYkpuNm52cnd1OWQydFFDL1Bidkt1eStDMk9JMHdraHZkODBTZi8zbng0bnh3TFRQNVBmZ0lPSklBUW1pakwvaTJMMy9zb0l5RjJtT2k3R0RGcTNQZDhTZWhmWTZjTktnY3UyL2Q3RDFUOXB1SDRXUjRlcmlmYzN4UEVCcVlFM0t1TWlxeEZITkxzdGJtNkIrZ1N3ejdGK2RYcUV6T01WSDNNOFlPcE41eExMQXJ0a2lVNkFRK2lEZXB6TW5oV1hPOVV0RXo5cWgrK1I5c1d2Sy9EQlZkL1k2TEhTdm9xMVo5TTRJdSswT0M2UmRreE9XdkkwekNKK3pnWUlKaXZ2NUx4V09QR3h4QmZDR3N3YWkvME0vRDFydWt2VStCc3Rob2ZUN3BHY29iQTRHSGYxUmZvbEdTcVZPUUlPcytjR0IyQUdTeFZ6U1RqbTQyVXlWZzhjNVBsWU5ieis0LzNRdEZ3NVRUYXVnY0o2ODJnUDhJZjNwNjV0Qm1HOTZMUFBDNUtUMTZtNHVucGhKcG9zM2ltQzVpYVB0TEFWMjRUMGpmZXpoNm5kNUhJREZ5TFJzYUtWeFFZVUlWcEZwRU1WYXgydW80Qmdzbk0reUJ3Tkt4bGRLalRDY3A4bmdvemkzdkk2N2plaUhnUS83VXkyMXpjMFpBbEhyTnV4Zyt2MmRER3VIdWpoOXdSVHBOWnN6YXpXaDBsQUJFa0UvZW1xMTBERXEva1R2UHNjWVZWZ3lLcElod3RKVHN6OEd6d1VIS1RycHR3eGtERGlBZkcxSEx4d3lJUUw5cEZrMVZ0OUQ4NmFneGg4SEt6N25qMHpnRC9VRFpvbjV5d0ZQeStJQmdPdEdZYTVFN1BUTFNMMStSWWFBZnhKVzZkNEtxWlhHZHZLUDJDZkpKV3I3ZlRaQjFQZmRKQW9LaVZjS2daMGt3dm1jcEZ1RWhheE0ySzhldmVwL0JVS0RqRG50MFMvNlVQaDNPYTY5dUtPK2VpTWE2SnFiK0pINCtpb04vdDVZNnd2My9qRGNGSHg4RTZUWnMvYjhqUnE4c1h5cFEwaUUyZ2IyWWFvV3dPN2hLQ0dsL1dhcVFqeGNtRVdOeGF0ZTUyeW1sbFlGbUJqTWRLUUxYMHNsWTZIUUlrYW5iL2tMZjdjRWhnK09RQXI0Z2VhYm9ZN1Fjbk43TWhsZjFHcWVYNkdORllXY2QxeWJOYW1OQ3IvZlk4cXdOMnVnbVA5WjJxUjRlckJiT0FjdklmekswMzNRaHhtQ2cyS2ROU2lFMjQzSUtIUEI1RGYwZFhHRzdvdGpNN3FDblN0bFUrcUZySWNSUG1oOW1sVDNpbmpJUXpKdVlrMnJMNUFTRFNwWkNPbHlhQW03elowSkV3NE1waEVFT2trblZyZlByR2tJMmdOMHNHZjAxNGdVSVVPUEFoYVBWbGNnWkpzK2o5M2xtdmswOU4xWkRUcUs4OVFIeGxTRGtFMGhwdUhHZTVqVU1CRU55RGkzSnJuVERTN3J2d3BtYkM1S2F1OUg1Tm1lTkNJM3orUlI1VzFQb3VWT01HaGRwZW5WaEs0djgvazlBSmVsd0Fob08vREZFODBXekp0UjlDR05zMWNMZTJONGtlMmJpQTk5MEZ0NHk5U0owenBydWFQR3VBK0l5ZFlGOWdKMVQzQkl4V0RJem9vbFNObzB1ZWNtNkg1dWJsbFlGRnpON0NPSVRsRUFaNmE5TExRQ3VZT0JkYkJyUmp2SXpLWm02Y0U3a2ZzN216eWFtZFhXR2dHUWl0amp4K1crU0paVG0zSEJvMkRiSTlzU2xYRUluNzRlc29oNTViKzlieWoveUdDT29FbjYxNURxczVQenFQRkx2S2JrZ2lMdWRhNXg0dXZaUWJ4Y1Y2Vi9xWldHK1B2VmdGNmY3MkEybjJ0TEI2RXhXeUFIblAwTkJDOUJpd0hPVXo4NkZXQ01UcjRrQUVtM3diVmZITVBneUJEWHRjNUIyNC9oRFZPbm9KMVdEY2FYUWsyZXJneWRKbEMwNXN6S2FWaHY0THI5VnNiZk9BUzdwNDNRTmZzaHNyMzdUOUcyMEU2a09YYjFTa1dDZ3VwOHBQUTROdWZkN1BBS05oZlZ1d2Y1QU5RTnBBNUdEM2kzelNDYjNMZFJqWjVqM1FGbTBLQ3c0d0pXMXBGZ3lOTWtLV1JacjZGSFNjZFJqMHFEQWtFcHNYRllKL2IxcGpJWXRZWlFMSXVYT0dLV0hKYlhxUjhLL3RSK3Z0ZDdpUnhnSzIzTVZtQ2VycHRISUZPdUxCd3RnckkvUUU3akJndjBuNmJwUUZSUDZGK2pzcjRzK3BNMWlhU0U5Y2ZmQWk4ZWd4d1k2a1YwM3JLdXJ5NnJDdTB6TEVBclAvNTZMV0RuK1JkdzF3cnpqbmdiT2M5TDh5RjdzWkdnMFcyUUxheEhlQm1ScmFWT3JrOGVhazRaTUtSdzVhb1d0dUFMZXJudUFodDkvRXQ5MlJ2Ym9xU2NRRkFNMHpMcG14U1RmRzVXVXNadUNNYkJBZHpzRjZ2WUhhS0NTYy9heC9ZRDRpZGx3Qkd6cDE3ZXlTQU5GcGFzTlhySFQzRlRLQmo5cWU5WlN0MkNLM2dNM0liV1FwV2M3WGtpaDhwQktzelB6dDFhT0pLdVJmSmtQSUdqODJCRG5GYTFQM01BdU5tTjFuU0ErWERnODZqS0NRU0E2V1huSGRDRXYvbTgvWHZQQjNjN1VaV1FkL3pWc2xsLzd6ME14QjdSUWs2bENkVEYzQng2WVcraForUTdvaXFWODNaTHJMbENvUVVFWjVtQmtnbDQxc0hNV2ovZURRT1pzbXVtcVFrQlZqVWxVbEEzVW41TGVXZ3pJQkRrMUNEd0tKU3FuTzVRRWsrSUFjdDlsL0hwdm5Odjk1NE8zSm85NE5OOG4vTFQ1amNrdlduRk9DU29sU2F2andXRGZOMC9IUmdRSW1MZE4vMlg0UDMrZWNoUEhmQ2g0bVJJRVkrK2hCbGtiT2daaFRZclc2WGRONkU4SlQzZDRReDNEZ25zVktqdXZWd2NWNTJOZDVjSGNJUlZNNTZmb0NtRkU3b1pnWTBiM1pXWnNLNDJiRUdFUFRqNllFRExhbW01cGRJMEJTZVo2UTd0MnQxd09PazRyTEg3aTB4V2R5b1JTeVN0QXFzYUNobk5PRG1jMXNjSGZqRVY4MVFaOERGc3dCdkt1UDFnYmF0K2R0YkI2clR2RmI4Tmk3ZzI4cTMwc1h0OHFQN3VCT3JuUGpiNHNkbnRKMjh3Zm4xVlBrNDdTL2J3R2xyaThzWU5jbTdjRkZkL2N5WVNidWNaSzF2WjFndFg5VmpzNENkbm4rUFExWHNRMTR4cjNnbE9lREFpYlMzZDZuVXFxZmZrVlFsVE1yM2g0MzRwRGtnS0VpMm5VcllJbEtZSWVhMU9BbXRSODE4RHZPVWExWFdzYmxrdlZQamhaMVJ3WURNQU4xelpjMlNEdkhUa0hISk4yK1g1MkZDQ2VSajFCM08xbUZTNUdFVnJTNXFWNU1yRCt3dWNPREJya3ZhVE9wcklBaGdoU1lGTkU2dTBSR0Jld2tVL3cyY0Q2cTV1RUtVejk4ZjNTcTlpT0FKRWRaRE5SWFgvWHE2VDNuMXRyNlNsTnNCaS9EcTNzd3ZsZFp3eVg3VjFYb3BxbUgxdU1VRzlwcXBFU2c5d1pPbVBWMndJbmtrNlYvYjFkR0ZCb0ZLUEk4RmFHcWtOVkkzMkpUU1hqdDUveVQ6OtOSN8s14oCSlxg2F6ykL5g=', '2018-12-29 06:44:11', '2019-03-01 16:16:16', 1);
INSERT INTO `ssc` (`ssc_id`, `students_id`, `position_id`, `signature`, `created_at`, `updated_at`, `removed`) VALUES
(13, 41, 10, 'N1VvaTNmZm1VZzdSQ1VNbzRWK2RIMTFXbi9LRUkxZ1BMUEQ5N2FoV0lJdXQ1NWttKzQxZ24yVGc5ZG5rS042dE1qRUxjenFsazVteUsrd1dJMFM3ZHo0d09WTVhwZ09ZN3hBU2lHQ2RXVkhPbS85OWJvS0pXZzYyYmNKVHIwNzFCWWRid3AybjJua2g2SmR0RVBFQXJ2MTVIL1E5dVFyekJMMFVFV0NpdldCU0tmTW03S0VYVlJnb04wMzVLZld6dTNBMUdEYlA3U0hQeFJQS2tPNmpCWkhQemZBM1Q3TXFLcXhCWDlFODlMRGYyZDhJeVN2MXQvVXVUSkJiT0xlU0ZJWlZGeXc3cjlDc0hJMm8xcVVpYU43Snc4QXpVT09zMmlQR2NFWnNlOVJHdUw4amUvNWVqRGE1OHk4c3FUcm1UVjgybDF5MU93b3lYejhqNVc5TmlMODJqR0w5d0ZLL2lFdXp0L00xYm5WQzgxWmlXZU5Ha2h1dEw3T0hqOFIwOWlzeGx3Tm9sTmRUeUhpN1pkVGFVTGgyOU1zaTZzcDZscTkxNC83alhjQ28rc3orY2ZzZFpFYlBFUFY5b3BHTjk4UUJsSXdwTi95WFJrKytxNW90VFJWSDl6UmhibEwvNTk5djRibGxYSi9BZ1h3dTdEQWJlc1pNV2E0WFR2UVAvT1d4d3puWWYzZG9xYjE3VU14a0hkVTRRWnZhVFNOQ0QvMFo0bGpjWGI0QkRFcU4xRTlrUUFkVUJpQjJWRVo1amROa1RUSGJ4L0FWS01TMHhMRys2amNxZDV0TUdIbGxNbndqeEJCNnZXQitjam01R1VNM1lVeVVadGRSaDQ2UldkNW1OSXFlSEsxSkIrZS90M0RWNXZsbENSS3FEWEdNak1la1Z0ak9MWXV2SXhpYm9lai9teVlFeWRIVTVMQjBQRUo5V0ZRWDg4SXBHaXdoS1pKZXR6TGlPWlJTSWVpSGNheHF3Y3orVDUraTZsMDYwMmJIWG8wQXJxQkJxZFREWEM1NzgxNGNuVFFteXhWOXpLbXpVZklDZXl4d0ZBcjdwK2dxaUV6ZGNUNUxka3lKb2RpcXJydnhVbEdpT1NvOWgzMmRzS05oQ1FZYXN6QktIWVRmQy93c1F4WGdraTZCK0VMbEczdVByZnEwbis1YWlVdXVGZCs5YXZZYlVoaW1VNU5NL2xUcTc5bWtraHpMZmxwK0FQTHpZSU8xUnNZWUZOSDAzUzZWQUcwbTVwV01hS0psM1ZNOUNoUkQvNUNlYXpCcmY5WktyQnhKOHRCTlhxTzVheHdWRUZCdTg4MTM2TkVkSm95S3RBbWVVV0J6ODAxSnI4RTBCY29uN2ZYaTRzcHV6cU4vdlh1TWtQdm1pNTc2RFdRdDNwZWRFL3lXOUpmTklRTWM3R2VEM01FSkFxcW5GRkZTcWM1T3MxNnlQM2IzWGtHaU9XTEpZY2xRY1hYY1lQMWd0bjhxNUhKQmU2dXJGZG95MElsTUZxczM1RDMwRmRwMTdRREQxZ2VoUUdvMldmNEczVmk5d2hwQUx1NVFwdVhpYWZPcFRQbE5kaTd3SHZ1YWhCbTEybEpJbVdDSmJJWGxIZ211RkRxRVRUZ3IrbzZRWmV2ekViZWxsTi9oZjA3cFV1NjM1a2FjUnFOMHU5UjdFNFh2Z1FUWnJ0T3BTUjN5TWFUSGt1dDdGcDZ1dkJqY21lVDB2Z2RHcUQ5NzNNbkZuRjJmOXVvdHhsQ3VEQmRJRUl4cHhTZkhMRU5KbzFsaVduWlhiUC90cnBxTGpiOVdPbytxallBcFdySnFiN3lpL0UwQ0Zna083T2RqOHVCVDlrUGRKNjkvUU5rNkRoZm9hTit3ck9naitRYWVmV3pFSzFwMzdEYTYyY1poWGwydlNQOUd4bWxXSWY1M0R6WEFydUZlYlhJT3V1bVZkNnJ4aHJxNEZaV3FBdk9MWHZtdUI0S3QyU1BrSE5MT3ovbk82YWZiWDdIbysvOFVVQlRGSUNRREdVeGs5OFdXZkdHVzludDZMMU5iRnhjOGc5R1hxNlZlUWdtdWFaRHZsUml2cTRwRm5MN2daRHVieXY3UGdkRkpjTTJZMzFVOHY0RENGWGJ6VVFwOGVuZ0x2THM2aVpoRUxSemJtb2xwM2lpUWZORzdLSjY5dkRpbk03TXcrRndYNitseU9DQ3M1aDYwdENGZWRaQzVSSEJuMGVUZCtvKzlVRzVLMkNtMGdoWWhPSGdMWXVUOUxDTmlnb2ZIZWFvZEpmWlg4eko2YlJlWjBiS3o3RFBtcXpHN1R6c1JYWFpOL0JsVjI1WWx4czdjeGp5b0F1WDdwT01ZSUVNVlk0VHBDQVpQdXlMYUFDeUQ0czU5YWxjenBLU1hBNE1WVkRkaFRwYkh5TWs0WW1Ca2ZaQnAzcU1CTmdyRFpQR1dKS21mNkRzNHFkZjNROHhOVFB2MHFCZ3hjMjFSNU04dHFhemRWV0pkUnVDMHQrczZXdUtSOEJobnRRdjZOaG9wSEJCdmF6R0padnZYakNjWVVLUG9pY0RtS2dObkgyWEdLdTF0OXJNbkdFTlRmc3NaQ1ZiQXozNnZwb0JPVDhXeW5vdmEycWJGOGgzKytGUnhnZU1TZGpYa1VrUnhQYWpObjVEYUpaOXFYc0lFRkt2RmV3YUFFY3QwVnJWMWxVOU53WWk5K1FjRVRGSEt2MktBSWxaUW0vd05GY2VMK2RmUmR5RUszSVlTRWwvdEVlSk5PaERDRnk5azJpbzFWMGd6YjhucUIvS29aWW15T0d1Qll6N3hkMzROdW1NS2xDTjQ3R0ZOSVhqdjNBeXp3VlVwM3E1ZzNPZWFBQU5VeUh6M2R3cnJKMkZvNDlOaHJjQ0I3NjJiQXMyZXkwcmZRRjNuRzdMRG12TklPYjBlZjFtUVorbXVoeVdJZHVVekd3R3ZXNENpM053azZ5M1dJd0pSTUNZZDlSWXZWSUhtbTBKakx2aGEyNlc1Y3NGNm43MzF3NUI0dlNHbFRHZnFXaWlON0NFMGRVbEVlOERlK1hhWmh4K3pRQWZ2eUVhbGNWNmVlT1lDaGx4Sy84TXZDZTBMMElEaWQ2NkxwREt0b0VKeTlrc1pGWkszZThSRGpMWXZCWTRnN2RITEZMWnpjc2dOUmM5M0JnOUp0QjNDQ09jOC9TQnQzbzVJdkVFUG5WODAxdUhLY1AwR3B5SW92UVZRZ2VhOEhWNFh2VXB3U1kxUDhYMDNHRGVTSGNJWE8zazBhbU5aZ2FTWnlFN1p1SWN4MmE3WWZNMDgwWXRuVy96UC9sZktITzROVlY4d0ppVUxKYkZxZTl3ZkdIQ3FLdHZIY1dHUWNkTXRydmtaZWRnQU9PU2JnTzRqMUNuS05TYnlLanVJSGVwekNKQnU1emVQQWhOMVlFanVCQ2hzUXVIbTZCMUtQV0Q1ZEg1TXl1b2xHZUZaMEMzTU9GQTVRcDAwWmozTVZISjF5WVRZNSswcTZuTDZ3b2wyZDFYVW8wVytjL0cxUEZiUmNYUmViRG55a09kV1VNQUhJNHExeXhmMkFYWjFySExHbnJIRlZnN0NHQllPZFMwb1FXK05VWDk5TDhqZ1dpYWxkR3JtejZnOVhFSVhnRzdWVXgyYytBSmZZTW55VURCRVhhU2F4eDMxUmVkMThoUE00SHZwRkkzemtxY3FVa0xIbnk2RWwrRGlWWnlFU2FIazRwT3gwMkg5ZDM1K1gzTzBiTlhpQzZnZEk2WU03bE1nL0IxejdTMEo3YklvMzQ3NEVtUXMzMXhZc3daMVYwNEN4NTJmUGUrL283c1k3dFhkSm51ZTdSR1lQMm5qWVM1dXZJSmV6dzlaY3E3N1h1Yk1LbXBJYTZiYWtJTkVaVTI5cUVUK0pkTVAvL2VIVkp0cUkrL3NLdEM1VXZRZkJwNnJ4MlNISnFoTjdybk15SUorVFBkaDlaYXhuRDM0NkhPNkdJREthU2preFFyakU5TFdGb0pMUGtPMzNQVmNSSVJkcTM5UTVnUDQ3eVc2VFhWRDJRTW4vWDBWVllrdFlrSVRybjA2R0ZIMDZjQ2lBZEc4QUUzZGFhK3NSVnNUZmxkdlZUSDZ6Q3l1bnRzb2p0a0phVW9EakFSektuQ1FVeGhrU3FrV2tVYnBmK3RDQytiYk44Mi9ic0ZiWjdMc2s4MS9pMEhvQVNJZml5aFB2S2VvZVFWaVpzWFo0bEx4NVVnTmx6dTB1MGhkbE9Cc3ZxWEdMRHQ3U3hieWNOMEk2VXBTcmptWXE1MEpiWmpveFAzbHJycUQ3YjVQMFY1MVQ2SExoMEg0VVFUVHBUMmo4cGFzMGxVNDFva2Zwbm9Uald1eXNwVFdBbkExeGQzWS9OSytTVW5GdWoyOE0ycmFrVEoyVGcxL2dsUzFnMDF2eG5RWWFrdkhjc05iWGoyYVozVmd5UGlEckZTWGkwV3VjY2hocTZjckEzYlM2OE83YWxaMFdMcHh6Q1dXc1BIbHhhZUd4aVMxTVhTWHlXZWh1enl1WVA4bGdOT05LSlN1YXE3RUljYWF4T0ZORGphVmQ4NUFiYXAweGFEcm5DY1FmSnRnUVM4a0RzU2txMXo4aHJiWmduUnV2WWJuWVlJRVR6RTRPT3dXK3pVOWdWb3B3QU93N3Y4ZmI2RXhmMjgwNndBY25sRWdzMFZERkRPbytiVDdMdGNDa0tEK1pqblpGUzA0QXM4OVQ5OUk3Z0lnT1Zyd3o5VzJGRHpIckFkNGRKalVHbDFlTStXM2IwTVNPRTJNSHNGdXAvbEM1Z0g2TU1JSFdFMUVmTXFBSVl5YlRWYk00QXFVVjl5Y3dTMVJ5L09yM1VBWWRUTExZcW5lblpSellHa2NWRlVOUTNqNmZnWExqM09iY2FYTExRNXY3aGplTDhHZG4wQW40aG5aSVBTUEk0amF5K1VVRTBCS2NFb1VrQXVvK1J4WHdtQkZhSmFXQWFLMUQ0aGdiZFp0c2oxZCtTYnN3a2xmZ3hvdldDeVhFdEliWENPUGFmOS9CK0Z0MDduNUZvMld6eDN4MUtpSVg1UTRaWWpndS8xZzhDbjltNzQydHMrTlMvTi9sd01aaU5WQW5HeEYwR2hPSGY0dWZlODVQWk83VFgreU5tWXpyTXdldXNEcmYveGlBcWVwMjVlYzh3U2o1aE5MSXdwZjE3VDE1VVZ1dHlLenRBM0g5UzN5MVR6UWVhZXBtSjVab3RqcTJHYVFVRmtuTlhiWUVaQnJleG5OVzNNMklBVC9WekVrTXRkYStCL2IxVVdOdGpyR0tjN0xHM3prL292TEJFKzZ3YnZMdUQyeHJBWDJaNWxKUXovdkhPSkhkK1VFaXZ0dHV5VjlyczBaZlU4a0VGb1Q5UDBOdHMza3RWTnBXRkdTT1dKamR5REprRVBveWc3bjVrdG1OUDAyUi9zQ2hzZWRxK2IwaEEyTkV2bm9aaFRyZVN1dVBodjVCWVRHSTZLZTJJTmc5WFpXcHVVYTFBVlpxQUhQZVJ4ZlJBdlFLR1RqZGQ3QTVKVjd2VzViZ1E5WUl1YWt0V0tzR2RTRlJod1c5Z2ZUem9iZC84c0VpMUV4QjdaRmozMnVQaGdDN28zc21NOWVScWQxU2g3NHJwTW9oMVVNUnNxMGplNHliNkRiQysyY2xBSE13SGMyVWdwNm9yVWdLZnE0SWZGM0ZJSGZVQ0o2Zk15b0NwVHhIZWQ1ZVhvUFpua0V0THovYUdiMFFrdzFPY1FZV082K0FrUjRjOGs0S0tiVzdLREtKQVlqU0NXMCtXeVFQZVk1ZTV3WUV0QUh6djNSVDhYKy8zSmNaZGdyR3hzcjVJTnoxc2p6QS9CaHdwNHRZT1Y1RFJ2b3FJSFk1M2tZQUdPeGpoNm9BRklFTVNWUDZDNFF5R2tmV2FNMFZZSlY1eW5ENkUwWlNVS0FiWWYvVUQ3MXplNlpQUm90dDVjS2NkZ2hSV0RhTG4wUTFCUlhzMjNETkdCMUdocE54V2k1b04zbzBjRHNZSkJIRWJEMDY4Y1hDU21qcldPNTJ5UTZIWVZVTndKbEN0d0lMSm5FMUVBaU5sVTUzQk5ZaEhtR2RadktEQ1hYY2NjT1NyVTYxVnNNMmpKbXp4UGE4YkVZTnpWeVNJcXdzM0dFUVF6R1hKb0Q3OVhIeUpVY29vNHFKcm9VVmJkVG5JMG5BQjFsZzNyUXJPdUtaQWF2L1gwWHk1ODF4YUJJSGxnLzJYWmxES1VWSWR0cmFCei8vYVlaSFc5aUd2b09JTnFhc21Pb1NETTlaSk9yZUNpS0w0eGtibGo3Qkw0UlNPR0FsN01DbStCTHhQYURqUWdPYmhja0o5VG1Ta0Q5Y3NKM3BFWlY1UDNoVEwydUtLeGRNdkZrbEVzbnVrVEZFcW9ZT1JKTEluMGZwVUl5M0ZjeE5wNkVyZmtESTBlM1BzZEI1dDFqTWVzREc5eElnelAxUVpPVnA5Wm5JeU1OY2YzMTVDMVFyeXhkeFFuR3ZONS9WdTdvZVVCZzl2TlhvdG1JbFZpai84MlZSdkprZUg5VjdPTzBoRko1cUZhbStBQ1BFSzFDNUtndUVpTXNSWW1MamRTblJ0SWJHU0NBckxST3ZYVkpLT0hoTzJxbDRKclplbG1rVFNTZ2lBVEZkOGNnekZ4Wmp4RHYvWFVaZHVrRGZSb0lTcFQ1eFh6UHdnbkRsQ0dycHRRZWZ4MVRjQ2JGNGtNV2hGUUl5cDhYU0NDUGVqYjlJNXpNNEFiZDZTL0pjM1BmUGYybFN5T2dURmE5TnpxNDVMWWRIaHBPSFNncE82SUtsaE50QWEwcnJWdTBhWEVkSldyZVNKQmhSZGhYSnBYSWw4UnpWd2QwSTVESUxmQUQzN0lsQUUrZ1VSUEF1UkZPSlMyNDVldmNRRVNZNnlmRHhOZzdXYy8zRmVWOXEwakZncUY5dEc3S3VzbkRSWVFLSXU5YkdKTW9ON0VtTEx4YWkwZFJVRmJDVHBVazYxaHBVSW53Mkduajh3eUN1cGYyRHNmdlc1Ym9JL3cxWEJqZ0ZSdE1nNGVxYnkyWWVidmRkMUpFa0FKRVN1aXNSck1oMlFpNGQycnI3bWc2aUk2czNvMGx2SnU2T212d2s3eGRlam9tMFlUWG0rRU1pQW4zL21EUEltWmdrelUwMjFCU3JBOWpRMVE5a3E2Zkc1YmlzWlVyL2piTUxNSzVIQS9vWXpZK1UybzlnbHVQVzdmRE5ReEpJdmZJdnZJMmxBc0Z4elA3YkQ2Z2puV0RvS0xkMkszSi9vNzdtVXdCSmlWcVNsMU5YWUwxN2ZJSEg4cVFzM2xvekRjdEc4TW5TMGg5MFZLZ1RLSnlmcGQ4RUZIQUFYVnZTL0lnS1JYMHpuVW1VTGVJdFZvMDMrazFhTVV3aWxwbGFJdG9vU0l4T1M5dHdONDhleU4rWGEzQ2cySUhtV0RpcGVUcnJZSXQwK1dDTEZoN2ZiQnBVdHVCRDFJczR1M0E5OE5GdWMyS2YwZGc1TjdKaVFXN01RbndzSHhHa2pFdFdKdk40L0hRbzVtQTZoc25wbWUxTTdZa002RCt1VkNndU5BdXhOeE52cmREMzEwVlJnWThQN091Vnh4ZGp4Q2RvMHhUbThGSDZON2pxU2d5Rml3amhUZFY1ZU0vREZuUXoyTkhNeXlKQmY4RmFua2RoM3Q3RTF6VmZFOWxHMzNUNVAySkJJNUk0OXpUbVRFTnpsYjExUVBrbE43QWE5UzR2bnV0QnFSTnM4cm8vSlVDMG1STFdFbDBySlJUZ2VMbWczQUY0b0pWTU1MZ1YzQUVUNGF6Ulg1TGlweTdRSkx3U3NqcURuMFVOc0NyUS9DUFdNOVJLMTNub1ludUc1dXh6QVhjamVQQWF3NVo3SFJ5cGRGUSt6d3liVWlqS3A0WWY2QXluaEtacDhycVJ3Rzczb2g2Sm9FcDJsSTRNNkdTWHI4ajN1UU8zWC9vZmpzUjBrMVpPM2w4SGdwOHZTbk1zUjRuMGlhc3dBZ2dUYXh0dWxjZEJQOGpKd1NuVmVZVGc1OWZ3MDlST1VXclU0elBsc2U1U1NBTXpSVVFRa1U1Ukw2NG00d2c0bG4xZXdPUUxhNTdrSVVoTkF5YlZYbW5KVjRSdlNoam9MaVREb3o4WG9TaWh0Q3IwWUNPUWJvY2x3TGxKNDFibWg0WlJ5eHBmZTVKYmxRNGoyQ2tucWREMit3S3d0TGxJd2ltVDRzZjRia1J0UmFtK2xFZGg1eENrL1NnODdBTHFWMThHN2pYZ3k2aXNzNGFIK0hLcElFa1RtK2dJZXRtdmZtc3VHbC9oWjVqWjUrZVZURUxOc0tZeWd1S1VzWXorUjNNRUZycXlMaDlzTUIxOUZyanQ5R0toa01JSTRDR2Z5TW56dGU0Q0drVGxTRlBRaXM1amY5eUpTdEtoaUlvS3BCd1I1OW5IR25ybUJXKzlpUXZ5bVVkYlB5WFZ5bWpFZGpHOHdINitzZTZJS21SZzFBRXhLbnNhS0xaaXR2QkJEcGFFcDBLVU16cVBkL0RjNVowTUlqSmpXUEZiTmthTkZhUDRjczFkS0hDR04wNmYzZ0lBWkxjUCtqRGhIME02Tnd4QTRBd1BMNTJVQ2U0eWh6ejdubm1TYlkrcDJyT2hrMjMxb1greWh3QS9iK05NZFNld1BWM2djcTdrTlpIdnJOazJtSzZkZjZMSDhwanM2cmpEMXlqbU1Ta1RHbmF4cVhQS1I0RUdzSHlBRTNJcVdMWkk2STRuL2JaT09mVXJvbjcxQWEwY0UzWDdKRjVYUng1ZU5YTGNpbnJVMFovRkZGZXpPbWJJVUhpVis1NzdGWDNqdTVOVG5FTXJZYWFmSE1mVlNmc2ZOYVJTMFlaVlcybUJiU1lvb09FL3pHNWNmdFQyN1VCZ08wMVNVeXF3eEFQWHd2K2NDcFdlY3l2TXRFVFNqTys0VFJ4MUdiTWlmZXJvNURDV0xLRFN2RjVaQVhybGpGNnMxcEtCVUFmNURZNmhLbEtKZTJ4RUJad0hBL29laUw0MnpLc2FhbWk5NTQrTFlWbXZDejlrbEo2VFdkSVhxV3BBSU43Z3J6emdkU29KRXNPdy93M2QrUGVjaDNzaUZBQmoyRlFJQXpuVFFJeFNsUERObU5aSmVMSWRFMlZQclEwbkVVUlByS29sL0xMbFRIMno3QTZkb0tZbEV2bmdiT3AwZVBBU09KWHFsakYwd2M1LytzQllhT2xWa2d0RlFXM3hjb0FCSEpZK3ExSEQzRXJTVFhKUGdYTTJISThPSU1iZ0l1WkhQMUVNdGMrby9WVi9yTTlaMmhOK0ZMbDl4MlZmTVhYREVnSzB3Yy8zTHBzb2wybzExZ0owYWN5WENCU0x6aDBHM1ExRHhJYzVGc3VhdTBPWUIzemFlcUQvUEx0c3lWVEJ4TjI5R3F1TU41Z0Mvd0hDL3VlWWRmbFhKVWdQRWY2M0FTV3JaSTMrT2pPOExRRUFyNTUvSktvVWV0Sko4VEZUQjNKVzcrS2piSEZOcG00c2J1aG0yWGhXcHE3OWF3OVhmd092aWl2NktFMkVaZTJ1UXZrd0xHOGM1azYyblZOUlI1MU15ZzJYdnZLWW1Zc3dpRnFKSGF2VTdFcUk2YmNHWHVncFJSaEd4bXdnWmFXYkR6bUsvNFJJK2RIdzFTa3oxeW5KTjhEbERwZmoyZS9IV1RWY2NRZlVnMlY2cFBmWHFvVHF2emljQTVKdmExbXZIU0M1cnhrSnpzQ3NLTWVKM1pKUmZ4M1dvVjZ1SkNFWmNHTXFpM2pBT2ozcTFZdmtKd0Q2ZUpnbVcxOTgrckpNTUJ6NzdUeDQ2Y2dCTHZBWnhacVA5M0lvUGp6eEljdnBIY0RUMUtxcVBCNDZFVUUycWpxditYc2N1OU4rdUQ5dldQSVRPR2h0Nk9wYTRHcWtOK1RTYytvdjkrNmhBNk1wQy9SR2dscFpURmNyWkUvTWxUVkVYQXA3blRNSnFSbkVRTHZucERESXJLZHlOTGp2K2NtOERRYnJ0aW1tUkN4aEd2K0N4MGxKaXZINkRjc3FRMTNlQ2k2RmJUTVM4T2JtMnNBc28rZWpaT1lzTy80NHFIZlR0VTJxRFdyZ09kOHNyMzMrTDlPRFQ5OGNkZFVFTUtLMk1rT21qNVFta1NXaFVKQzA0NHhqY3QrTFE4YU5mVjRYcjVDcHhMK0FvaFpST1QwZ2hHdjZHbUEySldGbG1PSEgxTXBOQzJoYldKR2lVSlZXOWxkdFB3TnpjYThwZzFFeHZsVGZhNHZaT1Mwc3Vhb2NDcDlJTktYdFp4VnpnN1JveGJNa0pyV2VTWlhuZE9XSEcwMFByRTJmZHZ2Wk5YVkMzWnNzUjdmY0ROa2I3NHZRdWczWjNtb09XV1BWZ1l2V2FTM0RaK2lrb1A4ZXRkU0F6YlFVeEhaTFhzdEZaK09HV2ZZMTh6ZWxGY0xsSXduR0dkSjl0ZUhYck0yZERHenIvWk1iaXdnUkhvWjdmUlJzWFlWWjM4aW9MR1ZTOFJjd2hoRmg3Si95Y2lFWlluY1dpYnVMSS83NWhwOWhpcWJBSjNRZTNhZ25PcmFFY1QxMzZjNGVBNFhyRnRHbGRNRHROb2RscWdGNWJrbEVIbGJ2TkVTamcxelZ1bnpJQ3FkOGtpblgybzhFZTJuYXluZXNhR2szQ1EyZnh2aUNVci85NTEvSjNGdDBuZnJjMm52N21HYzdxY0dubzFKTUNBcW00Skd4NXRVTjNFQSswSS9xc2g4UXF0Z3FOMnM4S0xUZlZBdWFMc2dRR0RrQmZCYnA2a3JMTUNhSThlYmEwRUZTUjJzMjM0TlpKSFcreFltZDNQSUJpMlB4eTNPSXU0YXdtRUlVcEJpQUlQNzF2ckwwL0tUMENmb2lNNGRWUGR0bWk1VkFLcWovSEsrd2lyZUlKblBoQjdUVzgzdkVYb1hFTmtUTUtJRUxLajAvZmNHWnZLQzBLbXMwd1BGNlR0MEtjZVlZdVdDR0YxOURvMUd0QzZLREZOWE1GdUFqY1hkbjB1Mk5RUm51YW9yMlpyN3J5Z1k4ZThJV05jUXc0aDF3L0tVWEF6SGpTUUVZTnVGb2hoRHh0cUhwaGJ6K3JyWEpBd3RZVEFCbjhadTJ2dmc0bks4N002Tk5kYkg2TEc0UEdzVFpJN1I2WTVqMGEvcnF1WC8yc1ZXVkhiSGYrdFRoeEV0Y04xU2ZtTHd6Yk40Qkt3bGpPQ28zVzdLcnVoaVBpND06Or3vY4NahFTY1ZcQySxXmwY=', '2018-12-29 06:44:20', '2019-01-08 07:58:59', 0),
(14, 39, 9, NULL, '2019-03-01 16:16:26', '0000-00-00 00:00:00', 0);

-- --------------------------------------------------------

--
-- Table structure for table `status`
--

CREATE TABLE `status` (
  `status_id` int(11) NOT NULL,
  `status` varchar(50) NOT NULL,
  `created_at` timestamp NOT NULL DEFAULT CURRENT_TIMESTAMP,
  `updated_at` timestamp NOT NULL DEFAULT '0000-00-00 00:00:00' ON UPDATE CURRENT_TIMESTAMP,
  `removed` tinyint(4) NOT NULL DEFAULT '0'
) ENGINE=InnoDB DEFAULT CHARSET=latin1;

--
-- Dumping data for table `status`
--

INSERT INTO `status` (`status_id`, `status`, `created_at`, `updated_at`, `removed`) VALUES
(1, 'Finished (Disapproved)', '2019-01-02 03:32:45', '0000-00-00 00:00:00', 0),
(2, 'Finished', '2019-01-02 03:32:45', '0000-00-00 00:00:00', 0),
(3, 'Pending', '2019-01-02 03:32:45', '0000-00-00 00:00:00', 0),
(4, 'Approved', '2019-01-02 03:32:45', '0000-00-00 00:00:00', 0),
(5, 'On-going (Disapproved)', '2019-01-02 03:32:45', '0000-00-00 00:00:00', 0),
(6, 'On-Going', '2019-01-02 03:32:45', '0000-00-00 00:00:00', 0);

-- --------------------------------------------------------

--
-- Table structure for table `students`
--

CREATE TABLE `students` (
  `students_id` int(11) NOT NULL,
  `student_id` int(11) NOT NULL,
  `name_id` int(11) NOT NULL,
  `section_id` int(11) NOT NULL,
  `contact_id` int(11) NOT NULL DEFAULT '0',
  `account_id` int(11) NOT NULL,
  `gender` varchar(1) NOT NULL,
  `created_at` timestamp NOT NULL DEFAULT CURRENT_TIMESTAMP,
  `updated_at` timestamp NOT NULL DEFAULT '0000-00-00 00:00:00' ON UPDATE CURRENT_TIMESTAMP
) ENGINE=InnoDB DEFAULT CHARSET=latin1;

--
-- Dumping data for table `students`
--

INSERT INTO `students` (`students_id`, `student_id`, `name_id`, `section_id`, `contact_id`, `account_id`, `gender`, `created_at`, `updated_at`) VALUES
(1, 1500037, 1, 1, 1, 1, 'M', '2018-10-22 06:19:55', '2018-11-01 18:22:32'),
(2, 1500033, 3, 1, 2, 6, 'F', '2018-10-26 07:19:22', '2018-11-01 18:22:27'),
(4, 1500023, 5, 1, 3, 8, 'F', '2018-10-26 07:40:50', '2018-11-01 18:22:34'),
(5, 98798, 18, 1, 7, 44, 'M', '2018-11-02 08:37:29', '0000-00-00 00:00:00'),
(22, 123, 35, 1, 24, 61, 'M', '2018-11-02 10:03:15', '0000-00-00 00:00:00'),
(23, 9879654, 36, 1, 25, 62, 'M', '2018-11-02 10:04:30', '0000-00-00 00:00:00'),
(24, 1502971, 37, 1, 26, 63, 'F', '2018-11-02 10:06:52', '0000-00-00 00:00:00'),
(25, 1500069, 38, 1, 27, 64, 'M', '2018-11-02 14:56:56', '0000-00-00 00:00:00'),
(26, 1500012, 39, 1, 28, 65, 'M', '2018-11-02 15:04:35', '0000-00-00 00:00:00'),
(27, 1500014, 40, 1, 29, 66, 'M', '2018-11-03 13:37:18', '0000-00-00 00:00:00'),
(28, 1500011, 41, 1, 30, 67, 'M', '2018-11-03 13:55:31', '0000-00-00 00:00:00'),
(29, 15000145, 43, 1, 31, 69, 'F', '2018-11-07 09:17:58', '0000-00-00 00:00:00'),
(30, 1500088, 44, 1, 32, 70, 'M', '2018-11-07 09:21:37', '0000-00-00 00:00:00'),
(31, 15005454, 45, 1, 33, 71, 'M', '2018-11-23 15:22:40', '0000-00-00 00:00:00'),
(32, 1500103, 51, 2, 39, 77, 'M', '2018-11-27 06:07:48', '0000-00-00 00:00:00'),
(33, 15123456, 52, 1, 40, 78, 'M', '2018-11-27 07:33:28', '0000-00-00 00:00:00'),
(34, 1500234, 55, 6, 43, 81, 'F', '2018-11-28 01:58:05', '0000-00-00 00:00:00'),
(35, 1500089, 56, 6, 44, 82, 'F', '2018-11-28 02:06:55', '0000-00-00 00:00:00'),
(36, 15099999, 57, 1, 45, 83, 'F', '2018-11-28 03:39:59', '0000-00-00 00:00:00'),
(37, 1234567890, 58, 1, 46, 84, 'M', '2018-11-28 03:41:38', '0000-00-00 00:00:00'),
(38, 98765434, 59, 1, 47, 85, 'M', '2018-11-28 05:00:01', '0000-00-00 00:00:00'),
(39, 76545, 60, 1, 48, 86, '', '2018-11-28 05:03:29', '0000-00-00 00:00:00'),
(40, 765, 61, 1, 49, 87, 'M', '2018-11-28 05:08:54', '0000-00-00 00:00:00'),
(41, 345678, 62, 1, 50, 88, 'M', '2018-11-28 05:43:55', '0000-00-00 00:00:00'),
(42, 1500026, 63, 1, 51, 89, 'M', '2018-11-29 02:18:40', '0000-00-00 00:00:00'),
(43, 1500001, 64, 3, 52, 90, 'M', '2018-11-29 05:58:25', '0000-00-00 00:00:00'),
(44, 1235678, 65, 3, 53, 91, 'M', '2018-11-29 06:30:57', '0000-00-00 00:00:00');

-- --------------------------------------------------------

--
-- Table structure for table `try`
--

CREATE TABLE `try` (
  `hey` text NOT NULL
) ENGINE=InnoDB DEFAULT CHARSET=latin1;

--
-- Dumping data for table `try`
--

INSERT INTO `try` (`hey`) VALUES
('[\"2018-11-07\", \"2018-11-08\", \"2018-11-09\", \"2018-11-10\", \"2018-11-11\", \"2018-11-12\", \"2018-11-13\", \"2018-11-14\", \"2018-11-15\", \"2018-11-16\", \"2018-11-17\", \"2018-11-18\", \"2018-11-19\", \"2018-11-20\", \"2018-11-21\", \"2018-11-22\", \"2018-11-23\", \"2018-11-24\", \"2018-11-25\", \"2018-11-26\", \"2018-11-27\"]'),
('[\"2018-06-14\",\"2018-06-15\",\"2018-06-16\",\"2018-06-17\",\"2018-06-18\",\"2018-06-19\",\"2018-06-20\"]'),
('asdfasdf'),
('asdfasdf');

-- --------------------------------------------------------

--
-- Table structure for table `user_levels`
--

CREATE TABLE `user_levels` (
  `user_level_id` int(11) NOT NULL,
  `user_level` varchar(59) NOT NULL,
  `created_at` timestamp NOT NULL DEFAULT CURRENT_TIMESTAMP,
  `updated_at` timestamp NOT NULL DEFAULT '0000-00-00 00:00:00' ON UPDATE CURRENT_TIMESTAMP,
  `removed` tinyint(4) NOT NULL DEFAULT '0'
) ENGINE=InnoDB DEFAULT CHARSET=latin1;

--
-- Dumping data for table `user_levels`
--

INSERT INTO `user_levels` (`user_level_id`, `user_level`, `created_at`, `updated_at`, `removed`) VALUES
(2, 'Academic Administration', '2018-10-21 18:03:36', '2018-11-07 02:38:14', 0),
(5, 'Student', '2018-10-21 18:08:06', '0000-00-00 00:00:00', 0),
(6, 'Supreme Student Council', '2018-10-21 18:08:19', '2018-10-27 08:32:37', 0);

-- --------------------------------------------------------

--
-- Table structure for table `venues`
--

CREATE TABLE `venues` (
  `venue_id` int(11) NOT NULL,
  `venue` varchar(100) NOT NULL,
  `capacity` int(11) NOT NULL,
  `price` varchar(10) NOT NULL,
  `image_url` varchar(255) NOT NULL DEFAULT 'images/venues/white.jpg',
  `created_at` timestamp NOT NULL DEFAULT CURRENT_TIMESTAMP,
  `updated_at` timestamp NOT NULL DEFAULT '0000-00-00 00:00:00' ON UPDATE CURRENT_TIMESTAMP,
  `removed` tinyint(4) NOT NULL DEFAULT '0'
) ENGINE=InnoDB DEFAULT CHARSET=latin1;

--
-- Dumping data for table `venues`
--

INSERT INTO `venues` (`venue_id`, `venue`, `capacity`, `price`, `image_url`, `created_at`, `updated_at`, `removed`) VALUES
(1, 'HRDC GYM2', 10000, '5000', 'images/venues/2018_11_04_12_07_4f1539a3b00abc42062f0fef72e470f0.jpeg', '2018-10-26 08:07:54', '2018-12-22 13:39:57', 0),
(2, 'HRDC AV Studio', 300, '5000', 'images/venues/2018_12_19_08_13_3e0aebd318712012f8182e5853edea07.jpg', '2018-10-26 08:07:54', '2018-12-19 12:13:17', 0),
(3, 'Student Center 2nd Floor', 500, '5000', 'images/venues/2018_11_01_04_52_8c1e4df7733ad14dba5ae63d3cc3591a.jpeg', '2018-10-26 08:07:54', '2018-11-01 08:52:05', 0),
(4, 'ORC Quadrangle', 500, '500', 'images/venues/bldg.jpeg', '2018-10-26 08:07:54', '2018-10-31 10:11:51', 0),
(5, 'HRDC Alba Hall', 5000, '5000', 'images/venues/2018_11_01_07_14_52386bc5b6d1441d130c8d81ed13f5f4.jpeg', '2018-10-27 02:32:26', '2018-11-01 11:14:10', 0),
(6, 'CTE Training Hall 1', 50, '5000', 'images/venues/2018_11_03_09_57_5c553d6db0bacca52d068b79284b54ff.jpg', '2018-10-27 02:32:26', '2019-02-10 08:10:32', 0),
(7, 'CTE Training Hall 2', 50, '5000', 'images/venues/2019_02_10_04_12_6352cd4d0fc7c7c525d1c214560d78ef.jpg', '2018-10-27 02:32:26', '2019-02-10 08:12:12', 0),
(8, 'Admin Ball Room, 2nd Floor', 50, '5000', 'images/venues/bldg.jpeg', '2018-10-27 02:32:26', '2018-10-29 12:28:23', 0),
(9, 'Admin Multi-Purpose Hall', 50, '5000', 'images/venues/bldg.jpeg', '2018-10-27 02:32:26', '2018-10-29 12:28:23', 0),
(10, 'Humanities Bldg. AV Theater', 25, '5000', 'images/venues/2018_11_03_01_10_1f51d23950a2db88311c93da7b486ecd.jpeg', '2018-10-27 02:32:26', '2018-11-03 05:10:04', 0),
(11, 'Classroom', 25, '5000', 'images/venues/bldg.jpeg', '2018-10-27 02:32:26', '2018-10-31 16:23:02', 0),
(12, 'Laboratory Room', 30, '5000', 'images/venues/bldg.jpeg', '2018-10-27 02:32:26', '2018-10-29 12:28:23', 0),
(13, 'ORC Stage ', 500, '5000', 'images/venues/bldg.jpeg', '2018-10-27 02:32:26', '2018-12-22 13:40:00', 0),
(14, 'Library Mini-Auditorium', 100, '5000', 'images/venues/bldg.jpeg', '2018-10-27 02:32:26', '2018-10-29 12:28:23', 0),
(15, 'Library Extension', 50, '5000', 'images/venues/bldg.jpeg', '2018-10-27 02:32:26', '2018-12-22 13:40:02', 0),
(16, 'Library Grounds', 150, '5000', 'images/venues/bldg.jpeg', '2018-10-27 02:32:26', '2018-10-31 16:23:51', 0);

--
-- Indexes for dumped tables
--

--
-- Indexes for table `accounts`
--
ALTER TABLE `accounts`
  ADD PRIMARY KEY (`account_id`);

--
-- Indexes for table `approvals`
--
ALTER TABLE `approvals`
  ADD PRIMARY KEY (`approval_id`);

--
-- Indexes for table `archives`
--
ALTER TABLE `archives`
  ADD PRIMARY KEY (`archive_id`);

--
-- Indexes for table `attendance`
--
ALTER TABLE `attendance`
  ADD PRIMARY KEY (`attendance_id`);

--
-- Indexes for table `audit_trails`
--
ALTER TABLE `audit_trails`
  ADD PRIMARY KEY (`audit_id`);

--
-- Indexes for table `bldg_coordinators`
--
ALTER TABLE `bldg_coordinators`
  ADD PRIMARY KEY (`bldg_coordinator_id`);

--
-- Indexes for table `comments`
--
ALTER TABLE `comments`
  ADD PRIMARY KEY (`comment_id`);

--
-- Indexes for table `contacts`
--
ALTER TABLE `contacts`
  ADD PRIMARY KEY (`contact_id`);

--
-- Indexes for table `courses`
--
ALTER TABLE `courses`
  ADD PRIMARY KEY (`course_id`);

--
-- Indexes for table `departments`
--
ALTER TABLE `departments`
  ADD PRIMARY KEY (`department_id`);

--
-- Indexes for table `employees`
--
ALTER TABLE `employees`
  ADD PRIMARY KEY (`employees_id`);

--
-- Indexes for table `events`
--
ALTER TABLE `events`
  ADD PRIMARY KEY (`event_id`);

--
-- Indexes for table `event_types`
--
ALTER TABLE `event_types`
  ADD PRIMARY KEY (`event_type_id`);

--
-- Indexes for table `facilities`
--
ALTER TABLE `facilities`
  ADD PRIMARY KEY (`facility_id`);

--
-- Indexes for table `facility_items`
--
ALTER TABLE `facility_items`
  ADD PRIMARY KEY (`facility_item_id`);

--
-- Indexes for table `names`
--
ALTER TABLE `names`
  ADD PRIMARY KEY (`name_id`);

--
-- Indexes for table `notifications`
--
ALTER TABLE `notifications`
  ADD PRIMARY KEY (`notifications_id`);

--
-- Indexes for table `offices`
--
ALTER TABLE `offices`
  ADD PRIMARY KEY (`office_id`);

--
-- Indexes for table `positions`
--
ALTER TABLE `positions`
  ADD PRIMARY KEY (`position_id`);

--
-- Indexes for table `reactions`
--
ALTER TABLE `reactions`
  ADD PRIMARY KEY (`reaction_id`);

--
-- Indexes for table `repercussions`
--
ALTER TABLE `repercussions`
  ADD PRIMARY KEY (`repercussion_id`);

--
-- Indexes for table `reservations`
--
ALTER TABLE `reservations`
  ADD PRIMARY KEY (`reservation_id`);

--
-- Indexes for table `school_calendar`
--
ALTER TABLE `school_calendar`
  ADD PRIMARY KEY (`school_calendar_id`);

--
-- Indexes for table `sections`
--
ALTER TABLE `sections`
  ADD PRIMARY KEY (`section_id`);

--
-- Indexes for table `ssc`
--
ALTER TABLE `ssc`
  ADD PRIMARY KEY (`ssc_id`);

--
-- Indexes for table `status`
--
ALTER TABLE `status`
  ADD PRIMARY KEY (`status_id`);

--
-- Indexes for table `students`
--
ALTER TABLE `students`
  ADD PRIMARY KEY (`students_id`);

--
-- Indexes for table `user_levels`
--
ALTER TABLE `user_levels`
  ADD PRIMARY KEY (`user_level_id`);

--
-- Indexes for table `venues`
--
ALTER TABLE `venues`
  ADD PRIMARY KEY (`venue_id`);

--
-- AUTO_INCREMENT for dumped tables
--

--
-- AUTO_INCREMENT for table `accounts`
--
ALTER TABLE `accounts`
  MODIFY `account_id` int(11) NOT NULL AUTO_INCREMENT, AUTO_INCREMENT=96;

--
-- AUTO_INCREMENT for table `approvals`
--
ALTER TABLE `approvals`
  MODIFY `approval_id` int(11) NOT NULL AUTO_INCREMENT, AUTO_INCREMENT=92;

--
-- AUTO_INCREMENT for table `archives`
--
ALTER TABLE `archives`
  MODIFY `archive_id` int(11) NOT NULL AUTO_INCREMENT;

--
-- AUTO_INCREMENT for table `attendance`
--
ALTER TABLE `attendance`
  MODIFY `attendance_id` int(11) NOT NULL AUTO_INCREMENT, AUTO_INCREMENT=14;

--
-- AUTO_INCREMENT for table `audit_trails`
--
ALTER TABLE `audit_trails`
  MODIFY `audit_id` int(11) NOT NULL AUTO_INCREMENT, AUTO_INCREMENT=107;

--
-- AUTO_INCREMENT for table `bldg_coordinators`
--
ALTER TABLE `bldg_coordinators`
  MODIFY `bldg_coordinator_id` int(11) NOT NULL AUTO_INCREMENT, AUTO_INCREMENT=15;

--
-- AUTO_INCREMENT for table `comments`
--
ALTER TABLE `comments`
  MODIFY `comment_id` int(11) NOT NULL AUTO_INCREMENT, AUTO_INCREMENT=50;

--
-- AUTO_INCREMENT for table `contacts`
--
ALTER TABLE `contacts`
  MODIFY `contact_id` int(11) NOT NULL AUTO_INCREMENT, AUTO_INCREMENT=58;

--
-- AUTO_INCREMENT for table `courses`
--
ALTER TABLE `courses`
  MODIFY `course_id` int(11) NOT NULL AUTO_INCREMENT, AUTO_INCREMENT=17;

--
-- AUTO_INCREMENT for table `departments`
--
ALTER TABLE `departments`
  MODIFY `department_id` int(11) NOT NULL AUTO_INCREMENT, AUTO_INCREMENT=10;

--
-- AUTO_INCREMENT for table `employees`
--
ALTER TABLE `employees`
  MODIFY `employees_id` int(11) NOT NULL AUTO_INCREMENT, AUTO_INCREMENT=14;

--
-- AUTO_INCREMENT for table `events`
--
ALTER TABLE `events`
  MODIFY `event_id` int(11) NOT NULL AUTO_INCREMENT, AUTO_INCREMENT=8;

--
-- AUTO_INCREMENT for table `event_types`
--
ALTER TABLE `event_types`
  MODIFY `event_type_id` int(11) NOT NULL AUTO_INCREMENT, AUTO_INCREMENT=4;

--
-- AUTO_INCREMENT for table `facilities`
--
ALTER TABLE `facilities`
  MODIFY `facility_id` int(11) NOT NULL AUTO_INCREMENT, AUTO_INCREMENT=4;

--
-- AUTO_INCREMENT for table `facility_items`
--
ALTER TABLE `facility_items`
  MODIFY `facility_item_id` int(11) NOT NULL AUTO_INCREMENT, AUTO_INCREMENT=12;

--
-- AUTO_INCREMENT for table `names`
--
ALTER TABLE `names`
  MODIFY `name_id` int(11) NOT NULL AUTO_INCREMENT, AUTO_INCREMENT=70;

--
-- AUTO_INCREMENT for table `notifications`
--
ALTER TABLE `notifications`
  MODIFY `notifications_id` int(11) NOT NULL AUTO_INCREMENT;

--
-- AUTO_INCREMENT for table `offices`
--
ALTER TABLE `offices`
  MODIFY `office_id` int(11) NOT NULL AUTO_INCREMENT, AUTO_INCREMENT=16;

--
-- AUTO_INCREMENT for table `positions`
--
ALTER TABLE `positions`
  MODIFY `position_id` int(11) NOT NULL AUTO_INCREMENT, AUTO_INCREMENT=23;

--
-- AUTO_INCREMENT for table `reactions`
--
ALTER TABLE `reactions`
  MODIFY `reaction_id` int(11) NOT NULL AUTO_INCREMENT, AUTO_INCREMENT=16;

--
-- AUTO_INCREMENT for table `repercussions`
--
ALTER TABLE `repercussions`
  MODIFY `repercussion_id` int(11) NOT NULL AUTO_INCREMENT;

--
-- AUTO_INCREMENT for table `reservations`
--
ALTER TABLE `reservations`
  MODIFY `reservation_id` int(11) NOT NULL AUTO_INCREMENT, AUTO_INCREMENT=8;

--
-- AUTO_INCREMENT for table `school_calendar`
--
ALTER TABLE `school_calendar`
  MODIFY `school_calendar_id` int(11) NOT NULL AUTO_INCREMENT, AUTO_INCREMENT=8;

--
-- AUTO_INCREMENT for table `sections`
--
ALTER TABLE `sections`
  MODIFY `section_id` int(11) NOT NULL AUTO_INCREMENT, AUTO_INCREMENT=7;

--
-- AUTO_INCREMENT for table `ssc`
--
ALTER TABLE `ssc`
  MODIFY `ssc_id` int(11) NOT NULL AUTO_INCREMENT, AUTO_INCREMENT=15;

--
-- AUTO_INCREMENT for table `status`
--
ALTER TABLE `status`
  MODIFY `status_id` int(11) NOT NULL AUTO_INCREMENT, AUTO_INCREMENT=7;

--
-- AUTO_INCREMENT for table `students`
--
ALTER TABLE `students`
  MODIFY `students_id` int(11) NOT NULL AUTO_INCREMENT, AUTO_INCREMENT=45;

--
-- AUTO_INCREMENT for table `user_levels`
--
ALTER TABLE `user_levels`
  MODIFY `user_level_id` int(11) NOT NULL AUTO_INCREMENT, AUTO_INCREMENT=7;

--
-- AUTO_INCREMENT for table `venues`
--
ALTER TABLE `venues`
  MODIFY `venue_id` int(11) NOT NULL AUTO_INCREMENT, AUTO_INCREMENT=17;
COMMIT;

/*!40101 SET CHARACTER_SET_CLIENT=@OLD_CHARACTER_SET_CLIENT */;
/*!40101 SET CHARACTER_SET_RESULTS=@OLD_CHARACTER_SET_RESULTS */;
/*!40101 SET COLLATION_CONNECTION=@OLD_COLLATION_CONNECTION */;
