-- 2019-01-07T12:21:27+08:00 - mysql:dbname=semms;host=localhost

-- Table structure for table `accounts`

DROP TABLE IF EXISTS `accounts`;
CREATE TABLE `accounts` (
  `account_id` int(11) NOT NULL AUTO_INCREMENT,
  `username` varchar(50) DEFAULT NULL,
  `password` varchar(255) DEFAULT NULL,
  `user_level_id` int(11) NOT NULL,
  `activation_code` varchar(10) NOT NULL,
  `activated` tinyint(4) NOT NULL DEFAULT '0',
  `account_img_url` varchar(255) NOT NULL,
  `created_at` timestamp NOT NULL DEFAULT CURRENT_TIMESTAMP,
  `updated_at` timestamp NOT NULL DEFAULT '0000-00-00 00:00:00' ON UPDATE CURRENT_TIMESTAMP,
  `removed` tinyint(4) NOT NULL DEFAULT '0',
  PRIMARY KEY (`account_id`)
) ENGINE=InnoDB AUTO_INCREMENT=96 DEFAULT CHARSET=latin1;

-- Dumping data for table `accounts`

LOCK TABLES `accounts` WRITE;
INSERT INTO `accounts` VALUES (1,'admin','$2y$10$HlSo6.6oW6t1IgSoSCY8geqjjT5DN11434laKHbuKkGl11WjXm7xG',6,12345678,1,'','2018-10-22 14:13:35','2018-11-02 22:22:07',0);
INSERT INTO `accounts` VALUES (2,'plant','$2y$10$N7hHHk.8g7OYULavnx0S..LBaM70tpmXr/qTkZ33I9i9Pan7mMdg.',2,987987,1,'images/male.png','2018-10-27 00:31:16','2018-11-21 05:10:53',0);
INSERT INTO `accounts` VALUES (6,'','',5,3,0,'','2018-10-26 15:33:54','2018-10-26 15:35:25',0);
INSERT INTO `accounts` VALUES (7,'uy','$2y$10$tPfFRt7AT8GcY3d4c1.UfOTwMu2P9aUOJu0ODlOIG/chtrR64VjCC',5,123,1,'','2018-10-26 15:37:38','2018-10-28 13:39:30',0);
INSERT INTO `accounts` VALUES (8,'','',5,91,0,'','2018-10-26 15:37:38','0000-00-00 00:00:00',0);
INSERT INTO `accounts` VALUES (61,'','',6,'99b18b06b2',0,'images/male.png','2018-11-02 18:03:15','2018-12-29 14:43:47',0);
INSERT INTO `accounts` VALUES (62,'','',5,'3543a816a8',0,'images/male.png','2018-11-02 18:04:30','0000-00-00 00:00:00',0);
INSERT INTO `accounts` VALUES (63,'yel','$2y$10$1hgg0IJUYYoLw8Lt..KVNe1RdzG8M/SX2W0DHIXD9YBYJ1tsJ1iP6',5,'07c3179fe2',0,'images/female.png','2018-11-02 18:06:52','2018-11-02 18:22:29',0);
INSERT INTO `accounts` VALUES (64,'col','$2y$10$xYuiFWbesgYe.WPv2siC4uRGARVWd.9a3ZU.DVftvuFrLKodVSTam',6,'eaf759db2d',1,'images/male.png','2018-11-02 22:56:56','2018-12-29 14:38:45',0);
INSERT INTO `accounts` VALUES (65,'','',5,'3e13cc3056',0,'images/male.png','2018-11-02 23:04:35','0000-00-00 00:00:00',0);
INSERT INTO `accounts` VALUES (66,'kent','$2y$10$lkeG6A1aPDayWaP1rzAn0uDiuFX4nd89TPyTDs5muVbdJwthGJbeO',6,'aee2e28f58',1,'images/male.png','2018-11-03 21:37:18','2018-12-29 14:42:57',0);
INSERT INTO `accounts` VALUES (67,'ting','$2y$10$9yr5Bdf6qOUSYHVfLKhlP.PV32FSruRsglV7Iv7PhiGd3/Mu/bAVm',6,'ccc017fa3e',1,'images/male.png','2018-11-03 21:55:31','2018-12-29 14:42:25',0);
INSERT INTO `accounts` VALUES (68,'mis','$2y$10$9n81GW9kId0TZPONhSbi/OD0myk8tnlK7EiSl76FnUjcT9KGI8P6S',2,'qwerty',1,'images/female.png','2018-11-07 12:13:58','2018-11-07 12:27:37',0);
INSERT INTO `accounts` VALUES (69,'','',5,'dd423e9bba',0,'images/female.png','2018-11-07 17:17:58','0000-00-00 00:00:00',0);
INSERT INTO `accounts` VALUES (70,'','',5,'667A0C3D9B',0,'images/male.png','2018-11-07 17:21:37','0000-00-00 00:00:00',0);
INSERT INTO `accounts` VALUES (71,NULL,NULL,5,'97283B8B01',0,'images/male.png','2018-11-23 23:22:40','0000-00-00 00:00:00',0);
INSERT INTO `accounts` VALUES (72,NULL,NULL,6,'6FDE97962C',0,'images/male.png','2018-11-24 00:13:59','2018-11-28 05:16:22',1);
INSERT INTO `accounts` VALUES (73,NULL,NULL,2,'78F536CE52',0,'images/male.png','2018-11-24 00:36:36','2018-11-27 11:14:08',1);
INSERT INTO `accounts` VALUES (74,NULL,NULL,2,'2F18BC638C',0,'images/female.png','2018-11-24 00:48:03','0000-00-00 00:00:00',0);
INSERT INTO `accounts` VALUES (75,NULL,NULL,2,'7B6776E0F2',0,'images/male.png','2018-11-24 01:04:19','0000-00-00 00:00:00',0);
INSERT INTO `accounts` VALUES (76,NULL,NULL,2,'21BE4AD5DB',0,'images/male.png','2018-11-24 10:48:03','0000-00-00 00:00:00',0);
INSERT INTO `accounts` VALUES (77,'mar','$2y$10$p.zPDNBg9rePMvk1yFClyOsP93XwNFm1TGRDKrT3m8r1vSaf8M5Dm',6,'358CE2C844',1,'images/male.png','2018-11-27 14:07:48','2018-12-29 14:39:03',0);
INSERT INTO `accounts` VALUES (78,'carl','$2y$10$F.eqVyqNbEyD.NwRHGOhWeQi7EKeyQG/I9LdLv712XOMuq7y4eYHq',5,'897590CFF9',1,'images/male.png','2018-11-27 15:33:28','2018-11-27 15:36:20',0);
INSERT INTO `accounts` VALUES (79,NULL,NULL,6,'EC29DF2F1F',0,'images/male.png','2018-11-28 05:37:18','2018-11-28 05:47:05',1);
INSERT INTO `accounts` VALUES (80,'ssc','$2y$10$DRoWdXXL4c9ITN6ngKm8/OwMEehgd4P3z0Ykr/IF.Yqr4Aiks0wiW',2,'B6CA949037',1,'images/male.png','2018-11-28 05:48:54','2018-12-23 21:58:21',0);
INSERT INTO `accounts` VALUES (81,NULL,NULL,5,'5385987C60',0,'images/female.png','2018-11-28 09:58:05','0000-00-00 00:00:00',0);
INSERT INTO `accounts` VALUES (82,NULL,NULL,5,'5C5BD502C0',0,'images/female.png','2018-11-28 10:06:55','0000-00-00 00:00:00',0);
INSERT INTO `accounts` VALUES (83,NULL,NULL,5,'533384752F',0,'images/female.png','2018-11-28 11:39:59','0000-00-00 00:00:00',0);
INSERT INTO `accounts` VALUES (84,NULL,NULL,5,'B73CE40758',0,'images/male.png','2018-11-28 11:41:38','0000-00-00 00:00:00',0);
INSERT INTO `accounts` VALUES (85,NULL,NULL,5,'4AA833FFEB',0,'images/male.png','2018-11-28 13:00:01','0000-00-00 00:00:00',0);
INSERT INTO `accounts` VALUES (86,NULL,NULL,6,'86B35AE406',0,'images/female.png','2018-11-28 13:03:29','2018-12-29 14:44:11',0);
INSERT INTO `accounts` VALUES (87,NULL,NULL,6,'871CE0128D',0,'images/male.png','2018-11-28 13:08:54','2018-12-29 14:44:01',0);
INSERT INTO `accounts` VALUES (88,NULL,NULL,6,'C8358A8441',0,'images/male.png','2018-11-28 13:43:55','2018-12-29 14:44:20',0);
INSERT INTO `accounts` VALUES (89,'mark','$2y$10$eqeiUXCAFxT4v5IGF/nB4evSEi9QfBExcEOC8YmEJna8FpxT0mrUu',6,'5EB8D6A37A',1,'images/male.png','2018-11-29 10:18:40','2018-11-29 10:21:18',0);
INSERT INTO `accounts` VALUES (90,NULL,NULL,5,'6EA74F6B6F',0,'images/male.png','2018-11-29 13:58:25','0000-00-00 00:00:00',0);
INSERT INTO `accounts` VALUES (91,NULL,NULL,5,'728E007486',0,'images/male.png','2018-11-29 14:30:57','0000-00-00 00:00:00',0);
INSERT INTO `accounts` VALUES (92,'jean','$2y$10$q9BRKcfPE4qSbyVEURETX./Ilj4XwuKi773a5nzk.f9D3QxSf65ve',2,'0573ABDC95',1,'images/male.png','2018-12-18 17:35:09','2018-12-27 09:16:21',0);
INSERT INTO `accounts` VALUES (93,'pres','$2y$10$MhDjdSQ0mKWNBaK9TIalNOjAijOHG6pg42uw/oJVDls21dCGzgKZC',2,'038F96AA09',1,'images/male.png','2018-12-18 17:38:59','2018-12-27 07:56:55',0);
INSERT INTO `accounts` VALUES (94,NULL,NULL,2,'258A95FCE2',0,'images/male.png','2018-12-18 20:44:12','0000-00-00 00:00:00',0);
INSERT INTO `accounts` VALUES (95,NULL,NULL,2,'BB378C42CF',0,'images/male.png','2018-12-30 02:35:18','0000-00-00 00:00:00',0);
UNLOCK TABLES;

-- Table structure for table `approvals`

DROP TABLE IF EXISTS `approvals`;
CREATE TABLE `approvals` (
  `approval_id` int(11) NOT NULL AUTO_INCREMENT,
  `event_id` int(11) NOT NULL,
  `account_id` int(11) NOT NULL,
  `position_id` int(11) NOT NULL,
  `approved` tinyint(4) DEFAULT NULL,
  `created_at` timestamp NOT NULL DEFAULT CURRENT_TIMESTAMP,
  `updated_at` timestamp NOT NULL DEFAULT '0000-00-00 00:00:00' ON UPDATE CURRENT_TIMESTAMP,
  `removed` tinyint(1) NOT NULL DEFAULT '0',
  PRIMARY KEY (`approval_id`)
) ENGINE=InnoDB AUTO_INCREMENT=239 DEFAULT CHARSET=latin1;

-- Dumping data for table `approvals`

LOCK TABLES `approvals` WRITE;
INSERT INTO `approvals` VALUES (1,1,1,1,NULL,'2019-01-02 18:24:28','0000-00-00 00:00:00',0);
INSERT INTO `approvals` VALUES (2,1,89,2,NULL,'2019-01-02 18:24:28','0000-00-00 00:00:00',0);
INSERT INTO `approvals` VALUES (3,1,64,3,NULL,'2019-01-02 18:24:28','0000-00-00 00:00:00',0);
INSERT INTO `approvals` VALUES (4,1,77,5,NULL,'2019-01-02 18:24:28','0000-00-00 00:00:00',0);
INSERT INTO `approvals` VALUES (5,1,67,4,NULL,'2019-01-02 18:24:28','0000-00-00 00:00:00',0);
INSERT INTO `approvals` VALUES (6,1,66,6,NULL,'2019-01-02 18:24:28','0000-00-00 00:00:00',0);
INSERT INTO `approvals` VALUES (7,1,61,7,NULL,'2019-01-02 18:24:28','0000-00-00 00:00:00',0);
INSERT INTO `approvals` VALUES (8,1,87,8,NULL,'2019-01-02 18:24:28','0000-00-00 00:00:00',0);
INSERT INTO `approvals` VALUES (9,1,86,9,NULL,'2019-01-02 18:24:28','0000-00-00 00:00:00',0);
INSERT INTO `approvals` VALUES (10,1,88,10,NULL,'2019-01-02 18:24:28','0000-00-00 00:00:00',0);
INSERT INTO `approvals` VALUES (11,1,2,11,NULL,'2019-01-02 18:24:28','0000-00-00 00:00:00',0);
INSERT INTO `approvals` VALUES (12,1,2,11,NULL,'2019-01-02 18:24:28','0000-00-00 00:00:00',0);
INSERT INTO `approvals` VALUES (13,1,68,13,NULL,'2019-01-02 18:24:28','0000-00-00 00:00:00',0);
INSERT INTO `approvals` VALUES (14,1,1,1,NULL,'2019-01-03 08:16:10','0000-00-00 00:00:00',0);
INSERT INTO `approvals` VALUES (15,1,89,2,NULL,'2019-01-03 08:16:10','0000-00-00 00:00:00',0);
INSERT INTO `approvals` VALUES (16,1,64,3,NULL,'2019-01-03 08:16:10','0000-00-00 00:00:00',0);
INSERT INTO `approvals` VALUES (17,1,77,5,NULL,'2019-01-03 08:16:10','0000-00-00 00:00:00',0);
INSERT INTO `approvals` VALUES (18,1,67,4,NULL,'2019-01-03 08:16:10','0000-00-00 00:00:00',0);
INSERT INTO `approvals` VALUES (19,1,66,6,NULL,'2019-01-03 08:16:10','0000-00-00 00:00:00',0);
INSERT INTO `approvals` VALUES (20,1,61,7,NULL,'2019-01-03 08:16:10','0000-00-00 00:00:00',0);
INSERT INTO `approvals` VALUES (21,1,87,8,NULL,'2019-01-03 08:16:10','0000-00-00 00:00:00',0);
INSERT INTO `approvals` VALUES (22,1,86,9,NULL,'2019-01-03 08:16:10','0000-00-00 00:00:00',0);
INSERT INTO `approvals` VALUES (23,1,88,10,NULL,'2019-01-03 08:16:10','0000-00-00 00:00:00',0);
INSERT INTO `approvals` VALUES (24,1,2,11,NULL,'2019-01-03 08:16:10','0000-00-00 00:00:00',0);
INSERT INTO `approvals` VALUES (25,1,2,11,NULL,'2019-01-03 08:16:10','0000-00-00 00:00:00',0);
INSERT INTO `approvals` VALUES (26,1,94,21,NULL,'2019-01-03 08:16:10','0000-00-00 00:00:00',0);
INSERT INTO `approvals` VALUES (27,3,1,1,NULL,'2019-01-03 08:21:27','0000-00-00 00:00:00',0);
INSERT INTO `approvals` VALUES (28,3,89,2,NULL,'2019-01-03 08:21:27','0000-00-00 00:00:00',0);
INSERT INTO `approvals` VALUES (29,3,64,3,NULL,'2019-01-03 08:21:27','0000-00-00 00:00:00',0);
INSERT INTO `approvals` VALUES (30,3,77,5,NULL,'2019-01-03 08:21:27','0000-00-00 00:00:00',0);
INSERT INTO `approvals` VALUES (31,3,67,4,NULL,'2019-01-03 08:21:27','0000-00-00 00:00:00',0);
INSERT INTO `approvals` VALUES (32,3,66,6,NULL,'2019-01-03 08:21:27','0000-00-00 00:00:00',0);
INSERT INTO `approvals` VALUES (33,3,61,7,NULL,'2019-01-03 08:21:27','0000-00-00 00:00:00',0);
INSERT INTO `approvals` VALUES (34,3,87,8,NULL,'2019-01-03 08:21:27','0000-00-00 00:00:00',0);
INSERT INTO `approvals` VALUES (35,3,86,9,NULL,'2019-01-03 08:21:27','0000-00-00 00:00:00',0);
INSERT INTO `approvals` VALUES (36,3,88,10,NULL,'2019-01-03 08:21:27','0000-00-00 00:00:00',0);
INSERT INTO `approvals` VALUES (37,3,2,11,NULL,'2019-01-03 08:21:27','0000-00-00 00:00:00',0);
INSERT INTO `approvals` VALUES (38,3,2,11,NULL,'2019-01-03 08:21:27','0000-00-00 00:00:00',0);
INSERT INTO `approvals` VALUES (39,3,68,13,NULL,'2019-01-03 08:21:27','0000-00-00 00:00:00',0);
INSERT INTO `approvals` VALUES (40,4,1,1,1,'2019-01-03 10:39:49','2019-01-03 18:10:48',0);
INSERT INTO `approvals` VALUES (41,4,89,2,NULL,'2019-01-03 10:39:49','0000-00-00 00:00:00',0);
INSERT INTO `approvals` VALUES (42,4,64,3,NULL,'2019-01-03 10:39:49','0000-00-00 00:00:00',0);
INSERT INTO `approvals` VALUES (43,4,77,5,NULL,'2019-01-03 10:39:49','0000-00-00 00:00:00',0);
INSERT INTO `approvals` VALUES (44,4,67,4,NULL,'2019-01-03 10:39:49','0000-00-00 00:00:00',0);
INSERT INTO `approvals` VALUES (45,4,66,6,NULL,'2019-01-03 10:39:49','0000-00-00 00:00:00',0);
INSERT INTO `approvals` VALUES (46,4,61,7,NULL,'2019-01-03 10:39:49','0000-00-00 00:00:00',0);
INSERT INTO `approvals` VALUES (47,4,87,8,NULL,'2019-01-03 10:39:49','0000-00-00 00:00:00',0);
INSERT INTO `approvals` VALUES (48,4,86,9,NULL,'2019-01-03 10:39:49','0000-00-00 00:00:00',0);
INSERT INTO `approvals` VALUES (49,4,88,10,NULL,'2019-01-03 10:39:49','0000-00-00 00:00:00',0);
INSERT INTO `approvals` VALUES (50,4,2,11,NULL,'2019-01-03 10:39:49','0000-00-00 00:00:00',0);
INSERT INTO `approvals` VALUES (51,4,2,11,NULL,'2019-01-03 10:39:49','0000-00-00 00:00:00',0);
INSERT INTO `approvals` VALUES (52,4,2,11,NULL,'2019-01-03 10:39:49','0000-00-00 00:00:00',0);
INSERT INTO `approvals` VALUES (53,5,1,1,1,'2019-01-03 10:43:08','2019-01-03 19:20:50',0);
INSERT INTO `approvals` VALUES (54,5,89,2,NULL,'2019-01-03 10:43:08','0000-00-00 00:00:00',0);
INSERT INTO `approvals` VALUES (55,5,64,3,NULL,'2019-01-03 10:43:08','0000-00-00 00:00:00',0);
INSERT INTO `approvals` VALUES (56,5,77,5,NULL,'2019-01-03 10:43:08','0000-00-00 00:00:00',0);
INSERT INTO `approvals` VALUES (57,5,67,4,NULL,'2019-01-03 10:43:08','0000-00-00 00:00:00',0);
INSERT INTO `approvals` VALUES (58,5,66,6,NULL,'2019-01-03 10:43:08','0000-00-00 00:00:00',0);
INSERT INTO `approvals` VALUES (59,5,61,7,NULL,'2019-01-03 10:43:08','0000-00-00 00:00:00',0);
INSERT INTO `approvals` VALUES (60,5,87,8,NULL,'2019-01-03 10:43:08','0000-00-00 00:00:00',0);
INSERT INTO `approvals` VALUES (61,5,86,9,NULL,'2019-01-03 10:43:08','0000-00-00 00:00:00',0);
INSERT INTO `approvals` VALUES (62,5,88,10,NULL,'2019-01-03 10:43:08','0000-00-00 00:00:00',0);
INSERT INTO `approvals` VALUES (63,5,2,11,NULL,'2019-01-03 10:43:08','0000-00-00 00:00:00',0);
INSERT INTO `approvals` VALUES (64,5,2,11,NULL,'2019-01-03 10:43:08','0000-00-00 00:00:00',0);
INSERT INTO `approvals` VALUES (65,5,94,21,NULL,'2019-01-03 10:43:08','0000-00-00 00:00:00',0);
INSERT INTO `approvals` VALUES (66,6,1,1,1,'2019-01-03 11:02:36','2019-01-03 19:20:58',0);
INSERT INTO `approvals` VALUES (67,6,89,2,NULL,'2019-01-03 11:02:36','0000-00-00 00:00:00',0);
INSERT INTO `approvals` VALUES (68,6,64,3,NULL,'2019-01-03 11:02:36','0000-00-00 00:00:00',0);
INSERT INTO `approvals` VALUES (69,6,77,5,NULL,'2019-01-03 11:02:36','0000-00-00 00:00:00',0);
INSERT INTO `approvals` VALUES (70,6,67,4,NULL,'2019-01-03 11:02:36','0000-00-00 00:00:00',0);
INSERT INTO `approvals` VALUES (71,6,66,6,NULL,'2019-01-03 11:02:36','0000-00-00 00:00:00',0);
INSERT INTO `approvals` VALUES (72,6,61,7,NULL,'2019-01-03 11:02:36','0000-00-00 00:00:00',0);
INSERT INTO `approvals` VALUES (73,6,87,8,NULL,'2019-01-03 11:02:36','0000-00-00 00:00:00',0);
INSERT INTO `approvals` VALUES (74,6,86,9,NULL,'2019-01-03 11:02:36','0000-00-00 00:00:00',0);
INSERT INTO `approvals` VALUES (75,6,88,10,NULL,'2019-01-03 11:02:36','0000-00-00 00:00:00',0);
INSERT INTO `approvals` VALUES (76,6,2,11,NULL,'2019-01-03 11:02:36','0000-00-00 00:00:00',0);
INSERT INTO `approvals` VALUES (77,6,2,11,NULL,'2019-01-03 11:02:36','0000-00-00 00:00:00',0);
INSERT INTO `approvals` VALUES (78,6,68,13,NULL,'2019-01-03 11:02:36','0000-00-00 00:00:00',0);
INSERT INTO `approvals` VALUES (79,7,1,1,1,'2019-01-03 11:07:28','2019-01-03 18:22:32',0);
INSERT INTO `approvals` VALUES (80,7,89,2,NULL,'2019-01-03 11:07:28','0000-00-00 00:00:00',0);
INSERT INTO `approvals` VALUES (81,7,64,3,NULL,'2019-01-03 11:07:28','0000-00-00 00:00:00',0);
INSERT INTO `approvals` VALUES (82,7,77,5,NULL,'2019-01-03 11:07:28','0000-00-00 00:00:00',0);
INSERT INTO `approvals` VALUES (83,7,67,4,NULL,'2019-01-03 11:07:28','0000-00-00 00:00:00',0);
INSERT INTO `approvals` VALUES (84,7,66,6,NULL,'2019-01-03 11:07:28','0000-00-00 00:00:00',0);
INSERT INTO `approvals` VALUES (85,7,61,7,NULL,'2019-01-03 11:07:28','0000-00-00 00:00:00',0);
INSERT INTO `approvals` VALUES (86,7,87,8,NULL,'2019-01-03 11:07:28','0000-00-00 00:00:00',0);
INSERT INTO `approvals` VALUES (87,7,86,9,NULL,'2019-01-03 11:07:28','0000-00-00 00:00:00',0);
INSERT INTO `approvals` VALUES (88,7,88,10,NULL,'2019-01-03 11:07:28','0000-00-00 00:00:00',0);
INSERT INTO `approvals` VALUES (89,7,2,11,NULL,'2019-01-03 11:07:28','0000-00-00 00:00:00',0);
INSERT INTO `approvals` VALUES (90,7,2,11,NULL,'2019-01-03 11:07:28','0000-00-00 00:00:00',0);
INSERT INTO `approvals` VALUES (91,7,94,21,NULL,'2019-01-03 11:07:28','0000-00-00 00:00:00',0);
INSERT INTO `approvals` VALUES (92,8,1,1,1,'2019-01-03 11:25:41','2019-01-03 18:22:10',0);
INSERT INTO `approvals` VALUES (93,8,89,2,NULL,'2019-01-03 11:25:41','0000-00-00 00:00:00',0);
INSERT INTO `approvals` VALUES (94,8,64,3,NULL,'2019-01-03 11:25:41','0000-00-00 00:00:00',0);
INSERT INTO `approvals` VALUES (95,8,77,5,NULL,'2019-01-03 11:25:41','0000-00-00 00:00:00',0);
INSERT INTO `approvals` VALUES (96,8,67,4,NULL,'2019-01-03 11:25:41','0000-00-00 00:00:00',0);
INSERT INTO `approvals` VALUES (97,8,66,6,NULL,'2019-01-03 11:25:41','0000-00-00 00:00:00',0);
INSERT INTO `approvals` VALUES (98,8,61,7,NULL,'2019-01-03 11:25:41','0000-00-00 00:00:00',0);
INSERT INTO `approvals` VALUES (99,8,87,8,NULL,'2019-01-03 11:25:41','0000-00-00 00:00:00',0);
INSERT INTO `approvals` VALUES (100,8,86,9,NULL,'2019-01-03 11:25:41','0000-00-00 00:00:00',0);
INSERT INTO `approvals` VALUES (101,8,88,10,NULL,'2019-01-03 11:25:41','0000-00-00 00:00:00',0);
INSERT INTO `approvals` VALUES (102,8,2,11,NULL,'2019-01-03 11:25:41','0000-00-00 00:00:00',0);
INSERT INTO `approvals` VALUES (103,8,2,11,NULL,'2019-01-03 11:25:41','0000-00-00 00:00:00',0);
INSERT INTO `approvals` VALUES (104,8,94,21,NULL,'2019-01-03 11:25:41','0000-00-00 00:00:00',0);
INSERT INTO `approvals` VALUES (105,9,1,1,NULL,'2019-01-03 11:27:16','0000-00-00 00:00:00',0);
INSERT INTO `approvals` VALUES (106,9,89,2,NULL,'2019-01-03 11:27:16','0000-00-00 00:00:00',0);
INSERT INTO `approvals` VALUES (107,9,64,3,NULL,'2019-01-03 11:27:16','0000-00-00 00:00:00',0);
INSERT INTO `approvals` VALUES (108,9,77,5,NULL,'2019-01-03 11:27:16','0000-00-00 00:00:00',0);
INSERT INTO `approvals` VALUES (109,9,67,4,NULL,'2019-01-03 11:27:16','0000-00-00 00:00:00',0);
INSERT INTO `approvals` VALUES (110,9,66,6,NULL,'2019-01-03 11:27:16','0000-00-00 00:00:00',0);
INSERT INTO `approvals` VALUES (111,9,61,7,NULL,'2019-01-03 11:27:16','0000-00-00 00:00:00',0);
INSERT INTO `approvals` VALUES (112,9,87,8,NULL,'2019-01-03 11:27:16','0000-00-00 00:00:00',0);
INSERT INTO `approvals` VALUES (113,9,86,9,NULL,'2019-01-03 11:27:16','0000-00-00 00:00:00',0);
INSERT INTO `approvals` VALUES (114,9,88,10,NULL,'2019-01-03 11:27:16','0000-00-00 00:00:00',0);
INSERT INTO `approvals` VALUES (115,9,2,11,NULL,'2019-01-03 11:27:16','0000-00-00 00:00:00',0);
INSERT INTO `approvals` VALUES (116,9,2,11,NULL,'2019-01-03 11:27:16','0000-00-00 00:00:00',0);
INSERT INTO `approvals` VALUES (117,9,2,11,NULL,'2019-01-03 11:27:16','0000-00-00 00:00:00',0);
INSERT INTO `approvals` VALUES (118,10,1,1,1,'2019-01-03 11:44:18','2019-01-03 14:05:27',0);
INSERT INTO `approvals` VALUES (119,10,89,2,NULL,'2019-01-03 11:44:18','0000-00-00 00:00:00',0);
INSERT INTO `approvals` VALUES (120,10,64,3,NULL,'2019-01-03 11:44:18','0000-00-00 00:00:00',0);
INSERT INTO `approvals` VALUES (121,10,77,5,NULL,'2019-01-03 11:44:18','0000-00-00 00:00:00',0);
INSERT INTO `approvals` VALUES (122,10,67,4,NULL,'2019-01-03 11:44:18','0000-00-00 00:00:00',0);
INSERT INTO `approvals` VALUES (123,10,66,6,NULL,'2019-01-03 11:44:18','0000-00-00 00:00:00',0);
INSERT INTO `approvals` VALUES (124,10,61,7,NULL,'2019-01-03 11:44:18','0000-00-00 00:00:00',0);
INSERT INTO `approvals` VALUES (125,10,87,8,NULL,'2019-01-03 11:44:18','0000-00-00 00:00:00',0);
INSERT INTO `approvals` VALUES (126,10,86,9,NULL,'2019-01-03 11:44:18','0000-00-00 00:00:00',0);
INSERT INTO `approvals` VALUES (127,10,88,10,NULL,'2019-01-03 11:44:18','0000-00-00 00:00:00',0);
INSERT INTO `approvals` VALUES (128,10,2,11,NULL,'2019-01-03 11:44:18','0000-00-00 00:00:00',0);
INSERT INTO `approvals` VALUES (129,10,2,11,NULL,'2019-01-03 11:44:18','0000-00-00 00:00:00',0);
INSERT INTO `approvals` VALUES (130,10,68,13,NULL,'2019-01-03 11:44:18','0000-00-00 00:00:00',0);
INSERT INTO `approvals` VALUES (131,11,1,1,0,'2019-01-04 12:14:40','2019-01-04 12:52:53',0);
INSERT INTO `approvals` VALUES (132,11,89,2,NULL,'2019-01-04 12:14:40','0000-00-00 00:00:00',0);
INSERT INTO `approvals` VALUES (133,11,64,3,NULL,'2019-01-04 12:14:40','0000-00-00 00:00:00',0);
INSERT INTO `approvals` VALUES (134,11,77,5,NULL,'2019-01-04 12:14:40','0000-00-00 00:00:00',0);
INSERT INTO `approvals` VALUES (135,11,67,4,NULL,'2019-01-04 12:14:40','0000-00-00 00:00:00',0);
INSERT INTO `approvals` VALUES (136,11,66,6,NULL,'2019-01-04 12:14:40','0000-00-00 00:00:00',0);
INSERT INTO `approvals` VALUES (137,11,61,7,NULL,'2019-01-04 12:14:40','0000-00-00 00:00:00',0);
INSERT INTO `approvals` VALUES (138,11,87,8,NULL,'2019-01-04 12:14:40','0000-00-00 00:00:00',0);
INSERT INTO `approvals` VALUES (139,11,86,9,NULL,'2019-01-04 12:14:40','0000-00-00 00:00:00',0);
INSERT INTO `approvals` VALUES (140,11,88,10,NULL,'2019-01-04 12:14:40','0000-00-00 00:00:00',0);
INSERT INTO `approvals` VALUES (141,11,2,11,NULL,'2019-01-04 12:14:40','0000-00-00 00:00:00',0);
INSERT INTO `approvals` VALUES (142,11,2,11,NULL,'2019-01-04 12:14:40','0000-00-00 00:00:00',0);
INSERT INTO `approvals` VALUES (143,11,2,11,NULL,'2019-01-04 12:14:40','0000-00-00 00:00:00',0);
INSERT INTO `approvals` VALUES (144,12,1,1,1,'2019-01-04 13:23:22','2019-01-04 13:24:16',0);
INSERT INTO `approvals` VALUES (145,12,89,2,NULL,'2019-01-04 13:23:22','0000-00-00 00:00:00',0);
INSERT INTO `approvals` VALUES (146,12,64,3,NULL,'2019-01-04 13:23:22','0000-00-00 00:00:00',0);
INSERT INTO `approvals` VALUES (147,12,77,5,NULL,'2019-01-04 13:23:22','0000-00-00 00:00:00',0);
INSERT INTO `approvals` VALUES (148,12,67,4,NULL,'2019-01-04 13:23:22','0000-00-00 00:00:00',0);
INSERT INTO `approvals` VALUES (149,12,66,6,NULL,'2019-01-04 13:23:22','0000-00-00 00:00:00',0);
INSERT INTO `approvals` VALUES (150,12,61,7,NULL,'2019-01-04 13:23:22','0000-00-00 00:00:00',0);
INSERT INTO `approvals` VALUES (151,12,87,8,NULL,'2019-01-04 13:23:22','0000-00-00 00:00:00',0);
INSERT INTO `approvals` VALUES (152,12,86,9,NULL,'2019-01-04 13:23:22','0000-00-00 00:00:00',0);
INSERT INTO `approvals` VALUES (153,12,88,10,NULL,'2019-01-04 13:23:22','0000-00-00 00:00:00',0);
INSERT INTO `approvals` VALUES (154,12,95,22,NULL,'2019-01-04 13:23:22','0000-00-00 00:00:00',0);
INSERT INTO `approvals` VALUES (155,12,2,11,NULL,'2019-01-04 13:23:22','0000-00-00 00:00:00',0);
INSERT INTO `approvals` VALUES (156,12,2,11,NULL,'2019-01-04 13:23:22','0000-00-00 00:00:00',0);
INSERT INTO `approvals` VALUES (157,13,1,1,1,'2019-01-05 11:38:18','2019-01-05 18:53:40',0);
INSERT INTO `approvals` VALUES (158,13,89,2,NULL,'2019-01-05 11:38:18','0000-00-00 00:00:00',0);
INSERT INTO `approvals` VALUES (159,13,64,3,NULL,'2019-01-05 11:38:18','0000-00-00 00:00:00',0);
INSERT INTO `approvals` VALUES (160,13,77,5,NULL,'2019-01-05 11:38:18','0000-00-00 00:00:00',0);
INSERT INTO `approvals` VALUES (161,13,67,4,NULL,'2019-01-05 11:38:18','0000-00-00 00:00:00',0);
INSERT INTO `approvals` VALUES (162,13,66,6,NULL,'2019-01-05 11:38:18','0000-00-00 00:00:00',0);
INSERT INTO `approvals` VALUES (163,13,61,7,NULL,'2019-01-05 11:38:18','0000-00-00 00:00:00',0);
INSERT INTO `approvals` VALUES (164,13,87,8,NULL,'2019-01-05 11:38:18','0000-00-00 00:00:00',0);
INSERT INTO `approvals` VALUES (165,13,86,9,NULL,'2019-01-05 11:38:18','0000-00-00 00:00:00',0);
INSERT INTO `approvals` VALUES (166,13,88,10,NULL,'2019-01-05 11:38:18','0000-00-00 00:00:00',0);
INSERT INTO `approvals` VALUES (167,13,95,22,NULL,'2019-01-05 11:38:18','0000-00-00 00:00:00',0);
INSERT INTO `approvals` VALUES (168,13,2,11,NULL,'2019-01-05 11:38:18','0000-00-00 00:00:00',0);
INSERT INTO `approvals` VALUES (169,13,94,21,NULL,'2019-01-05 11:38:18','0000-00-00 00:00:00',0);
INSERT INTO `approvals` VALUES (170,14,1,1,NULL,'2019-01-05 11:52:07','0000-00-00 00:00:00',0);
INSERT INTO `approvals` VALUES (171,14,89,2,NULL,'2019-01-05 11:52:07','0000-00-00 00:00:00',0);
INSERT INTO `approvals` VALUES (172,14,64,3,NULL,'2019-01-05 11:52:07','0000-00-00 00:00:00',0);
INSERT INTO `approvals` VALUES (173,14,77,5,NULL,'2019-01-05 11:52:07','0000-00-00 00:00:00',0);
INSERT INTO `approvals` VALUES (174,14,67,4,NULL,'2019-01-05 11:52:07','0000-00-00 00:00:00',0);
INSERT INTO `approvals` VALUES (175,14,66,6,NULL,'2019-01-05 11:52:07','0000-00-00 00:00:00',0);
INSERT INTO `approvals` VALUES (176,14,61,7,NULL,'2019-01-05 11:52:07','0000-00-00 00:00:00',0);
INSERT INTO `approvals` VALUES (177,14,87,8,NULL,'2019-01-05 11:52:07','0000-00-00 00:00:00',0);
INSERT INTO `approvals` VALUES (178,14,86,9,NULL,'2019-01-05 11:52:07','0000-00-00 00:00:00',0);
INSERT INTO `approvals` VALUES (179,14,88,10,NULL,'2019-01-05 11:52:07','0000-00-00 00:00:00',0);
INSERT INTO `approvals` VALUES (180,14,95,22,NULL,'2019-01-05 11:52:07','0000-00-00 00:00:00',0);
INSERT INTO `approvals` VALUES (181,14,2,11,NULL,'2019-01-05 11:52:07','0000-00-00 00:00:00',0);
INSERT INTO `approvals` VALUES (182,14,93,20,NULL,'2019-01-05 11:52:07','0000-00-00 00:00:00',0);
INSERT INTO `approvals` VALUES (183,15,1,1,NULL,'2019-01-05 12:33:33','0000-00-00 00:00:00',0);
INSERT INTO `approvals` VALUES (184,15,89,2,NULL,'2019-01-05 12:33:33','0000-00-00 00:00:00',0);
INSERT INTO `approvals` VALUES (185,15,64,3,NULL,'2019-01-05 12:33:33','0000-00-00 00:00:00',0);
INSERT INTO `approvals` VALUES (186,15,77,5,NULL,'2019-01-05 12:33:33','0000-00-00 00:00:00',0);
INSERT INTO `approvals` VALUES (187,15,67,4,NULL,'2019-01-05 12:33:33','0000-00-00 00:00:00',0);
INSERT INTO `approvals` VALUES (188,15,66,6,NULL,'2019-01-05 12:33:33','0000-00-00 00:00:00',0);
INSERT INTO `approvals` VALUES (189,15,61,7,NULL,'2019-01-05 12:33:33','0000-00-00 00:00:00',0);
INSERT INTO `approvals` VALUES (190,15,87,8,NULL,'2019-01-05 12:33:33','0000-00-00 00:00:00',0);
INSERT INTO `approvals` VALUES (191,15,86,9,NULL,'2019-01-05 12:33:33','0000-00-00 00:00:00',0);
INSERT INTO `approvals` VALUES (192,15,88,10,NULL,'2019-01-05 12:33:33','0000-00-00 00:00:00',0);
INSERT INTO `approvals` VALUES (193,15,95,22,NULL,'2019-01-05 12:33:33','0000-00-00 00:00:00',0);
INSERT INTO `approvals` VALUES (194,15,2,11,NULL,'2019-01-05 12:33:33','0000-00-00 00:00:00',0);
INSERT INTO `approvals` VALUES (195,15,94,21,NULL,'2019-01-05 12:33:33','0000-00-00 00:00:00',0);
INSERT INTO `approvals` VALUES (196,16,1,1,NULL,'2019-01-05 12:34:47','0000-00-00 00:00:00',0);
INSERT INTO `approvals` VALUES (197,16,89,2,NULL,'2019-01-05 12:34:47','0000-00-00 00:00:00',0);
INSERT INTO `approvals` VALUES (198,16,64,3,NULL,'2019-01-05 12:34:47','0000-00-00 00:00:00',0);
INSERT INTO `approvals` VALUES (199,16,77,5,NULL,'2019-01-05 12:34:47','0000-00-00 00:00:00',0);
INSERT INTO `approvals` VALUES (200,16,67,4,NULL,'2019-01-05 12:34:47','0000-00-00 00:00:00',0);
INSERT INTO `approvals` VALUES (201,16,66,6,NULL,'2019-01-05 12:34:47','0000-00-00 00:00:00',0);
INSERT INTO `approvals` VALUES (202,16,61,7,NULL,'2019-01-05 12:34:47','0000-00-00 00:00:00',0);
INSERT INTO `approvals` VALUES (203,16,87,8,NULL,'2019-01-05 12:34:47','0000-00-00 00:00:00',0);
INSERT INTO `approvals` VALUES (204,16,86,9,NULL,'2019-01-05 12:34:47','0000-00-00 00:00:00',0);
INSERT INTO `approvals` VALUES (205,16,88,10,NULL,'2019-01-05 12:34:47','0000-00-00 00:00:00',0);
INSERT INTO `approvals` VALUES (206,16,95,22,NULL,'2019-01-05 12:34:47','0000-00-00 00:00:00',0);
INSERT INTO `approvals` VALUES (207,16,2,11,NULL,'2019-01-05 12:34:47','0000-00-00 00:00:00',0);
INSERT INTO `approvals` VALUES (208,16,2,11,NULL,'2019-01-05 12:34:47','0000-00-00 00:00:00',0);
INSERT INTO `approvals` VALUES (209,17,1,1,NULL,'2019-01-05 12:39:00','0000-00-00 00:00:00',0);
INSERT INTO `approvals` VALUES (210,17,89,2,NULL,'2019-01-05 12:39:00','0000-00-00 00:00:00',0);
INSERT INTO `approvals` VALUES (211,17,64,3,NULL,'2019-01-05 12:39:00','0000-00-00 00:00:00',0);
INSERT INTO `approvals` VALUES (212,17,77,5,NULL,'2019-01-05 12:39:00','0000-00-00 00:00:00',0);
INSERT INTO `approvals` VALUES (213,17,67,4,NULL,'2019-01-05 12:39:00','0000-00-00 00:00:00',0);
INSERT INTO `approvals` VALUES (214,17,66,6,NULL,'2019-01-05 12:39:00','0000-00-00 00:00:00',0);
INSERT INTO `approvals` VALUES (215,17,61,7,NULL,'2019-01-05 12:39:00','0000-00-00 00:00:00',0);
INSERT INTO `approvals` VALUES (216,17,87,8,NULL,'2019-01-05 12:39:00','0000-00-00 00:00:00',0);
INSERT INTO `approvals` VALUES (217,17,86,9,NULL,'2019-01-05 12:39:00','0000-00-00 00:00:00',0);
INSERT INTO `approvals` VALUES (218,17,88,10,NULL,'2019-01-05 12:39:00','0000-00-00 00:00:00',0);
INSERT INTO `approvals` VALUES (219,17,95,22,NULL,'2019-01-05 12:39:00','0000-00-00 00:00:00',0);
INSERT INTO `approvals` VALUES (220,17,2,11,NULL,'2019-01-05 12:39:00','0000-00-00 00:00:00',0);
INSERT INTO `approvals` VALUES (221,17,2,11,NULL,'2019-01-05 12:39:00','0000-00-00 00:00:00',0);
INSERT INTO `approvals` VALUES (222,18,64,3,NULL,'2019-01-07 11:16:05','0000-00-00 00:00:00',0);
INSERT INTO `approvals` VALUES (223,18,95,22,NULL,'2019-01-07 11:16:05','0000-00-00 00:00:00',0);
INSERT INTO `approvals` VALUES (224,18,2,11,NULL,'2019-01-07 11:16:05','0000-00-00 00:00:00',0);
INSERT INTO `approvals` VALUES (225,18,2,11,NULL,'2019-01-07 11:16:05','0000-00-00 00:00:00',0);
INSERT INTO `approvals` VALUES (226,19,1,1,NULL,'2019-01-07 11:36:53','0000-00-00 00:00:00',0);
INSERT INTO `approvals` VALUES (227,19,89,2,NULL,'2019-01-07 11:36:53','0000-00-00 00:00:00',0);
INSERT INTO `approvals` VALUES (228,19,64,3,NULL,'2019-01-07 11:36:53','0000-00-00 00:00:00',0);
INSERT INTO `approvals` VALUES (229,19,77,5,NULL,'2019-01-07 11:36:53','0000-00-00 00:00:00',0);
INSERT INTO `approvals` VALUES (230,19,67,4,NULL,'2019-01-07 11:36:53','0000-00-00 00:00:00',0);
INSERT INTO `approvals` VALUES (231,19,66,6,NULL,'2019-01-07 11:36:53','0000-00-00 00:00:00',0);
INSERT INTO `approvals` VALUES (232,19,61,7,NULL,'2019-01-07 11:36:53','0000-00-00 00:00:00',0);
INSERT INTO `approvals` VALUES (233,19,87,8,NULL,'2019-01-07 11:36:53','0000-00-00 00:00:00',0);
INSERT INTO `approvals` VALUES (234,19,86,9,NULL,'2019-01-07 11:36:53','0000-00-00 00:00:00',0);
INSERT INTO `approvals` VALUES (235,19,88,10,NULL,'2019-01-07 11:36:53','0000-00-00 00:00:00',0);
INSERT INTO `approvals` VALUES (236,19,95,22,NULL,'2019-01-07 11:36:53','0000-00-00 00:00:00',0);
INSERT INTO `approvals` VALUES (237,19,2,11,NULL,'2019-01-07 11:36:53','0000-00-00 00:00:00',0);
INSERT INTO `approvals` VALUES (238,19,2,11,NULL,'2019-01-07 11:36:53','0000-00-00 00:00:00',0);
UNLOCK TABLES;

-- Table structure for table `archives`

DROP TABLE IF EXISTS `archives`;
CREATE TABLE `archives` (
  `archive_id` int(11) NOT NULL AUTO_INCREMENT,
  `archive_name` varchar(100) NOT NULL,
  `directory` varchar(100) NOT NULL,
  `created_at` timestamp NOT NULL DEFAULT CURRENT_TIMESTAMP,
  `updated_at` timestamp NOT NULL DEFAULT '0000-00-00 00:00:00' ON UPDATE CURRENT_TIMESTAMP,
  `removed` tinyint(4) NOT NULL DEFAULT '0',
  PRIMARY KEY (`archive_id`)
) ENGINE=InnoDB DEFAULT CHARSET=latin1;

-- Dumping data for table `archives`

LOCK TABLES `archives` WRITE;
UNLOCK TABLES;

-- Table structure for table `attendance`

DROP TABLE IF EXISTS `attendance`;
CREATE TABLE `attendance` (
  `attendance_id` int(11) NOT NULL AUTO_INCREMENT,
  `event_id` int(11) NOT NULL,
  `morning_in` time NOT NULL,
  `morning_out` time NOT NULL,
  `afternoon_in` time NOT NULL,
  `afternoon_out` time NOT NULL,
  `created_at` timestamp NOT NULL DEFAULT CURRENT_TIMESTAMP,
  `updated_at` timestamp NOT NULL DEFAULT '0000-00-00 00:00:00' ON UPDATE CURRENT_TIMESTAMP,
  `removed` tinyint(4) NOT NULL DEFAULT '0',
  PRIMARY KEY (`attendance_id`)
) ENGINE=InnoDB DEFAULT CHARSET=latin1;

-- Dumping data for table `attendance`

LOCK TABLES `attendance` WRITE;
UNLOCK TABLES;

-- Table structure for table `audit_trails`

DROP TABLE IF EXISTS `audit_trails`;
CREATE TABLE `audit_trails` (
  `audit_id` int(11) NOT NULL AUTO_INCREMENT,
  `action` int(50) NOT NULL,
  `table_name` varchar(50) NOT NULL,
  `item_id` int(11) NOT NULL,
  `old_value` varchar(50) NOT NULL,
  `account_id` int(11) NOT NULL,
  `created_at` timestamp NOT NULL DEFAULT CURRENT_TIMESTAMP,
  `updated_at` timestamp NOT NULL DEFAULT '0000-00-00 00:00:00' ON UPDATE CURRENT_TIMESTAMP,
  `removed` tinyint(4) NOT NULL DEFAULT '0',
  PRIMARY KEY (`audit_id`)
) ENGINE=InnoDB DEFAULT CHARSET=latin1;

-- Dumping data for table `audit_trails`

LOCK TABLES `audit_trails` WRITE;
UNLOCK TABLES;

-- Table structure for table `bldg_coordinators`

DROP TABLE IF EXISTS `bldg_coordinators`;
CREATE TABLE `bldg_coordinators` (
  `bldg_coordinator_id` int(11) NOT NULL AUTO_INCREMENT,
  `employees_id` int(11) NOT NULL,
  `venue_id` int(11) NOT NULL,
  `created_at` timestamp NOT NULL DEFAULT CURRENT_TIMESTAMP,
  `updated_at` timestamp NOT NULL DEFAULT '0000-00-00 00:00:00' ON UPDATE CURRENT_TIMESTAMP,
  `removed` tinyint(4) NOT NULL DEFAULT '0',
  PRIMARY KEY (`bldg_coordinator_id`)
) ENGINE=InnoDB AUTO_INCREMENT=15 DEFAULT CHARSET=latin1;

-- Dumping data for table `bldg_coordinators`

LOCK TABLES `bldg_coordinators` WRITE;
INSERT INTO `bldg_coordinators` VALUES (1,2,14,'2018-12-19 18:59:55','2018-12-23 02:01:12',0);
INSERT INTO `bldg_coordinators` VALUES (2,2,2,'2018-12-19 18:59:55','2018-12-19 19:19:48',0);
INSERT INTO `bldg_coordinators` VALUES (3,4,1,'2018-12-22 01:22:05','2018-12-23 02:36:42',1);
INSERT INTO `bldg_coordinators` VALUES (4,1,6,'2018-12-22 01:23:36','0000-00-00 00:00:00',0);
INSERT INTO `bldg_coordinators` VALUES (5,1,7,'2018-12-22 01:24:20','0000-00-00 00:00:00',0);
INSERT INTO `bldg_coordinators` VALUES (6,4,4,'2018-12-22 01:24:55','2018-12-23 02:37:57',1);
INSERT INTO `bldg_coordinators` VALUES (7,4,5,'2018-12-22 17:41:20','2018-12-23 02:39:25',1);
INSERT INTO `bldg_coordinators` VALUES (8,4,3,'2018-12-22 18:07:45','2018-12-23 23:22:15',1);
INSERT INTO `bldg_coordinators` VALUES (9,1,9,'2018-12-22 18:09:31','0000-00-00 00:00:00',0);
INSERT INTO `bldg_coordinators` VALUES (10,4,10,'2018-12-22 18:09:41','2018-12-23 23:22:18',1);
INSERT INTO `bldg_coordinators` VALUES (11,4,15,'2018-12-22 18:32:59','2018-12-23 23:22:21',1);
INSERT INTO `bldg_coordinators` VALUES (12,12,12,'2018-12-22 18:46:51','0000-00-00 00:00:00',0);
INSERT INTO `bldg_coordinators` VALUES (13,12,13,'2018-12-22 21:31:34','0000-00-00 00:00:00',0);
INSERT INTO `bldg_coordinators` VALUES (14,11,8,'2018-12-27 07:59:27','0000-00-00 00:00:00',0);
UNLOCK TABLES;

-- Table structure for table `contacts`

DROP TABLE IF EXISTS `contacts`;
CREATE TABLE `contacts` (
  `contact_id` int(11) NOT NULL AUTO_INCREMENT,
  `user_contact` varchar(20) NOT NULL,
  `emergency_contact` varchar(20) NOT NULL,
  `created_at` timestamp NOT NULL DEFAULT CURRENT_TIMESTAMP,
  `updated_at` timestamp NOT NULL DEFAULT '0000-00-00 00:00:00' ON UPDATE CURRENT_TIMESTAMP,
  `removed` tinyint(4) NOT NULL DEFAULT '0',
  PRIMARY KEY (`contact_id`)
) ENGINE=InnoDB AUTO_INCREMENT=58 DEFAULT CHARSET=latin1;

-- Dumping data for table `contacts`

LOCK TABLES `contacts` WRITE;
INSERT INTO `contacts` VALUES (1,987987,98798798,'2018-10-22 14:16:59','2018-10-27 02:22:47',0);
INSERT INTO `contacts` VALUES (2,654654654,65465456,'2018-10-27 01:01:07','0000-00-00 00:00:00',0);
INSERT INTO `contacts` VALUES (3,'09756603613','0987654321','2018-10-26 15:15:05','0000-00-00 00:00:00',0);
INSERT INTO `contacts` VALUES (4,9080980,9809809,'2018-10-26 15:42:10','2018-10-28 13:39:30',0);
INSERT INTO `contacts` VALUES (5,'09234554321','09234587654','2018-10-26 15:42:10','0000-00-00 00:00:00',0);
INSERT INTO `contacts` VALUES (6,56465,546546,'2018-11-02 13:56:18','0000-00-00 00:00:00',0);
INSERT INTO `contacts` VALUES (7,987,9879,'2018-11-02 16:37:29','0000-00-00 00:00:00',0);
INSERT INTO `contacts` VALUES (8,7987,97987,'2018-11-02 16:39:18','0000-00-00 00:00:00',0);
INSERT INTO `contacts` VALUES (9,'09264566783',465465,'2018-11-02 17:20:17','0000-00-00 00:00:00',0);
INSERT INTO `contacts` VALUES (10,'09264566783',65464654,'2018-11-02 17:21:16','0000-00-00 00:00:00',0);
INSERT INTO `contacts` VALUES (11,'09264566783',654654,'2018-11-02 17:27:01','0000-00-00 00:00:00',0);
INSERT INTO `contacts` VALUES (12,'09264566783',654654,'2018-11-02 17:27:15','0000-00-00 00:00:00',0);
INSERT INTO `contacts` VALUES (13,'09264566783','','2018-11-02 17:30:30','0000-00-00 00:00:00',0);
INSERT INTO `contacts` VALUES (14,'09264566783','','2018-11-02 17:38:43','0000-00-00 00:00:00',0);
INSERT INTO `contacts` VALUES (15,'09264566783','','2018-11-02 17:39:59','0000-00-00 00:00:00',0);
INSERT INTO `contacts` VALUES (16,'09264566783',79,'2018-11-02 17:41:10','0000-00-00 00:00:00',0);
INSERT INTO `contacts` VALUES (17,'09264566783',56465,'2018-11-02 17:42:09','0000-00-00 00:00:00',0);
INSERT INTO `contacts` VALUES (18,'09264566783',56465,'2018-11-02 17:43:18','0000-00-00 00:00:00',0);
INSERT INTO `contacts` VALUES (19,'09264566783','','2018-11-02 17:44:33','0000-00-00 00:00:00',0);
INSERT INTO `contacts` VALUES (20,'09264566783','','2018-11-02 17:47:39','0000-00-00 00:00:00',0);
INSERT INTO `contacts` VALUES (21,'09264566783',564654,'2018-11-02 17:49:23','0000-00-00 00:00:00',0);
INSERT INTO `contacts` VALUES (22,'09264566783','','2018-11-02 17:50:55','0000-00-00 00:00:00',0);
INSERT INTO `contacts` VALUES (23,'09264566783','','2018-11-02 17:52:43','0000-00-00 00:00:00',0);
INSERT INTO `contacts` VALUES (24,123,1123,'2018-11-02 18:03:15','0000-00-00 00:00:00',0);
INSERT INTO `contacts` VALUES (25,798,798,'2018-11-02 18:04:30','0000-00-00 00:00:00',0);
INSERT INTO `contacts` VALUES (26,'09264566783',546,'2018-11-02 18:06:52','2018-11-02 18:19:34',0);
INSERT INTO `contacts` VALUES (27,'09264566783','','2018-11-02 22:56:56','0000-00-00 00:00:00',0);
INSERT INTO `contacts` VALUES (28,'09264566783',9879,'2018-11-02 23:04:35','0000-00-00 00:00:00',0);
INSERT INTO `contacts` VALUES (29,'09675066571',6464,'2018-11-03 21:37:18','0000-00-00 00:00:00',0);
INSERT INTO `contacts` VALUES (30,'09451450602',65132132,'2018-11-03 21:55:31','0000-00-00 00:00:00',0);
INSERT INTO `contacts` VALUES (31,'09264566783','6546465465','2018-11-07 17:17:58','0000-00-00 00:00:00',0);
INSERT INTO `contacts` VALUES (32,'09264566783','','2018-11-07 17:21:37','0000-00-00 00:00:00',0);
INSERT INTO `contacts` VALUES (33,'09264566783','','2018-11-23 23:22:40','0000-00-00 00:00:00',0);
INSERT INTO `contacts` VALUES (34,123,123,'2018-11-24 00:13:59','0000-00-00 00:00:00',0);
INSERT INTO `contacts` VALUES (35,123,123,'2018-11-24 00:36:36','0000-00-00 00:00:00',0);
INSERT INTO `contacts` VALUES (36,'09264566783','','2018-11-24 00:48:03','0000-00-00 00:00:00',0);
INSERT INTO `contacts` VALUES (37,'09264566783',654,'2018-11-24 01:04:19','0000-00-00 00:00:00',0);
INSERT INTO `contacts` VALUES (38,'09264566783','','2018-11-24 10:48:03','0000-00-00 00:00:00',0);
INSERT INTO `contacts` VALUES (39,'098765431','09876534567','2018-11-27 14:07:47','0000-00-00 00:00:00',0);
INSERT INTO `contacts` VALUES (40,'09264566783','09264566783','2018-11-27 15:33:28','0000-00-00 00:00:00',0);
INSERT INTO `contacts` VALUES (41,'09264566783','09264566783','2018-11-28 05:37:18','0000-00-00 00:00:00',0);
INSERT INTO `contacts` VALUES (42,'09264566783',567890,'2018-11-28 05:48:54','0000-00-00 00:00:00',0);
INSERT INTO `contacts` VALUES (43,'09675066571','09876542347','2018-11-28 09:58:05','0000-00-00 00:00:00',0);
INSERT INTO `contacts` VALUES (44,'09675066571','98765423457','2018-11-28 10:06:55','0000-00-00 00:00:00',0);
INSERT INTO `contacts` VALUES (45,'09264566783','','2018-11-28 11:39:59','0000-00-00 00:00:00',0);
INSERT INTO `contacts` VALUES (46,'09264566783',567,'2018-11-28 11:41:38','0000-00-00 00:00:00',0);
INSERT INTO `contacts` VALUES (47,'09264566783',5678,'2018-11-28 13:00:01','0000-00-00 00:00:00',0);
INSERT INTO `contacts` VALUES (48,'09264566783',76,'2018-11-28 13:03:29','0000-00-00 00:00:00',0);
INSERT INTO `contacts` VALUES (49,'09269187',98798,'2018-11-28 13:08:53','0000-00-00 00:00:00',0);
INSERT INTO `contacts` VALUES (50,'09264566783',5678,'2018-11-28 13:43:55','0000-00-00 00:00:00',0);
INSERT INTO `contacts` VALUES (51,'09757591802','09757591802','2018-11-29 10:18:40','0000-00-00 00:00:00',0);
INSERT INTO `contacts` VALUES (52,'09554210264','09554210264','2018-11-29 13:58:25','0000-00-00 00:00:00',0);
INSERT INTO `contacts` VALUES (53,'09554210264','09554210264','2018-11-29 14:30:57','0000-00-00 00:00:00',0);
INSERT INTO `contacts` VALUES (54,'09264566783','09264566783','2018-12-18 17:35:09','0000-00-00 00:00:00',0);
INSERT INTO `contacts` VALUES (55,'09264566783','09264566783','2018-12-18 17:38:58','0000-00-00 00:00:00',0);
INSERT INTO `contacts` VALUES (56,3123,123,'2018-12-18 20:44:12','0000-00-00 00:00:00',0);
INSERT INTO `contacts` VALUES (57,'09264566783',654,'2018-12-30 02:35:18','0000-00-00 00:00:00',0);
UNLOCK TABLES;

-- Table structure for table `courses`

DROP TABLE IF EXISTS `courses`;
CREATE TABLE `courses` (
  `course_id` int(11) NOT NULL AUTO_INCREMENT,
  `course` varchar(50) NOT NULL,
  `organization` varchar(50) NOT NULL,
  `department_id` int(11) NOT NULL,
  `created_at` timestamp NOT NULL DEFAULT CURRENT_TIMESTAMP,
  `updated_at` timestamp NOT NULL DEFAULT '0000-00-00 00:00:00' ON UPDATE CURRENT_TIMESTAMP,
  `removed` tinyint(4) DEFAULT '0',
  PRIMARY KEY (`course_id`)
) ENGINE=InnoDB AUTO_INCREMENT=17 DEFAULT CHARSET=latin1;

-- Dumping data for table `courses`

LOCK TABLES `courses` WRITE;
INSERT INTO `courses` VALUES (1,'Bachelor of Science in Informations Technologies','DIGITS',1,'2018-10-22 13:30:07','2018-12-25 08:35:14',0);
INSERT INTO `courses` VALUES (2,'Bachelor of Secondary Education','Mapeh Circle',2,'2018-10-26 11:47:38','2018-10-26 14:49:47',0);
INSERT INTO `courses` VALUES (3,'Bachelor of Elementary Education','Circle of Future Educators',2,'2018-10-26 11:47:38','2018-10-26 14:50:34',0);
INSERT INTO `courses` VALUES (4,'Bachelor of Arts in Communication','',1,'2018-10-26 11:59:19','0000-00-00 00:00:00',0);
INSERT INTO `courses` VALUES (5,'Bachelor of Science in Mathematics','',1,'2018-10-26 11:59:19','0000-00-00 00:00:00',0);
INSERT INTO `courses` VALUES (6,'Bachelor of Arts in Political Science','',1,'2018-10-26 12:12:17','0000-00-00 00:00:00',0);
INSERT INTO `courses` VALUES (7,'Bachelor of Arts in English','',1,'2018-10-26 12:12:17','2018-11-07 23:25:04',1);
INSERT INTO `courses` VALUES (8,'Bachelor of Science in Social Work','',1,'2018-10-26 12:14:58','0000-00-00 00:00:00',0);
INSERT INTO `courses` VALUES (9,'Bachelor of Science in Biology','',1,'2018-10-26 12:14:58','0000-00-00 00:00:00',0);
INSERT INTO `courses` VALUES (10,'BLIS','',1,'2018-10-26 12:22:02','2018-11-07 23:25:34',1);
INSERT INTO `courses` VALUES (11,'Bachelor of Science in Home Arts Entrepreneurship','',3,'2018-10-26 12:22:02','2018-11-19 18:59:07',0);
INSERT INTO `courses` VALUES (12,'Bachelor of Science in Tourism Hotel & Restaurant','Tourism Circle',3,'2018-10-26 12:22:17','2018-10-26 12:35:21',0);
INSERT INTO `courses` VALUES (13,'BSIT','DIGITS',1,'2018-11-08 16:07:55','2018-11-08 16:09:20',1);
INSERT INTO `courses` VALUES (14,'BSIT','DIGITS',1,'2018-11-08 16:08:24','2018-11-08 16:09:22',1);
INSERT INTO `courses` VALUES (15,'bsit','ASDF',1,'2018-11-08 16:09:34','2018-11-08 16:10:25',1);
INSERT INTO `courses` VALUES (16,'ASDF','ASDF',1,'2018-11-08 16:10:19','2018-11-08 16:10:26',1);
UNLOCK TABLES;

-- Table structure for table `departments`

DROP TABLE IF EXISTS `departments`;
CREATE TABLE `departments` (
  `department_id` int(11) NOT NULL AUTO_INCREMENT,
  `department` varchar(50) NOT NULL,
  `created_at` timestamp NOT NULL DEFAULT CURRENT_TIMESTAMP,
  `updated_at` timestamp NOT NULL DEFAULT '0000-00-00 00:00:00' ON UPDATE CURRENT_TIMESTAMP,
  `removed` tinyint(4) NOT NULL DEFAULT '0',
  PRIMARY KEY (`department_id`)
) ENGINE=InnoDB AUTO_INCREMENT=10 DEFAULT CHARSET=latin1;

-- Dumping data for table `departments`

LOCK TABLES `departments` WRITE;
INSERT INTO `departments` VALUES (1,'College of Arts and Sciences','2018-10-22 13:27:55','2018-11-08 17:01:18',0);
INSERT INTO `departments` VALUES (2,'College Of Education','2018-10-22 13:28:02','2018-11-24 13:49:39',0);
INSERT INTO `departments` VALUES (3,'College of Management and Entrepreneurship','2018-10-22 13:28:15','0000-00-00 00:00:00',0);
INSERT INTO `departments` VALUES (4,'College of Maths','2018-11-08 16:23:44','2018-11-08 17:06:31',1);
INSERT INTO `departments` VALUES (5,'asdfasdf','2018-11-08 16:24:07','2018-11-08 17:06:29',1);
INSERT INTO `departments` VALUES (6,'asdf','2018-11-08 16:24:11','2018-11-08 17:06:27',1);
INSERT INTO `departments` VALUES (7,'asd','2018-11-08 16:24:30','2018-11-08 17:06:25',1);
INSERT INTO `departments` VALUES (8,'asdfasdfd','2018-11-08 16:24:54','2018-11-08 17:06:23',1);
INSERT INTO `departments` VALUES (9,'asdfasdfddsadasdasd','2018-11-08 16:24:58','2018-11-08 17:06:21',1);
UNLOCK TABLES;

-- Table structure for table `employees`

DROP TABLE IF EXISTS `employees`;
CREATE TABLE `employees` (
  `employees_id` int(11) NOT NULL AUTO_INCREMENT,
  `employee_id` int(11) NOT NULL,
  `name_id` int(11) NOT NULL,
  `position_id` int(11) NOT NULL,
  `contact_id` int(11) NOT NULL,
  `account_id` int(11) NOT NULL,
  `gender` varchar(1) NOT NULL,
  `signature` mediumtext NOT NULL,
  `created_at` timestamp NOT NULL DEFAULT CURRENT_TIMESTAMP,
  `updated_at` timestamp NOT NULL DEFAULT '0000-00-00 00:00:00' ON UPDATE CURRENT_TIMESTAMP,
  PRIMARY KEY (`employees_id`)
) ENGINE=InnoDB AUTO_INCREMENT=14 DEFAULT CHARSET=latin1;

-- Dumping data for table `employees`

LOCK TABLES `employees` WRITE;
INSERT INTO `employees` VALUES (1,123456,2,11,1,2,'M','OTdLclRhOXd4Q3MxU2wrNHMyTGxtcXVkTDZSKzBLWTJFRlVvZUpDTHJFSitrWnpSazE5eG5yYWZkcEtMWkVPMEJrRVh1RG45eFlXZjVJVFdWKytVVzI2R1JlbXE3bFZFaWg1SmNEY09EcnBhOGJrNWZ4K3huNnVSMktNRmxBTm1pVTgvVGlqa0t3WFE4dG5aLzV3YS96MHZDVmpmYkpDN3FUclZ2L0lxQmR1SlZIYUZwZTZzL2tPWk5vS0tmbUpEYklBaGthak91a1FxMDNaWU13RUtuaDh3eEQ1MDFmU1FjaDNyUER0K1lIR1o2TW5ldU81S3g4bkptZDdKUDE3MWg0UHdac25YQm9KSmhoOGwvNVZTWVN3anp4eWZ6Tnl2ZFlGSmtjRWttTTVsRjl3N1RvK2gyZEltSG1xbCtwaVRwajlDYVFiRldWOVdmTHNsa0VRamlMTUJ0amo2eWYwR1hLQ0I3blVPbll2VVBLTndORjI5WUZiZzhWQWV0eFlhdFJ0NFpZYUFUcnJCNXBwR0hldGs0Y1h4TlllSW1KdlFCK3VJOHdITGRIVUxiRURkd0VxQ2I2dXNKV2xLd1VJb3JvVElYbWorelMyWGgxa0RIRDVFcVdRdTdqNml6ckdvL3luT3dJZEIxK1gvTHBxK3pFc01wS3RNRy9jSXFHM1VmSW8zMTdKdS9zOVZ3SGNaa1BSN1FaUWZZR3ZFcFNsT1JzYjBaa29CS20vT0dSMGpPODV6NXBGbkJlUWRmWkczdXl5cDlYNm9xclBkYVljVThPZ0Z2a1lXcjdwNE04VWVJcXRVSUwvSEhRVDJLYXVmU2xiLzlJNjYzcFdJTDVodktVcXNJTXpQU3k0VkxjQzhBbXN5ck5vUkxtNXVmRmREV0k1TW9xc0lTTTZBb0hTS2tyUXVRdUhSdXJtSXdwUUMzRVhHQUVyQVFoSURvcUVVQkVtYWo5d3U2cGJWQmpWSy9UU0pHcEdsMjQ2OTFibUFkdHFEL1g3UVdJR1oyVUs3bVFueVFnZUlhY09jcC8rNjdTYXRCZHkwZGpIRDdBRkloWG4rZDAvOERKQ2tQNmRNOEVueFI3NmxMNkwyOWpMK2pQdkNTaFN1OGpaK3h4TmZKUy8xaGcyaHhNRzVGQ2YrSkpzUEdiNXZiWWNLcVNvY3dGK2hEVE95NDI2U0JiZW1Bb1JYdUN4TjZTbmREMXZwZEh5Ri9OR3dWU3g3Rld1OEc2aGpKL3dHTTVHV2VuQjgzTWFTblRWY3FCcFRqTis2VWtZZ21VODFFTGlYV0xEUFFuQnFycnlBRWRQY0VaYTRFN1o0VFF5MkRuV3FvU1BSYXBOa1NtZ0V3RlpPblJPcWJEb2o5OXNOVmJLYTFEUURuQnJOdXljSFNUazU1Z3h0eDh3YWozREJUTmhaR0tHRXR5ODJCQXBLK2xidGhiMUlGcmNETEZLK1B6elgzbDZnb0dPNE9UcHpFbHBiYS9BY2pPZnAxMXRQejhqc3BWdE94YkdXRmpSLzYvMmIxMFNyL0YwbXl1MDNjdnZjQzV1RkovcHZwamsxNklBUUNzdzdLK1p0UkRUN3A5Uk5ML2xYTnNYbm0xbkxSVjBPdktBUGdWaW9uUE1Vbkg0K1dXbW95a3Vabk1pVzhaTk0wV2s0dHZzNjRYZE5zMFdwUVpUKyt0dllNc3BSeWI0Y2hxVVFpcFJHWGNiYTN3anRuOUt5NU93TXViR1RXTVZjWGZkU0QwdTlZUHpXRTBhTzQ5TFFvU2IwWnNQWGFSSFdOcFJFT0NzSW82c0Jabm9VY2VvZlEvdi9nQitCdTZuYVNrRVdyVFhLV3dSRGZYa2ZKb2Uya3lYTWNGMmJyUmJuZzArTWg0OG0rVDFWY0tIMFZKVFFhUCtvcndkS2pLczc1VllDeENGMi9ZZzVzR0xpbUFPdTNVbXY5MTlTUG9xeHgwNm42dWlqakNwb1RlaUxQTVVTLzdHV0dQVDJRc0hXcnp3aldSaWZpd0tFRHdrTFp3NXcxMHcxc014MStKY3I0dTcvYlRSQzJEbVRMS3BkTkZBcWRqWDR3MGlqQjgzb1dSRU9mWG1Xam1oYStQNWl5dUZiTDZuWU1Ramx5TVUzcHg5SkxmY0JQT05JV3JBcHlRdzZNSWJwdzZaVXNFZGNrcjg1RVgxN0xqd3FEd2ZlT2RTUnEvN3ovWGxmZzR5M1o2YXZkMGltWnVDVWE5WmdBenZpeEtkcG9JTkk4UEk1akY0WlUzQngwUEtJWUN0MUx5V2k3VHNQOFRnSTFteEo1bXEzRHExZ2dudFRkRTJZMk80Ty9QQUJtc3pSOEFZdERHNkFvQVI2TFVLQWN5OFlkbURycU1reitJTWxEOGxiWkFITGNrYk5VVkVsZHd6Q1c3a1FMeGFNWEJRV2dOQkhwa3o0cVFYNVRycWo3Z2kyNVdiMnBpejFzRnRMNTBNWlVmaHlYVWRHSEp2d1plbHh2cUhEUVFNODlwMmkwYllpMjJSaTFNcXlJMTJuWS9aZTBlNGJtNHJhb0VKd2FGSHpzdWFYenZqQTRCVkQ5akxXZlZVd2NrNXBVOHRvVldrQjlsRzR1NUJERllEMk9aN3NzMlhtdjNXU0Focmw1ekY3M1ZvaGJDOE1qQlVqZFY2K2tOK1RxajZTVmhEREs2QjhqLzRRUE1RdENkZkNrZGR2eXcxNE5KSHRKc0dXT0pqeWFFWUx0VVVTVjhLOS83S2JzdmdyYkdBN3FGaVIxMTV3TlArSEJwdUVHQXVWZmRCWnpabjhBSzFoZkwvazVkZVg1UW0zK0hQb2RGWEhreEdUeHNvbEkrdldTeitHQUhLUzlZRHlmN3B5L3kwL3M1dWwrUTRycGVBckYwMWlrR20yNVIyVk1GYU95MWtGZERCb2lIY1FpTmVJWURvbEp1aVRrbjZHZ2VWbkJQYkRRU0ZkeEJOTWNJb01RRk82NVk2Slh3TDh2MEkxT2RUaDRUNWNMUi9lZXhBZmFrcTgyWnZ6R2tObTlFYTQxcU1wTXAwRVpaamhmM3hBV0p1RklZVFhZeElRbFpzZVV1L3Q0ZmdHeDcrdzBwTzQvaHdIa1JoZHo0OWRVMTNEd2dKL0xOMkE0RUZzMjBVYm1ZN3UyR3Fla2FSeXJ2bU1JeThNRmhYcER2YmxsVWZLZEpnQTdUODUwRmRwRFNhbEMrU21URFN6a1BFVmpTTjc5RzMycERyNkhTcSt0VWo3UmhkVldSc0MzcVpXdCtHK25Oc21HdWtPRjZoOFZvUWNBWG9IOUxkL2tYRi9HVVlGRFRTNVdxenh1TGtMOGpJRUVDMEVVTmFjTVdvR0xETnhSYUhDamRKUERBNUphS3BzOFprWlZ3amJuTzY2NVo3ejhNNjNpbXJHTE1iVUFibkl2QVpRaUN4bkNtTHR6bjRUeWMrSFBzT3hNQkpZdDh0VHQ1SEZlU09JbUJJUWNJbmxab2JPTk02ZG5Uak5BUGRkNDZGMUpjQ1lTeWRCeWo3Smp1UEtjMVJVd2k3NXhZbm1vamZ1c3dhV2VCSTlRVGs5QUp4ZWsveTh3eDdMdDZkQ2E5NkJFUkRGWEhiaXNtT0dnTDdleXRWVXhHTXlobXZDaVVOQytTZkNOS081eFByNEFiSWRYWTMvSmZXWVZMbTZpdFlzWStrUEkva2ZHSG5UY0hUZm84NlBSZWtESCtKMDM5ZWEyTUd5TUVEWVd6d2x0VWg2dytNNG1IeXRRVVh0SGNiNTNSQkcxM0hXSjFMLy8wajVVM1JmbWUwc25UQllnRTN4TkNBaDM0Z2U0Wkx0TU04dUZyUWp6eGdrNnBPSVVicDFkdElZKzVHU0djMGVRdUowZFJmNUt5Y1o1UHE0aGg0SHdEa0pHZkZIZ0dIR3lqdXNHc3o5Q2x6b0FQVjQ2NHpYRjA2cEpBOElyb2xqcnA3dUVjQlAxaGY3NUZCb0h5QkFySHgrR1BFNElNWEpPVy9mSlBHV0FYeE9jYXRFR0RuaUZ3enVzbzR5L3Fod01pcUR6TEk2UkVJWVBNbU1EUlAxQ3liN0Q5ZVhwRjZvZk5LN3k3OVA5R3gwUEJrbDlZNzYxWXMrYkNiOTloUGFmS3hiem5RaVZHMDRlbVVQN080dFNML2tZRmlHeE1DaXYra0ZxellsUzZJOTNMVDhqWDdYTERnL3VkVHlQWmVGSnNMQUJKM1hSSzZGM0IvM2lKbThtVE1aVWFZNlBCbUMzTUJTMkc0TkZRaHF4NENWVlBmbitUQXUrY0ZmbmtCNGJXNU1ObWVRcS9JOW9Jak5weTRhWGpGbTRtY1Nyd0hXY3NBRGRUOUIxRGpGc0pQL1lJay9rS2puYXpmR09RcmxoNlZ3NmFmSERRd2ZrK3gzUzFacnZOclREWmZNbm53NXdpMUQ3L1h0a0JwR2VKOWRucXU4cTlZZUtELzJSZUJYQ3BJQzA3eWJXM3huS014ZGpnbXczMk03MlZNcTZlMTBxazBaZjZVS2tDWUpKRHRPalc3MFV5enhOVU51NUJCcGZQL2IvMVQveGdLczdxZjByMEhkMUFTOHh2enM1cXQrbmMwQnN1a0Fkd29Oc3NmZGJYWmRidmFuVk5SaVJoRmYzS3lWekNiM2pYSFNhb1dkR2JQc3dnZ3kyNno0TWs1cjhnQjQzZkRLcjg5UjIrZy81ZTFZbFRyaVdGUlZ0d1lDQWhESElBQkhLZ2hDZnc5RXg4NmJsMzMxYi9yNHF4dHJOT3JrWEc5bWtyVHZ4QkVxeGVENUw5OGZsZlQ1VzQrYVBvcmVaRjNDcTNyWlBGaXEyUTYvT29OTE5IcjdzZUlHZHBzbHN2ZFpVRlBFR0Z0T3JFMjAzbkt1VWJXcldMNUgrMkUzMHdKT2psdEZYTlFvcDJsUjkzMHJiUGZwT3RtY3NVaVdKbWpHTWpmbjRYQmpscGpsRnE3N0FxZ2tkNm5WMU5Bb0YwZzVnWUpzUThMVi9VVzBsdjAwWGI0Z2pnQ1BFeEFKNSsySVRlcVhnYVJVOVJaMlNneW9JYWhUNGdONWxseW5CaE1ydHJoalpXYlpTZWdubTVSSkMzUENlc3QxZ2Zjd3BqdnEwWGkyYVpkcW96ckh3WGtEVWdhd1JOaXpKZWdDT2Ura3JUY29FcmFQQnArR2NUNmRSOXl2NzRnMllveDdvM09jUXg1SHprdjhpWUVVdlpYakY1aFZUY3R2aGZlSVpSUm5KOEdzck9HYklkdmdsbFVYYTdsajlMdlowc1hYYUdic0J6ZDBTR1d6TnkxV1UyR0h1VDlhMktDQXJ3RjdDWnhmTW9FS0VNWEhsZDU1QkZWenJNUXhFRlRQTXA0NmVrREFXM0lGTFlGbzBNZmQvbkFyMlRMWnB2WERVc1YxeUlTREtyTmo0bDBBVGdtSkVXckFvbFo5ZUlaclQrR21uVHBYM0MwY09sQ3BJdnozbVJvTjZIa0hSL0V3dm1aRDVPamRLSGkrRTJtVXdDcGxJVEo0R0FkcFB0Rit6OEg1UHpPNGUrN0N2THdnd21jdzY2SVNERjZ4NHcrdU52a1dsUEE4N3ZIM0xrN1BRMzdOS3MrOUZvcXprMDgyYTR2RFcxWjZ4UWlzb1NRUmE5UDgyREU3eWRmNE5hKzdzc2NOUDZKSXlHOW5qWkV1Wko0c0NrMWlmekU1SVlwQTBaQ0dNSWpIVHpoSTVDdEsxd0VLVXczUEdCSUVqVUF0WmtqWGgxNDVqZUM0bEhwNHhRb08zU2tvTmk3Q05SaTBxclAveDNWTm84dTArUHp6QVU1SGwzdXpUVWdGeUtCckNMelU2ZGlsTjdJNGh1VnhKQk9pSjZMbGlJeVZnY3U2VzRLNlpDQ3FJVEhqSXVxRVdQZHhTb3gweTNtUGRydloveXJ5dTdBeHVHZmZXa2huS0V2dDVUUzJxbUtXRGZDMmdvL21wK3Y5U3hFT3VIOFh2SFc3bFp6bzlqYWJGdWlJYlhyK3YyVEVBVEVVaklML3lyQmQ4NlVUZlR0VDdZejBhMUdhaW9RcEVaR1FzWDRockJBNzNMWjlXMlBTMWxRRUJ1SUNGZzlvQmpzKzBzdTJDdG9vbUZKRkh6TjZNMUlIQ2JhK1JzU0hJN0xZRU5INFIzOGI0NkNwYlhjWGwwdGhTeUtJb0NlZktpSU0yQ1ZBTkdZVVZCSGQ4SjgzT2EwOGMrS0ZsSW9GWTIyaUlVeElNdUREZG02ZnZRc2cxbDRQVWl2ZWpZTGpIMHpEMlNsWTI5YjNUcHpjMm5wMHZWYXMxNCtkZVJSYjJKTmpVQXNKS0pLL0drdWY5c2tXVDF4NDV6RGFMYUxuVlFEZFRIaTRmdTV4VG0yMERrR0J5ZFQxbC8xYzhVa3E5RFZoZm5Ka3FKL3lYMHUrcTRrRU96N0hHR3R3MmRaaHVyN3NZSnBldXdLY2QwbFZFbFc0Q2pLT29NTDBISlBLN2dsWFpudk5EaXFPUTVGUmZYOFMxLzhIcFVZYUV1a3NaYlNiZ09GZGdLMkZGMEdmbGxUaEFmbi9NMnBpL25kZUt0Y0xtK2JSR3BpMXJZZ2tmanlsY05LM3NlYlZHUVhINHdLdUxGWHpla3dveTdrR1pWdE1RakRmbGxSVjJycElXWGEwL1VOb3ZKRTRJdzl4ZEFNSmpCOGVSOFVqN0dqNjJ4OHc5eTZPbVBVdllvbi8rK3pjb0J0VXJiTXBtOWdLN1VyZDRRQ0hac2VweXJQUkQxbm1pcXU4WjFUUmNJaFJxM3FoUUJXNlZTM1Nyd0NPZGtwWldvbWJ2QkJhUTljVkx5bm5PTEg4SDdyKzhwcCt6aVNxTlBtalZTU2x3YWpLTk1NUjAxK1BQam84N0twWHFrTHJ6MGxiTnpRSDdSOXlwVlNyRUFUUDUvaUFSOXFZb0pMdjNDbGx2YzhzblN3Wmp5SXBENTBtZ2VIWmhQZHBJdmkwTTZSVGdEYW5NbTg4cXBpTDdqWW0zTzhwbDdFVi8zdXpoZ1ZmallyUGlNREhjYURjcmJnaXVseERJRFhnOWRBd2h3bVg1VnRWYXBKK0ZCeGp5aDdjalVxYkhqaXBnVHRYVTcyVEl5YnJiQzFIak5pdUxEN0xlS0FoanhGRWxnZ3hJM1hqOG9ERHhJeFdHaXdxZk9IZytvWEJUUjUwYlRyYnc0R0FFdHhJSVB5TFJiNVZvQkJmQk5sRDZ2Nm0yNWM4dXpzdjJPTWJVSXRDcDNyTW5wNkdnVUxWeXpxWVQ4YnNMejVhT3ZMMERTMmdXaU9aRnRqSmlrb2tjRTJORWFBQXBzZGVEMXNVRUI3SUFxTElIM2RpSW9sdnBuM0NHM09GbDU1RzV1ZUlOZXVydjdKc3Z1cXJKQUExbEVyeG0xeVVCaVJnaUw2YlE4cXhHNlc1MFN5SDdNUTk1Q212T1FkalZUKzdVVWpoWW5odGpldU94Y3FpU2M3Yk5JTlBMNUN0amYzVXh2ZjljTytlVUdiNDFnZVN6U01Ta3kwUDRMNEpuYVV1T2QxRUY0N3JUdDF3NkIvem1IQUwyZkRzS0JUeXRZUE5PTjl4ODl4YWFDT1RUNmRscmxpa0p4M3BZalBuaVpEaVdTQWhDOXlUV0NuT2pLODlYTTduUUpYaEx3cnlIZ2x0UHV0Z3JlOC9jNk83VmxTZCtOSktoWjRKRXF6Y3FnTG9MWjdDbE1hRkQ1NVRqdmVHd0sxOE5FNGd0Mm8reFd4RktwVU13cmx2T21iMGhaL0ZtZzJYQWRJcXpGYVN3dFl6SFdLUWQzS1U2Szh4SWFBMnlqZGJzVzJxRzBtbWtadHB0YldibjExeUhvMjZaZlI3M2J1azFXVGdXZDRIeHZlbU9BSC9MTDZZUnkra2hvSDA1Yk80dGk0enc2VTdab2pyUXpZNlhZZFhHdnczeHBUUFJ4VFMzdXpQSkpnTUJTeENEUGZpY1JnWnZzeCsweVpiZ2pjKzlWNTFFS3JVMzl1cmJiSmxPNHUxRmVqM2tsdllkTnQ4WVhQdmpsRTlqNDcxVEhFMlN1VE5rVUVzcWRzNXkyeGxmcHZMdFpKV3ZSQ2haVTZpQnlhWklSVzh4QmR1bE9Fc2daanRhbWlLR3N0b0VHSmlIOU50Y0NzYkVwdzZ1MnNIM0hNc0l6VGw3Qm43Z2NNanZsdUhjbFZkdFdGeFV6WUFJTkdvd2l3Tm1Ta3ZHU09ZWWo1bXVWV3NwN2UvdmFORGpPR0xrZGFkdWc3NkhDUWpDWE5MZVNIejNkdkl1bWpucmtIeGM3UmZFR3p6VWxXYk5qSmFwUzZpRk9wNmZLR1V0VTE5K2lmam9KVWVtSlFDRG40UDV0WVB3MEhFMnphUGRQRHZZdzR2WFpXMERjK1BlNkp2aURxZ3M0TlhNa00zbWEvM0lwQkZGZmgxU0ZvMjZCMng1aXF3MStPcDU2SGtLdVBtUTd0TGRGWm9UQnIxcW1vcldCaGJnQjNIRHI2RitrQkpETWVmNUhZSHhLYmZzR1FSS09lRmRrc0phOVdOckI2dS9CRUZlYjZvbWFDcmNMTjRHZTdlL3ptTU5hMk9pWkNhbVZCcG8rRWxZMVZLQUNiZXRyK3IzaTlwKzAzUEE0QzREN0c1Y3Z3OGgxUlQ1UFRMSlZ3M3hUcjJBb1BUcmloVllmZFdRajgyMWtIdDVlZFBBbTh0dlB0NVlOOTBuYlZ5VDVxWlVrU2JlTUp5em1nb3ArdU9Qam5SN3M1amVPdTN0c251c1JNajFoeHEwOWRuN3VxbTQ2akpOL3hnM2hxRHZoUCthdG1Va2NFOE8vM2s2MG5FSndBSHJxUFBRbnMybFRWM2taMmlwMjc3dll0UWdZa01qa1lsenppU1hsRzNPT2JYMEl6NllwblVyRkpGSWZsUzNza3diMEJSN2ZJYkpFdGZ5elR5d3lJeXY0aVNQTEU3aG9ucWVZU1lKeldITUxzdUJOQk43VjRpbzZqOWU0UkhkZk0wOWEyS3JoQUlXSmptMU5maXZmZXNGL0JzQ3ZsL1JCZEZXU1l4ZzNCTGlxdERxL3N1QjRVVnZMekZ1TE5sQlN4Q1pIdnpscW1sOS8zaUtlN2xUL0hTR0JXWVZXbmJSdmpHNlhxeEFyWnNFMFpkQWNLM04yc1pXS0lCazkvU1JEN0J1b3Q5L0tITEJ0SlYvS0F3V0Vhc040ck0xV2RPelR2YU90S0FTMGNlR3dNNXBTYk1vR1M2RGl6TGYzWUk2ZFV2NkNRaGxwR28wUmtEZFlLdlNvdS9wSEsvU2djMlZteG9EYUcrb21TU0J2dkxkTGJXVXpMaTk1T1RyZWwya1pEbnNldmtuaEdlcmZjQ0xDSm13VU0wcjN6WVJlZllyMmgxa2hmT251VGNwWTVnM1NuMStFY0hUWk4yZHpQSy9Bb21nSEtpRGUwWlc1OHk4RUFSVGhZUTRhNlU1UHFYaGxkQWVyenpIekhHbmFUZ3FrREV5T2xlVnJUZ0M4L0xzdWdjTnh1cWJaWjBCNzVVWUNwM0wwNzc2VWN2b3VEU0lGekZlNzBsZlNEVitMT2JtUmFaVEFDQkVUVDM5TEo4SEVVc0t5YzIxRFY5YzRVT3R6aEQ1N0FWSVNzMlcyRDdrOTh3MHVwMmIzMkZKWStZeDNpUG04Zy9oSlhTaGpnaHNKVFdaTUVCck5HT2MzdlY2TmFiSnJ5Zmp5VWh6cVRmejRMUGo0MDdhSVlLaFhLU0RzMkRzKy9aeStpUGpuWThNS2tIaWVCdWgzcDFsZm5waHl2Q0c4VkhUWitjOUsxSEo0WVRWaXhicmtUM2I2R0JHcmcyamxKRkUycmpWcGNhVnRDOEJTeHJ6UlR5N1lLOTMwMFh1ZGJSeDV1djJsakQ3WHhmUEFoYTBJVWJ0dXlkOHROR3JYbnk2NjBUWmkzbUFDbVBnWm9wWWxiUWxTSjQ1UkFtN2lCTkF4a3N3OFE4ek5jQ2Y1d21JRGprWHRqNEV0WDhrRnRSU2xCc0tuYmJyTnhNaFRucW0xMDNBZWNZZWtiUkZ0SEhza1p6S3ZSTi80VVNjaUpTRzJ4S1lPa0xDMEd5WkhTSVhzOFhPTHhSYThTeFVsV2RSWDRaanEwb1owTm5YcFRJQ2UrRHpLZzlQTmxza21CcGZBZnFZNmFTRktCQjN3cnVWQUxoT3JtQ0QxOFdHMTExRnoyRjZhWUFoZGh1SWdBZjdJSjBTZ09ra1JpQUR1dmN6anBTL0VYRm4zemY2KzZuSjVDRS9FRDBQT2N4Y2dkR1E4bWVDMnN6aE1rdlJXNy9WQndxT2V6WHVDUWlxMktTWTZRN3ZBK2xZK1ovN0tBTGRLZHFFcXYwbGxYQWEzd1ZLeERycEdTcFpTTDZzblpONVBkbGxTRmtld0FueG90Mngwa3JEUXhUeWw2blZ2RWlITDBYa0s4WjU2UTJKR3E1QzNld01paUNXZmYrS1E2T3RnaHEyOUNBMmZVRnZTVnFBd3NVVDh0T0N2QTMrcTVXbmZTMFE4UDdWcDRxeXY0djhOK0ppdUpZQkJsOUhGb0JhTmw1SVQ4RTlnL0x6czZSNWRvemVZTWtVMnNUdXdOZ2RzK0cvVkN1Nkh4dkZxYjNhTCt1bWhscEJRVVFodER4NlV1bXpoc0NDZWtObWFJdGcvSlI5bHRMcXFxemNMbVdkMEY4NkhuQUtDL29jVkxvc0docDJvNkYwTmk4LzRSK1VqbGc0Q3pUU1IyRFZHSzVoa1dLbHp0R3ZvOVJqaFpmcmVQbUVpcjhJNWxKTTdjYy9MOTg1NjhvUndHOG4vQXhqakY4RytNaXN4RWZaN0ZjbmJPWkM1WUFoSTFQNDZ3OHBPMkVXRU51T2dKWEJtNkd6cU5jRVhmWDdDQW9vRmxtTmQxelZQbTBOTi93TlYwSFJYNWR4ejlIbXNyWXZTMGMyWStrZjZ6aWVBcUNiVEFjcjZOdjlWNlFzNmg2MGdCcnNURGY1c3BRQjFqZkpqWFduc21rWnBoTVBWTUZoemZKTkZhTmR0WEh2bXkvdXYvcHUzdkZEZVlTc2NUYW1kUmd1amtpVnNTUWlsTjlqdXZSNDVLRjNOckRMdklYZS9pdzdxN3lCK3gvSlNTRmN2Ylk4Qlp5VDRnYVU3dDBSMjN4ZlRTMmRvRlJvZkhaaVBSWk9QQU9EbnVSRVVFckF3TS9nLzZPSkt5WXJMMURxYjRHZjY4UFZabEJoSUFMbno2NCt0TW42ZUZMQlJsdGc0cnlsU3RuOWJXaUoxWlNGd2pFU2RXN1Rud05rSXlDVFpVTzA3enVrUlFGaGp6bWlyRWtKdVdJYUpWWlNrVCsxTVBLZFM3M24vQ0RHYzZ2amswRUZsMEtzM1cvOHRIRVFnMDRaWGpPODM1NVpyRy9zOUpOWjgrdVhPNVBJMjNIMG4rdHZGQ3h4bW1tRzExTThPMklvdkpLcWtDNnZ3OFBQNzZ1bE5ZeTQ4QWRJRTRlTkFPS0hJYzY3TFVTRlhjeXMzeUhWQ0x0MHNlQkd2QVJ1K2hOQ0RaQzI0NjV0cndscHNVaTJjQmhDakdEbVB0WXJFZFIybHZFNjY0aVRnSmUyaUo4Rkd4dklkZHhKdW5BaUwzUUFhR0t1eW9oMm5ydHRHaUYwOVdyVmNBaGdvU3JtaGJKNzAwQndNUFRManNydVRhcXV2aU5wVTI3dVN5SlU3NG5IK3pYMzRjck9Jckh2M3lEcnN2RUxVaDFhYXlvUzBQd2FrRHpEaWxPbXo4NDJyOXVjNUh4TjF4L0N2TDRBVHNtVHNZY29qRldIWEpmNkFrTmFhS3c5ZDNJTlg4allLVlJnOWQrekplWGw3VXZ4Z1lIMVh4RXBvd2Z2eFdsckZhQTVYRXQwMG5BRS9Ncm10NFl0b2JjQkkwRHAwTG9NSTk5dUt1YVNIYUkrY3QxVkdPMnpBelFUclBQOU5FWXVvRTlXZG9JckxONjl4dUhZdjV0NVFHMll3U042V2xBTWFVenprdUJQbldHZ3FEdXhkbGhhMm4wOXRjMjFBOW9LY05ZSWlFTkovV256aEFVdlVsYUtrK3dRQW1KTkdtanhhUHovM0YxMndzT0xMQ2VVTXVLY0lhbGpQM00vSSsyT2pYTTJSN2lRNlFYRGNING8wNGJZMms3MTViKzRucHRoOGR4Q0Z1ZGhwcW5hZVdIK2JuSTRsdnE3cHVPNkVqcy9aS0o1UzAwdHRjTFRLWEtTYlNCQWRiSFNSZ1RJVDVwWUQ1VU1QdEl4SUhUTWpSazluRjU2d0k1S1RxQjlYUVdIK2xqcUgrZzlvRzQ0emxmTk9KQXA1bGFKbS9KT1J3MjdmMnhCSDFsaVlHV04xNjgwOEJCenJQczZTamhUMXRvYTR4MUo1eDJQUjVSRjJaanUvbnZaVXZscjVBYVlHa2l0QXJnUW1aOEd3TEpsaGFwUUQxVXRJMDdwZ204VVRvaEpCYWx1U2VXaDlzZHVhM3hDdVM3WGE0S2FIRm5PazlYMkRhLzVHUlRDdFVzSkhkNFVEdXcyYTNldHpuREhZZ2kvdjJuUkhZalo0dVJWZWtjNW13ZnIyZ1N4Znp6NVZQQTN1QTVlNERWRTN3anFGYTNmcEJ3M2VNUm1PZkdHTUlyQ2VkS1V2c01KUmhjNFlYQzRvZGwvTWxsbnF6YzNlZG9vekZ3dU1ZU3N4dStFMmhZbFc1SWE1QmJyL1JuWUJjejZKL1lhTHJUbXNJenJtcHV6MGFtSVc0cjhEd2dZUVFrdU42WnFYc1BFdzBBdmVPRGQzSitJQzRkWnA0ZVdaSm9PT0tPNm1OTzU2OGNqYmF3a01IcnFFSDBKR1pwV0dVdmJ5cWRscUwzbm1rRnRXZ3d0dnhLcCsvMzVCQVlZeHRUaEw1MVJxYXBJeU5nQTFkTnhMVlFUVHc1UmdJWHNwR0RwQTBEYlE0WTVxdnZDOEp2SXRWYm1BOTRpbElpMzRnNnFvcTMxNjdhR3hSYWdHVTdWRmQ3eVQ0cEhFREhMVHNyVWJuT3lkMzNlTFlpZXdYRHFUNi96dURGUHNDM3hCZG1hUTNkU2EzL1d4N2dCT2JKckFWTVQyTWp1bkJCRTJVKytLb3ozd0xqQzVMaTNwT3JlcVJmcGJhcXgzZ25vUGdDUWtPcC9oV1QvbGFDOWs3WkE1S2FONWYyUnBDUEZ0aFpxbUxmamFwSURwWXpCMW43RVpsd2ZRYUNKSzluQ1cwK3lQdFV1MTlLbll0dXhZN1I4N2ZaUS9OS1Q1a29lU0ZKRThpWGpGTmpMcEsydHRkc1RKZ25ob3dvT21pNmkxcVlQRUlUZ2hCUGhKKzlvQ1llUmZoKzdST04yNVpFOXJIVHgyR1JFTVMwbVo2ejZJN0k0K3lOcWtDQjZqeE9oR2pSKy92aUM3T29VeHYwQlc2aTRhVlpHWERVMWQ5SlNHVStPMFhkMzRuMlh1TGs6OlD8pYhGBOn+5qhCXGnhfx8=','2018-10-27 00:59:27','2019-01-06 17:25:46');
INSERT INTO `employees` VALUES (2,150000,42,13,25,68,'F','OTdLclRhOXd4Q3MxU2wrNHMyTGxtcXVkTDZSKzBLWTJFRlVvZUpDTHJFSitrWnpSazE5eG5yYWZkcEtMWkVPMEJrRVh1RG45eFlXZjVJVFdWKytVVzI2R1JlbXE3bFZFaWg1SmNEY09EcnBhOGJrNWZ4K3huNnVSMktNRmxBTm1pVTgvVGlqa0t3WFE4dG5aLzV3YS96MHZDVmpmYkpDN3FUclZ2L0lxQmR1SlZIYUZwZTZzL2tPWk5vS0tmbUpEYklBaGthak91a1FxMDNaWU13RUtuaDh3eEQ1MDFmU1FjaDNyUER0K1lIR1o2TW5ldU81S3g4bkptZDdKUDE3MWg0UHdac25YQm9KSmhoOGwvNVZTWVN3anp4eWZ6Tnl2ZFlGSmtjRWttTTVsRjl3N1RvK2gyZEltSG1xbCtwaVRwajlDYVFiRldWOVdmTHNsa0VRamlMTUJ0amo2eWYwR1hLQ0I3blVPbll2VVBLTndORjI5WUZiZzhWQWV0eFlhdFJ0NFpZYUFUcnJCNXBwR0hldGs0Y1h4TlllSW1KdlFCK3VJOHdITGRIVUxiRURkd0VxQ2I2dXNKV2xLd1VJb3JvVElYbWorelMyWGgxa0RIRDVFcVdRdTdqNml6ckdvL3luT3dJZEIxK1gvTHBxK3pFc01wS3RNRy9jSXFHM1VmSW8zMTdKdS9zOVZ3SGNaa1BSN1FaUWZZR3ZFcFNsT1JzYjBaa29CS20vT0dSMGpPODV6NXBGbkJlUWRmWkczdXl5cDlYNm9xclBkYVljVThPZ0Z2a1lXcjdwNE04VWVJcXRVSUwvSEhRVDJLYXVmU2xiLzlJNjYzcFdJTDVodktVcXNJTXpQU3k0VkxjQzhBbXN5ck5vUkxtNXVmRmREV0k1TW9xc0lTTTZBb0hTS2tyUXVRdUhSdXJtSXdwUUMzRVhHQUVyQVFoSURvcUVVQkVtYWo5d3U2cGJWQmpWSy9UU0pHcEdsMjQ2OTFibUFkdHFEL1g3UVdJR1oyVUs3bVFueVFnZUlhY09jcC8rNjdTYXRCZHkwZGpIRDdBRkloWG4rZDAvOERKQ2tQNmRNOEVueFI3NmxMNkwyOWpMK2pQdkNTaFN1OGpaK3h4TmZKUy8xaGcyaHhNRzVGQ2YrSkpzUEdiNXZiWWNLcVNvY3dGK2hEVE95NDI2U0JiZW1Bb1JYdUN4TjZTbmREMXZwZEh5Ri9OR3dWU3g3Rld1OEc2aGpKL3dHTTVHV2VuQjgzTWFTblRWY3FCcFRqTis2VWtZZ21VODFFTGlYV0xEUFFuQnFycnlBRWRQY0VaYTRFN1o0VFF5MkRuV3FvU1BSYXBOa1NtZ0V3RlpPblJPcWJEb2o5OXNOVmJLYTFEUURuQnJOdXljSFNUazU1Z3h0eDh3YWozREJUTmhaR0tHRXR5ODJCQXBLK2xidGhiMUlGcmNETEZLK1B6elgzbDZnb0dPNE9UcHpFbHBiYS9BY2pPZnAxMXRQejhqc3BWdE94YkdXRmpSLzYvMmIxMFNyL0YwbXl1MDNjdnZjQzV1RkovcHZwamsxNklBUUNzdzdLK1p0UkRUN3A5Uk5ML2xYTnNYbm0xbkxSVjBPdktBUGdWaW9uUE1Vbkg0K1dXbW95a3Vabk1pVzhaTk0wV2s0dHZzNjRYZE5zMFdwUVpUKyt0dllNc3BSeWI0Y2hxVVFpcFJHWGNiYTN3anRuOUt5NU93TXViR1RXTVZjWGZkU0QwdTlZUHpXRTBhTzQ5TFFvU2IwWnNQWGFSSFdOcFJFT0NzSW82c0Jabm9VY2VvZlEvdi9nQitCdTZuYVNrRVdyVFhLV3dSRGZYa2ZKb2Uya3lYTWNGMmJyUmJuZzArTWg0OG0rVDFWY0tIMFZKVFFhUCtvcndkS2pLczc1VllDeENGMi9ZZzVzR0xpbUFPdTNVbXY5MTlTUG9xeHgwNm42dWlqakNwb1RlaUxQTVVTLzdHV0dQVDJRc0hXcnp3aldSaWZpd0tFRHdrTFp3NXcxMHcxc014MStKY3I0dTcvYlRSQzJEbVRMS3BkTkZBcWRqWDR3MGlqQjgzb1dSRU9mWG1Xam1oYStQNWl5dUZiTDZuWU1Ramx5TVUzcHg5SkxmY0JQT05JV3JBcHlRdzZNSWJwdzZaVXNFZGNrcjg1RVgxN0xqd3FEd2ZlT2RTUnEvN3ovWGxmZzR5M1o2YXZkMGltWnVDVWE5WmdBenZpeEtkcG9JTkk4UEk1akY0WlUzQngwUEtJWUN0MUx5V2k3VHNQOFRnSTFteEo1bXEzRHExZ2dudFRkRTJZMk80Ty9QQUJtc3pSOEFZdERHNkFvQVI2TFVLQWN5OFlkbURycU1reitJTWxEOGxiWkFITGNrYk5VVkVsZHd6Q1c3a1FMeGFNWEJRV2dOQkhwa3o0cVFYNVRycWo3Z2kyNVdiMnBpejFzRnRMNTBNWlVmaHlYVWRHSEp2d1plbHh2cUhEUVFNODlwMmkwYllpMjJSaTFNcXlJMTJuWS9aZTBlNGJtNHJhb0VKd2FGSHpzdWFYenZqQTRCVkQ5akxXZlZVd2NrNXBVOHRvVldrQjlsRzR1NUJERllEMk9aN3NzMlhtdjNXU0Focmw1ekY3M1ZvaGJDOE1qQlVqZFY2K2tOK1RxajZTVmhEREs2QjhqLzRRUE1RdENkZkNrZGR2eXcxNE5KSHRKc0dXT0pqeWFFWUx0VVVTVjhLOS83S2JzdmdyYkdBN3FGaVIxMTV3TlArSEJwdUVHQXVWZmRCWnpabjhBSzFoZkwvazVkZVg1UW0zK0hQb2RGWEhreEdUeHNvbEkrdldTeitHQUhLUzlZRHlmN3B5L3kwL3M1dWwrUTRycGVBckYwMWlrR20yNVIyVk1GYU95MWtGZERCb2lIY1FpTmVJWURvbEp1aVRrbjZHZ2VWbkJQYkRRU0ZkeEJOTWNJb01RRk82NVk2Slh3TDh2MEkxT2RUaDRUNWNMUi9lZXhBZmFrcTgyWnZ6R2tObTlFYTQxcU1wTXAwRVpaamhmM3hBV0p1RklZVFhZeElRbFpzZVV1L3Q0ZmdHeDcrdzBwTzQvaHdIa1JoZHo0OWRVMTNEd2dKL0xOMkE0RUZzMjBVYm1ZN3UyR3Fla2FSeXJ2bU1JeThNRmhYcER2YmxsVWZLZEpnQTdUODUwRmRwRFNhbEMrU21URFN6a1BFVmpTTjc5RzMycERyNkhTcSt0VWo3UmhkVldSc0MzcVpXdCtHK25Oc21HdWtPRjZoOFZvUWNBWG9IOUxkL2tYRi9HVVlGRFRTNVdxenh1TGtMOGpJRUVDMEVVTmFjTVdvR0xETnhSYUhDamRKUERBNUphS3BzOFprWlZ3amJuTzY2NVo3ejhNNjNpbXJHTE1iVUFibkl2QVpRaUN4bkNtTHR6bjRUeWMrSFBzT3hNQkpZdDh0VHQ1SEZlU09JbUJJUWNJbmxab2JPTk02ZG5Uak5BUGRkNDZGMUpjQ1lTeWRCeWo3Smp1UEtjMVJVd2k3NXhZbm1vamZ1c3dhV2VCSTlRVGs5QUp4ZWsveTh3eDdMdDZkQ2E5NkJFUkRGWEhiaXNtT0dnTDdleXRWVXhHTXlobXZDaVVOQytTZkNOS081eFByNEFiSWRYWTMvSmZXWVZMbTZpdFlzWStrUEkva2ZHSG5UY0hUZm84NlBSZWtESCtKMDM5ZWEyTUd5TUVEWVd6d2x0VWg2dytNNG1IeXRRVVh0SGNiNTNSQkcxM0hXSjFMLy8wajVVM1JmbWUwc25UQllnRTN4TkNBaDM0Z2U0Wkx0TU04dUZyUWp6eGdrNnBPSVVicDFkdElZKzVHU0djMGVRdUowZFJmNUt5Y1o1UHE0aGg0SHdEa0pHZkZIZ0dIR3lqdXNHc3o5Q2x6b0FQVjQ2NHpYRjA2cEpBOElyb2xqcnA3dUVjQlAxaGY3NUZCb0h5QkFySHgrR1BFNElNWEpPVy9mSlBHV0FYeE9jYXRFR0RuaUZ3enVzbzR5L3Fod01pcUR6TEk2UkVJWVBNbU1EUlAxQ3liN0Q5ZVhwRjZvZk5LN3k3OVA5R3gwUEJrbDlZNzYxWXMrYkNiOTloUGFmS3hiem5RaVZHMDRlbVVQN080dFNML2tZRmlHeE1DaXYra0ZxellsUzZJOTNMVDhqWDdYTERnL3VkVHlQWmVGSnNMQUJKM1hSSzZGM0IvM2lKbThtVE1aVWFZNlBCbUMzTUJTMkc0TkZRaHF4NENWVlBmbitUQXUrY0ZmbmtCNGJXNU1ObWVRcS9JOW9Jak5weTRhWGpGbTRtY1Nyd0hXY3NBRGRUOUIxRGpGc0pQL1lJay9rS2puYXpmR09RcmxoNlZ3NmFmSERRd2ZrK3gzUzFacnZOclREWmZNbm53NXdpMUQ3L1h0a0JwR2VKOWRucXU4cTlZZUtELzJSZUJYQ3BJQzA3eWJXM3huS014ZGpnbXczMk03MlZNcTZlMTBxazBaZjZVS2tDWUpKRHRPalc3MFV5enhOVU51NUJCcGZQL2IvMVQveGdLczdxZjByMEhkMUFTOHh2enM1cXQrbmMwQnN1a0Fkd29Oc3NmZGJYWmRidmFuVk5SaVJoRmYzS3lWekNiM2pYSFNhb1dkR2JQc3dnZ3kyNno0TWs1cjhnQjQzZkRLcjg5UjIrZy81ZTFZbFRyaVdGUlZ0d1lDQWhESElBQkhLZ2hDZnc5RXg4NmJsMzMxYi9yNHF4dHJOT3JrWEc5bWtyVHZ4QkVxeGVENUw5OGZsZlQ1VzQrYVBvcmVaRjNDcTNyWlBGaXEyUTYvT29OTE5IcjdzZUlHZHBzbHN2ZFpVRlBFR0Z0T3JFMjAzbkt1VWJXcldMNUgrMkUzMHdKT2psdEZYTlFvcDJsUjkzMHJiUGZwT3RtY3NVaVdKbWpHTWpmbjRYQmpscGpsRnE3N0FxZ2tkNm5WMU5Bb0YwZzVnWUpzUThMVi9VVzBsdjAwWGI0Z2pnQ1BFeEFKNSsySVRlcVhnYVJVOVJaMlNneW9JYWhUNGdONWxseW5CaE1ydHJoalpXYlpTZWdubTVSSkMzUENlc3QxZ2Zjd3BqdnEwWGkyYVpkcW96ckh3WGtEVWdhd1JOaXpKZWdDT2Ura3JUY29FcmFQQnArR2NUNmRSOXl2NzRnMllveDdvM09jUXg1SHprdjhpWUVVdlpYakY1aFZUY3R2aGZlSVpSUm5KOEdzck9HYklkdmdsbFVYYTdsajlMdlowc1hYYUdic0J6ZDBTR1d6TnkxV1UyR0h1VDlhMktDQXJ3RjdDWnhmTW9FS0VNWEhsZDU1QkZWenJNUXhFRlRQTXA0NmVrREFXM0lGTFlGbzBNZmQvbkFyMlRMWnB2WERVc1YxeUlTREtyTmo0bDBBVGdtSkVXckFvbFo5ZUlaclQrR21uVHBYM0MwY09sQ3BJdnozbVJvTjZIa0hSL0V3dm1aRDVPamRLSGkrRTJtVXdDcGxJVEo0R0FkcFB0Rit6OEg1UHpPNGUrN0N2THdnd21jdzY2SVNERjZ4NHcrdU52a1dsUEE4N3ZIM0xrN1BRMzdOS3MrOUZvcXprMDgyYTR2RFcxWjZ4UWlzb1NRUmE5UDgyREU3eWRmNE5hKzdzc2NOUDZKSXlHOW5qWkV1Wko0c0NrMWlmekU1SVlwQTBaQ0dNSWpIVHpoSTVDdEsxd0VLVXczUEdCSUVqVUF0WmtqWGgxNDVqZUM0bEhwNHhRb08zU2tvTmk3Q05SaTBxclAveDNWTm84dTArUHp6QVU1SGwzdXpUVWdGeUtCckNMelU2ZGlsTjdJNGh1VnhKQk9pSjZMbGlJeVZnY3U2VzRLNlpDQ3FJVEhqSXVxRVdQZHhTb3gweTNtUGRydloveXJ5dTdBeHVHZmZXa2huS0V2dDVUUzJxbUtXRGZDMmdvL21wK3Y5U3hFT3VIOFh2SFc3bFp6bzlqYWJGdWlJYlhyK3YyVEVBVEVVaklML3lyQmQ4NlVUZlR0VDdZejBhMUdhaW9RcEVaR1FzWDRockJBNzNMWjlXMlBTMWxRRUJ1SUNGZzlvQmpzKzBzdTJDdG9vbUZKRkh6TjZNMUlIQ2JhK1JzU0hJN0xZRU5INFIzOGI0NkNwYlhjWGwwdGhTeUtJb0NlZktpSU0yQ1ZBTkdZVVZCSGQ4SjgzT2EwOGMrS0ZsSW9GWTIyaUlVeElNdUREZG02ZnZRc2cxbDRQVWl2ZWpZTGpIMHpEMlNsWTI5YjNUcHpjMm5wMHZWYXMxNCtkZVJSYjJKTmpVQXNKS0pLL0drdWY5c2tXVDF4NDV6RGFMYUxuVlFEZFRIaTRmdTV4VG0yMERrR0J5ZFQxbC8xYzhVa3E5RFZoZm5Ka3FKL3lYMHUrcTRrRU96N0hHR3R3MmRaaHVyN3NZSnBldXdLY2QwbFZFbFc0Q2pLT29NTDBISlBLN2dsWFpudk5EaXFPUTVGUmZYOFMxLzhIcFVZYUV1a3NaYlNiZ09GZGdLMkZGMEdmbGxUaEFmbi9NMnBpL25kZUt0Y0xtK2JSR3BpMXJZZ2tmanlsY05LM3NlYlZHUVhINHdLdUxGWHpla3dveTdrR1pWdE1RakRmbGxSVjJycElXWGEwL1VOb3ZKRTRJdzl4ZEFNSmpCOGVSOFVqN0dqNjJ4OHc5eTZPbVBVdllvbi8rK3pjb0J0VXJiTXBtOWdLN1VyZDRRQ0hac2VweXJQUkQxbm1pcXU4WjFUUmNJaFJxM3FoUUJXNlZTM1Nyd0NPZGtwWldvbWJ2QkJhUTljVkx5bm5PTEg4SDdyKzhwcCt6aVNxTlBtalZTU2x3YWpLTk1NUjAxK1BQam84N0twWHFrTHJ6MGxiTnpRSDdSOXlwVlNyRUFUUDUvaUFSOXFZb0pMdjNDbGx2YzhzblN3Wmp5SXBENTBtZ2VIWmhQZHBJdmkwTTZSVGdEYW5NbTg4cXBpTDdqWW0zTzhwbDdFVi8zdXpoZ1ZmallyUGlNREhjYURjcmJnaXVseERJRFhnOWRBd2h3bVg1VnRWYXBKK0ZCeGp5aDdjalVxYkhqaXBnVHRYVTcyVEl5YnJiQzFIak5pdUxEN0xlS0FoanhGRWxnZ3hJM1hqOG9ERHhJeFdHaXdxZk9IZytvWEJUUjUwYlRyYnc0R0FFdHhJSVB5TFJiNVZvQkJmQk5sRDZ2Nm0yNWM4dXpzdjJPTWJVSXRDcDNyTW5wNkdnVUxWeXpxWVQ4YnNMejVhT3ZMMERTMmdXaU9aRnRqSmlrb2tjRTJORWFBQXBzZGVEMXNVRUI3SUFxTElIM2RpSW9sdnBuM0NHM09GbDU1RzV1ZUlOZXVydjdKc3Z1cXJKQUExbEVyeG0xeVVCaVJnaUw2YlE4cXhHNlc1MFN5SDdNUTk1Q212T1FkalZUKzdVVWpoWW5odGpldU94Y3FpU2M3Yk5JTlBMNUN0amYzVXh2ZjljTytlVUdiNDFnZVN6U01Ta3kwUDRMNEpuYVV1T2QxRUY0N3JUdDF3NkIvem1IQUwyZkRzS0JUeXRZUE5PTjl4ODl4YWFDT1RUNmRscmxpa0p4M3BZalBuaVpEaVdTQWhDOXlUV0NuT2pLODlYTTduUUpYaEx3cnlIZ2x0UHV0Z3JlOC9jNk83VmxTZCtOSktoWjRKRXF6Y3FnTG9MWjdDbE1hRkQ1NVRqdmVHd0sxOE5FNGd0Mm8reFd4RktwVU13cmx2T21iMGhaL0ZtZzJYQWRJcXpGYVN3dFl6SFdLUWQzS1U2Szh4SWFBMnlqZGJzVzJxRzBtbWtadHB0YldibjExeUhvMjZaZlI3M2J1azFXVGdXZDRIeHZlbU9BSC9MTDZZUnkra2hvSDA1Yk80dGk0enc2VTdab2pyUXpZNlhZZFhHdnczeHBUUFJ4VFMzdXpQSkpnTUJTeENEUGZpY1JnWnZzeCsweVpiZ2pjKzlWNTFFS3JVMzl1cmJiSmxPNHUxRmVqM2tsdllkTnQ4WVhQdmpsRTlqNDcxVEhFMlN1VE5rVUVzcWRzNXkyeGxmcHZMdFpKV3ZSQ2haVTZpQnlhWklSVzh4QmR1bE9Fc2daanRhbWlLR3N0b0VHSmlIOU50Y0NzYkVwdzZ1MnNIM0hNc0l6VGw3Qm43Z2NNanZsdUhjbFZkdFdGeFV6WUFJTkdvd2l3Tm1Ta3ZHU09ZWWo1bXVWV3NwN2UvdmFORGpPR0xrZGFkdWc3NkhDUWpDWE5MZVNIejNkdkl1bWpucmtIeGM3UmZFR3p6VWxXYk5qSmFwUzZpRk9wNmZLR1V0VTE5K2lmam9KVWVtSlFDRG40UDV0WVB3MEhFMnphUGRQRHZZdzR2WFpXMERjK1BlNkp2aURxZ3M0TlhNa00zbWEvM0lwQkZGZmgxU0ZvMjZCMng1aXF3MStPcDU2SGtLdVBtUTd0TGRGWm9UQnIxcW1vcldCaGJnQjNIRHI2RitrQkpETWVmNUhZSHhLYmZzR1FSS09lRmRrc0phOVdOckI2dS9CRUZlYjZvbWFDcmNMTjRHZTdlL3ptTU5hMk9pWkNhbVZCcG8rRWxZMVZLQUNiZXRyK3IzaTlwKzAzUEE0QzREN0c1Y3Z3OGgxUlQ1UFRMSlZ3M3hUcjJBb1BUcmloVllmZFdRajgyMWtIdDVlZFBBbTh0dlB0NVlOOTBuYlZ5VDVxWlVrU2JlTUp5em1nb3ArdU9Qam5SN3M1amVPdTN0c251c1JNajFoeHEwOWRuN3VxbTQ2akpOL3hnM2hxRHZoUCthdG1Va2NFOE8vM2s2MG5FSndBSHJxUFBRbnMybFRWM2taMmlwMjc3dll0UWdZa01qa1lsenppU1hsRzNPT2JYMEl6NllwblVyRkpGSWZsUzNza3diMEJSN2ZJYkpFdGZ5elR5d3lJeXY0aVNQTEU3aG9ucWVZU1lKeldITUxzdUJOQk43VjRpbzZqOWU0UkhkZk0wOWEyS3JoQUlXSmptMU5maXZmZXNGL0JzQ3ZsL1JCZEZXU1l4ZzNCTGlxdERxL3N1QjRVVnZMekZ1TE5sQlN4Q1pIdnpscW1sOS8zaUtlN2xUL0hTR0JXWVZXbmJSdmpHNlhxeEFyWnNFMFpkQWNLM04yc1pXS0lCazkvU1JEN0J1b3Q5L0tITEJ0SlYvS0F3V0Vhc040ck0xV2RPelR2YU90S0FTMGNlR3dNNXBTYk1vR1M2RGl6TGYzWUk2ZFV2NkNRaGxwR28wUmtEZFlLdlNvdS9wSEsvU2djMlZteG9EYUcrb21TU0J2dkxkTGJXVXpMaTk1T1RyZWwya1pEbnNldmtuaEdlcmZjQ0xDSm13VU0wcjN6WVJlZllyMmgxa2hmT251VGNwWTVnM1NuMStFY0hUWk4yZHpQSy9Bb21nSEtpRGUwWlc1OHk4RUFSVGhZUTRhNlU1UHFYaGxkQWVyenpIekhHbmFUZ3FrREV5T2xlVnJUZ0M4L0xzdWdjTnh1cWJaWjBCNzVVWUNwM0wwNzc2VWN2b3VEU0lGekZlNzBsZlNEVitMT2JtUmFaVEFDQkVUVDM5TEo4SEVVc0t5YzIxRFY5YzRVT3R6aEQ1N0FWSVNzMlcyRDdrOTh3MHVwMmIzMkZKWStZeDNpUG04Zy9oSlhTaGpnaHNKVFdaTUVCck5HT2MzdlY2TmFiSnJ5Zmp5VWh6cVRmejRMUGo0MDdhSVlLaFhLU0RzMkRzKy9aeStpUGpuWThNS2tIaWVCdWgzcDFsZm5waHl2Q0c4VkhUWitjOUsxSEo0WVRWaXhicmtUM2I2R0JHcmcyamxKRkUycmpWcGNhVnRDOEJTeHJ6UlR5N1lLOTMwMFh1ZGJSeDV1djJsakQ3WHhmUEFoYTBJVWJ0dXlkOHROR3JYbnk2NjBUWmkzbUFDbVBnWm9wWWxiUWxTSjQ1UkFtN2lCTkF4a3N3OFE4ek5jQ2Y1d21JRGprWHRqNEV0WDhrRnRSU2xCc0tuYmJyTnhNaFRucW0xMDNBZWNZZWtiUkZ0SEhza1p6S3ZSTi80VVNjaUpTRzJ4S1lPa0xDMEd5WkhTSVhzOFhPTHhSYThTeFVsV2RSWDRaanEwb1owTm5YcFRJQ2UrRHpLZzlQTmxza21CcGZBZnFZNmFTRktCQjN3cnVWQUxoT3JtQ0QxOFdHMTExRnoyRjZhWUFoZGh1SWdBZjdJSjBTZ09ra1JpQUR1dmN6anBTL0VYRm4zemY2KzZuSjVDRS9FRDBQT2N4Y2dkR1E4bWVDMnN6aE1rdlJXNy9WQndxT2V6WHVDUWlxMktTWTZRN3ZBK2xZK1ovN0tBTGRLZHFFcXYwbGxYQWEzd1ZLeERycEdTcFpTTDZzblpONVBkbGxTRmtld0FueG90Mngwa3JEUXhUeWw2blZ2RWlITDBYa0s4WjU2UTJKR3E1QzNld01paUNXZmYrS1E2T3RnaHEyOUNBMmZVRnZTVnFBd3NVVDh0T0N2QTMrcTVXbmZTMFE4UDdWcDRxeXY0djhOK0ppdUpZQkJsOUhGb0JhTmw1SVQ4RTlnL0x6czZSNWRvemVZTWtVMnNUdXdOZ2RzK0cvVkN1Nkh4dkZxYjNhTCt1bWhscEJRVVFodER4NlV1bXpoc0NDZWtObWFJdGcvSlI5bHRMcXFxemNMbVdkMEY4NkhuQUtDL29jVkxvc0docDJvNkYwTmk4LzRSK1VqbGc0Q3pUU1IyRFZHSzVoa1dLbHp0R3ZvOVJqaFpmcmVQbUVpcjhJNWxKTTdjYy9MOTg1NjhvUndHOG4vQXhqakY4RytNaXN4RWZaN0ZjbmJPWkM1WUFoSTFQNDZ3OHBPMkVXRU51T2dKWEJtNkd6cU5jRVhmWDdDQW9vRmxtTmQxelZQbTBOTi93TlYwSFJYNWR4ejlIbXNyWXZTMGMyWStrZjZ6aWVBcUNiVEFjcjZOdjlWNlFzNmg2MGdCcnNURGY1c3BRQjFqZkpqWFduc21rWnBoTVBWTUZoemZKTkZhTmR0WEh2bXkvdXYvcHUzdkZEZVlTc2NUYW1kUmd1amtpVnNTUWlsTjlqdXZSNDVLRjNOckRMdklYZS9pdzdxN3lCK3gvSlNTRmN2Ylk4Qlp5VDRnYVU3dDBSMjN4ZlRTMmRvRlJvZkhaaVBSWk9QQU9EbnVSRVVFckF3TS9nLzZPSkt5WXJMMURxYjRHZjY4UFZabEJoSUFMbno2NCt0TW42ZUZMQlJsdGc0cnlsU3RuOWJXaUoxWlNGd2pFU2RXN1Rud05rSXlDVFpVTzA3enVrUlFGaGp6bWlyRWtKdVdJYUpWWlNrVCsxTVBLZFM3M24vQ0RHYzZ2amswRUZsMEtzM1cvOHRIRVFnMDRaWGpPODM1NVpyRy9zOUpOWjgrdVhPNVBJMjNIMG4rdHZGQ3h4bW1tRzExTThPMklvdkpLcWtDNnZ3OFBQNzZ1bE5ZeTQ4QWRJRTRlTkFPS0hJYzY3TFVTRlhjeXMzeUhWQ0x0MHNlQkd2QVJ1K2hOQ0RaQzI0NjV0cndscHNVaTJjQmhDakdEbVB0WXJFZFIybHZFNjY0aVRnSmUyaUo4Rkd4dklkZHhKdW5BaUwzUUFhR0t1eW9oMm5ydHRHaUYwOVdyVmNBaGdvU3JtaGJKNzAwQndNUFRManNydVRhcXV2aU5wVTI3dVN5SlU3NG5IK3pYMzRjck9Jckh2M3lEcnN2RUxVaDFhYXlvUzBQd2FrRHpEaWxPbXo4NDJyOXVjNUh4TjF4L0N2TDRBVHNtVHNZY29qRldIWEpmNkFrTmFhS3c5ZDNJTlg4allLVlJnOWQrekplWGw3VXZ4Z1lIMVh4RXBvd2Z2eFdsckZhQTVYRXQwMG5BRS9Ncm10NFl0b2JjQkkwRHAwTG9NSTk5dUt1YVNIYUkrY3QxVkdPMnpBelFUclBQOU5FWXVvRTlXZG9JckxONjl4dUhZdjV0NVFHMll3U042V2xBTWFVenprdUJQbldHZ3FEdXhkbGhhMm4wOXRjMjFBOW9LY05ZSWlFTkovV256aEFVdlVsYUtrK3dRQW1KTkdtanhhUHovM0YxMndzT0xMQ2VVTXVLY0lhbGpQM00vSSsyT2pYTTJSN2lRNlFYRGNING8wNGJZMms3MTViKzRucHRoOGR4Q0Z1ZGhwcW5hZVdIK2JuSTRsdnE3cHVPNkVqcy9aS0o1UzAwdHRjTFRLWEtTYlNCQWRiSFNSZ1RJVDVwWUQ1VU1QdEl4SUhUTWpSazluRjU2d0k1S1RxQjlYUVdIK2xqcUgrZzlvRzQ0emxmTk9KQXA1bGFKbS9KT1J3MjdmMnhCSDFsaVlHV04xNjgwOEJCenJQczZTamhUMXRvYTR4MUo1eDJQUjVSRjJaanUvbnZaVXZscjVBYVlHa2l0QXJnUW1aOEd3TEpsaGFwUUQxVXRJMDdwZ204VVRvaEpCYWx1U2VXaDlzZHVhM3hDdVM3WGE0S2FIRm5PazlYMkRhLzVHUlRDdFVzSkhkNFVEdXcyYTNldHpuREhZZ2kvdjJuUkhZalo0dVJWZWtjNW13ZnIyZ1N4Znp6NVZQQTN1QTVlNERWRTN3anFGYTNmcEJ3M2VNUm1PZkdHTUlyQ2VkS1V2c01KUmhjNFlYQzRvZGwvTWxsbnF6YzNlZG9vekZ3dU1ZU3N4dStFMmhZbFc1SWE1QmJyL1JuWUJjejZKL1lhTHJUbXNJenJtcHV6MGFtSVc0cjhEd2dZUVFrdU42WnFYc1BFdzBBdmVPRGQzSitJQzRkWnA0ZVdaSm9PT0tPNm1OTzU2OGNqYmF3a01IcnFFSDBKR1pwV0dVdmJ5cWRscUwzbm1rRnRXZ3d0dnhLcCsvMzVCQVlZeHRUaEw1MVJxYXBJeU5nQTFkTnhMVlFUVHc1UmdJWHNwR0RwQTBEYlE0WTVxdnZDOEp2SXRWYm1BOTRpbElpMzRnNnFvcTMxNjdhR3hSYWdHVTdWRmQ3eVQ0cEhFREhMVHNyVWJuT3lkMzNlTFlpZXdYRHFUNi96dURGUHNDM3hCZG1hUTNkU2EzL1d4N2dCT2JKckFWTVQyTWp1bkJCRTJVKytLb3ozd0xqQzVMaTNwT3JlcVJmcGJhcXgzZ25vUGdDUWtPcC9oV1QvbGFDOWs3WkE1S2FONWYyUnBDUEZ0aFpxbUxmamFwSURwWXpCMW43RVpsd2ZRYUNKSzluQ1cwK3lQdFV1MTlLbll0dXhZN1I4N2ZaUS9OS1Q1a29lU0ZKRThpWGpGTmpMcEsydHRkc1RKZ25ob3dvT21pNmkxcVlQRUlUZ2hCUGhKKzlvQ1llUmZoKzdST04yNVpFOXJIVHgyR1JFTVMwbVo2ejZJN0k0K3lOcWtDQjZqeE9oR2pSKy92aUM3T29VeHYwQlc2aTRhVlpHWERVMWQ5SlNHVStPMFhkMzRuMlh1TGs6OlD8pYhGBOn+5qhCXGnhfx8=','2018-11-07 12:14:47','2019-01-06 17:27:06');
INSERT INTO `employees` VALUES (3,231,46,14,34,72,'M','OTdLclRhOXd4Q3MxU2wrNHMyTGxtcXVkTDZSKzBLWTJFRlVvZUpDTHJFSitrWnpSazE5eG5yYWZkcEtMWkVPMEJrRVh1RG45eFlXZjVJVFdWKytVVzI2R1JlbXE3bFZFaWg1SmNEY09EcnBhOGJrNWZ4K3huNnVSMktNRmxBTm1pVTgvVGlqa0t3WFE4dG5aLzV3YS96MHZDVmpmYkpDN3FUclZ2L0lxQmR1SlZIYUZwZTZzL2tPWk5vS0tmbUpEYklBaGthak91a1FxMDNaWU13RUtuaDh3eEQ1MDFmU1FjaDNyUER0K1lIR1o2TW5ldU81S3g4bkptZDdKUDE3MWg0UHdac25YQm9KSmhoOGwvNVZTWVN3anp4eWZ6Tnl2ZFlGSmtjRWttTTVsRjl3N1RvK2gyZEltSG1xbCtwaVRwajlDYVFiRldWOVdmTHNsa0VRamlMTUJ0amo2eWYwR1hLQ0I3blVPbll2VVBLTndORjI5WUZiZzhWQWV0eFlhdFJ0NFpZYUFUcnJCNXBwR0hldGs0Y1h4TlllSW1KdlFCK3VJOHdITGRIVUxiRURkd0VxQ2I2dXNKV2xLd1VJb3JvVElYbWorelMyWGgxa0RIRDVFcVdRdTdqNml6ckdvL3luT3dJZEIxK1gvTHBxK3pFc01wS3RNRy9jSXFHM1VmSW8zMTdKdS9zOVZ3SGNaa1BSN1FaUWZZR3ZFcFNsT1JzYjBaa29CS20vT0dSMGpPODV6NXBGbkJlUWRmWkczdXl5cDlYNm9xclBkYVljVThPZ0Z2a1lXcjdwNE04VWVJcXRVSUwvSEhRVDJLYXVmU2xiLzlJNjYzcFdJTDVodktVcXNJTXpQU3k0VkxjQzhBbXN5ck5vUkxtNXVmRmREV0k1TW9xc0lTTTZBb0hTS2tyUXVRdUhSdXJtSXdwUUMzRVhHQUVyQVFoSURvcUVVQkVtYWo5d3U2cGJWQmpWSy9UU0pHcEdsMjQ2OTFibUFkdHFEL1g3UVdJR1oyVUs3bVFueVFnZUlhY09jcC8rNjdTYXRCZHkwZGpIRDdBRkloWG4rZDAvOERKQ2tQNmRNOEVueFI3NmxMNkwyOWpMK2pQdkNTaFN1OGpaK3h4TmZKUy8xaGcyaHhNRzVGQ2YrSkpzUEdiNXZiWWNLcVNvY3dGK2hEVE95NDI2U0JiZW1Bb1JYdUN4TjZTbmREMXZwZEh5Ri9OR3dWU3g3Rld1OEc2aGpKL3dHTTVHV2VuQjgzTWFTblRWY3FCcFRqTis2VWtZZ21VODFFTGlYV0xEUFFuQnFycnlBRWRQY0VaYTRFN1o0VFF5MkRuV3FvU1BSYXBOa1NtZ0V3RlpPblJPcWJEb2o5OXNOVmJLYTFEUURuQnJOdXljSFNUazU1Z3h0eDh3YWozREJUTmhaR0tHRXR5ODJCQXBLK2xidGhiMUlGcmNETEZLK1B6elgzbDZnb0dPNE9UcHpFbHBiYS9BY2pPZnAxMXRQejhqc3BWdE94YkdXRmpSLzYvMmIxMFNyL0YwbXl1MDNjdnZjQzV1RkovcHZwamsxNklBUUNzdzdLK1p0UkRUN3A5Uk5ML2xYTnNYbm0xbkxSVjBPdktBUGdWaW9uUE1Vbkg0K1dXbW95a3Vabk1pVzhaTk0wV2s0dHZzNjRYZE5zMFdwUVpUKyt0dllNc3BSeWI0Y2hxVVFpcFJHWGNiYTN3anRuOUt5NU93TXViR1RXTVZjWGZkU0QwdTlZUHpXRTBhTzQ5TFFvU2IwWnNQWGFSSFdOcFJFT0NzSW82c0Jabm9VY2VvZlEvdi9nQitCdTZuYVNrRVdyVFhLV3dSRGZYa2ZKb2Uya3lYTWNGMmJyUmJuZzArTWg0OG0rVDFWY0tIMFZKVFFhUCtvcndkS2pLczc1VllDeENGMi9ZZzVzR0xpbUFPdTNVbXY5MTlTUG9xeHgwNm42dWlqakNwb1RlaUxQTVVTLzdHV0dQVDJRc0hXcnp3aldSaWZpd0tFRHdrTFp3NXcxMHcxc014MStKY3I0dTcvYlRSQzJEbVRMS3BkTkZBcWRqWDR3MGlqQjgzb1dSRU9mWG1Xam1oYStQNWl5dUZiTDZuWU1Ramx5TVUzcHg5SkxmY0JQT05JV3JBcHlRdzZNSWJwdzZaVXNFZGNrcjg1RVgxN0xqd3FEd2ZlT2RTUnEvN3ovWGxmZzR5M1o2YXZkMGltWnVDVWE5WmdBenZpeEtkcG9JTkk4UEk1akY0WlUzQngwUEtJWUN0MUx5V2k3VHNQOFRnSTFteEo1bXEzRHExZ2dudFRkRTJZMk80Ty9QQUJtc3pSOEFZdERHNkFvQVI2TFVLQWN5OFlkbURycU1reitJTWxEOGxiWkFITGNrYk5VVkVsZHd6Q1c3a1FMeGFNWEJRV2dOQkhwa3o0cVFYNVRycWo3Z2kyNVdiMnBpejFzRnRMNTBNWlVmaHlYVWRHSEp2d1plbHh2cUhEUVFNODlwMmkwYllpMjJSaTFNcXlJMTJuWS9aZTBlNGJtNHJhb0VKd2FGSHpzdWFYenZqQTRCVkQ5akxXZlZVd2NrNXBVOHRvVldrQjlsRzR1NUJERllEMk9aN3NzMlhtdjNXU0Focmw1ekY3M1ZvaGJDOE1qQlVqZFY2K2tOK1RxajZTVmhEREs2QjhqLzRRUE1RdENkZkNrZGR2eXcxNE5KSHRKc0dXT0pqeWFFWUx0VVVTVjhLOS83S2JzdmdyYkdBN3FGaVIxMTV3TlArSEJwdUVHQXVWZmRCWnpabjhBSzFoZkwvazVkZVg1UW0zK0hQb2RGWEhreEdUeHNvbEkrdldTeitHQUhLUzlZRHlmN3B5L3kwL3M1dWwrUTRycGVBckYwMWlrR20yNVIyVk1GYU95MWtGZERCb2lIY1FpTmVJWURvbEp1aVRrbjZHZ2VWbkJQYkRRU0ZkeEJOTWNJb01RRk82NVk2Slh3TDh2MEkxT2RUaDRUNWNMUi9lZXhBZmFrcTgyWnZ6R2tObTlFYTQxcU1wTXAwRVpaamhmM3hBV0p1RklZVFhZeElRbFpzZVV1L3Q0ZmdHeDcrdzBwTzQvaHdIa1JoZHo0OWRVMTNEd2dKL0xOMkE0RUZzMjBVYm1ZN3UyR3Fla2FSeXJ2bU1JeThNRmhYcER2YmxsVWZLZEpnQTdUODUwRmRwRFNhbEMrU21URFN6a1BFVmpTTjc5RzMycERyNkhTcSt0VWo3UmhkVldSc0MzcVpXdCtHK25Oc21HdWtPRjZoOFZvUWNBWG9IOUxkL2tYRi9HVVlGRFRTNVdxenh1TGtMOGpJRUVDMEVVTmFjTVdvR0xETnhSYUhDamRKUERBNUphS3BzOFprWlZ3amJuTzY2NVo3ejhNNjNpbXJHTE1iVUFibkl2QVpRaUN4bkNtTHR6bjRUeWMrSFBzT3hNQkpZdDh0VHQ1SEZlU09JbUJJUWNJbmxab2JPTk02ZG5Uak5BUGRkNDZGMUpjQ1lTeWRCeWo3Smp1UEtjMVJVd2k3NXhZbm1vamZ1c3dhV2VCSTlRVGs5QUp4ZWsveTh3eDdMdDZkQ2E5NkJFUkRGWEhiaXNtT0dnTDdleXRWVXhHTXlobXZDaVVOQytTZkNOS081eFByNEFiSWRYWTMvSmZXWVZMbTZpdFlzWStrUEkva2ZHSG5UY0hUZm84NlBSZWtESCtKMDM5ZWEyTUd5TUVEWVd6d2x0VWg2dytNNG1IeXRRVVh0SGNiNTNSQkcxM0hXSjFMLy8wajVVM1JmbWUwc25UQllnRTN4TkNBaDM0Z2U0Wkx0TU04dUZyUWp6eGdrNnBPSVVicDFkdElZKzVHU0djMGVRdUowZFJmNUt5Y1o1UHE0aGg0SHdEa0pHZkZIZ0dIR3lqdXNHc3o5Q2x6b0FQVjQ2NHpYRjA2cEpBOElyb2xqcnA3dUVjQlAxaGY3NUZCb0h5QkFySHgrR1BFNElNWEpPVy9mSlBHV0FYeE9jYXRFR0RuaUZ3enVzbzR5L3Fod01pcUR6TEk2UkVJWVBNbU1EUlAxQ3liN0Q5ZVhwRjZvZk5LN3k3OVA5R3gwUEJrbDlZNzYxWXMrYkNiOTloUGFmS3hiem5RaVZHMDRlbVVQN080dFNML2tZRmlHeE1DaXYra0ZxellsUzZJOTNMVDhqWDdYTERnL3VkVHlQWmVGSnNMQUJKM1hSSzZGM0IvM2lKbThtVE1aVWFZNlBCbUMzTUJTMkc0TkZRaHF4NENWVlBmbitUQXUrY0ZmbmtCNGJXNU1ObWVRcS9JOW9Jak5weTRhWGpGbTRtY1Nyd0hXY3NBRGRUOUIxRGpGc0pQL1lJay9rS2puYXpmR09RcmxoNlZ3NmFmSERRd2ZrK3gzUzFacnZOclREWmZNbm53NXdpMUQ3L1h0a0JwR2VKOWRucXU4cTlZZUtELzJSZUJYQ3BJQzA3eWJXM3huS014ZGpnbXczMk03MlZNcTZlMTBxazBaZjZVS2tDWUpKRHRPalc3MFV5enhOVU51NUJCcGZQL2IvMVQveGdLczdxZjByMEhkMUFTOHh2enM1cXQrbmMwQnN1a0Fkd29Oc3NmZGJYWmRidmFuVk5SaVJoRmYzS3lWekNiM2pYSFNhb1dkR2JQc3dnZ3kyNno0TWs1cjhnQjQzZkRLcjg5UjIrZy81ZTFZbFRyaVdGUlZ0d1lDQWhESElBQkhLZ2hDZnc5RXg4NmJsMzMxYi9yNHF4dHJOT3JrWEc5bWtyVHZ4QkVxeGVENUw5OGZsZlQ1VzQrYVBvcmVaRjNDcTNyWlBGaXEyUTYvT29OTE5IcjdzZUlHZHBzbHN2ZFpVRlBFR0Z0T3JFMjAzbkt1VWJXcldMNUgrMkUzMHdKT2psdEZYTlFvcDJsUjkzMHJiUGZwT3RtY3NVaVdKbWpHTWpmbjRYQmpscGpsRnE3N0FxZ2tkNm5WMU5Bb0YwZzVnWUpzUThMVi9VVzBsdjAwWGI0Z2pnQ1BFeEFKNSsySVRlcVhnYVJVOVJaMlNneW9JYWhUNGdONWxseW5CaE1ydHJoalpXYlpTZWdubTVSSkMzUENlc3QxZ2Zjd3BqdnEwWGkyYVpkcW96ckh3WGtEVWdhd1JOaXpKZWdDT2Ura3JUY29FcmFQQnArR2NUNmRSOXl2NzRnMllveDdvM09jUXg1SHprdjhpWUVVdlpYakY1aFZUY3R2aGZlSVpSUm5KOEdzck9HYklkdmdsbFVYYTdsajlMdlowc1hYYUdic0J6ZDBTR1d6TnkxV1UyR0h1VDlhMktDQXJ3RjdDWnhmTW9FS0VNWEhsZDU1QkZWenJNUXhFRlRQTXA0NmVrREFXM0lGTFlGbzBNZmQvbkFyMlRMWnB2WERVc1YxeUlTREtyTmo0bDBBVGdtSkVXckFvbFo5ZUlaclQrR21uVHBYM0MwY09sQ3BJdnozbVJvTjZIa0hSL0V3dm1aRDVPamRLSGkrRTJtVXdDcGxJVEo0R0FkcFB0Rit6OEg1UHpPNGUrN0N2THdnd21jdzY2SVNERjZ4NHcrdU52a1dsUEE4N3ZIM0xrN1BRMzdOS3MrOUZvcXprMDgyYTR2RFcxWjZ4UWlzb1NRUmE5UDgyREU3eWRmNE5hKzdzc2NOUDZKSXlHOW5qWkV1Wko0c0NrMWlmekU1SVlwQTBaQ0dNSWpIVHpoSTVDdEsxd0VLVXczUEdCSUVqVUF0WmtqWGgxNDVqZUM0bEhwNHhRb08zU2tvTmk3Q05SaTBxclAveDNWTm84dTArUHp6QVU1SGwzdXpUVWdGeUtCckNMelU2ZGlsTjdJNGh1VnhKQk9pSjZMbGlJeVZnY3U2VzRLNlpDQ3FJVEhqSXVxRVdQZHhTb3gweTNtUGRydloveXJ5dTdBeHVHZmZXa2huS0V2dDVUUzJxbUtXRGZDMmdvL21wK3Y5U3hFT3VIOFh2SFc3bFp6bzlqYWJGdWlJYlhyK3YyVEVBVEVVaklML3lyQmQ4NlVUZlR0VDdZejBhMUdhaW9RcEVaR1FzWDRockJBNzNMWjlXMlBTMWxRRUJ1SUNGZzlvQmpzKzBzdTJDdG9vbUZKRkh6TjZNMUlIQ2JhK1JzU0hJN0xZRU5INFIzOGI0NkNwYlhjWGwwdGhTeUtJb0NlZktpSU0yQ1ZBTkdZVVZCSGQ4SjgzT2EwOGMrS0ZsSW9GWTIyaUlVeElNdUREZG02ZnZRc2cxbDRQVWl2ZWpZTGpIMHpEMlNsWTI5YjNUcHpjMm5wMHZWYXMxNCtkZVJSYjJKTmpVQXNKS0pLL0drdWY5c2tXVDF4NDV6RGFMYUxuVlFEZFRIaTRmdTV4VG0yMERrR0J5ZFQxbC8xYzhVa3E5RFZoZm5Ka3FKL3lYMHUrcTRrRU96N0hHR3R3MmRaaHVyN3NZSnBldXdLY2QwbFZFbFc0Q2pLT29NTDBISlBLN2dsWFpudk5EaXFPUTVGUmZYOFMxLzhIcFVZYUV1a3NaYlNiZ09GZGdLMkZGMEdmbGxUaEFmbi9NMnBpL25kZUt0Y0xtK2JSR3BpMXJZZ2tmanlsY05LM3NlYlZHUVhINHdLdUxGWHpla3dveTdrR1pWdE1RakRmbGxSVjJycElXWGEwL1VOb3ZKRTRJdzl4ZEFNSmpCOGVSOFVqN0dqNjJ4OHc5eTZPbVBVdllvbi8rK3pjb0J0VXJiTXBtOWdLN1VyZDRRQ0hac2VweXJQUkQxbm1pcXU4WjFUUmNJaFJxM3FoUUJXNlZTM1Nyd0NPZGtwWldvbWJ2QkJhUTljVkx5bm5PTEg4SDdyKzhwcCt6aVNxTlBtalZTU2x3YWpLTk1NUjAxK1BQam84N0twWHFrTHJ6MGxiTnpRSDdSOXlwVlNyRUFUUDUvaUFSOXFZb0pMdjNDbGx2YzhzblN3Wmp5SXBENTBtZ2VIWmhQZHBJdmkwTTZSVGdEYW5NbTg4cXBpTDdqWW0zTzhwbDdFVi8zdXpoZ1ZmallyUGlNREhjYURjcmJnaXVseERJRFhnOWRBd2h3bVg1VnRWYXBKK0ZCeGp5aDdjalVxYkhqaXBnVHRYVTcyVEl5YnJiQzFIak5pdUxEN0xlS0FoanhGRWxnZ3hJM1hqOG9ERHhJeFdHaXdxZk9IZytvWEJUUjUwYlRyYnc0R0FFdHhJSVB5TFJiNVZvQkJmQk5sRDZ2Nm0yNWM4dXpzdjJPTWJVSXRDcDNyTW5wNkdnVUxWeXpxWVQ4YnNMejVhT3ZMMERTMmdXaU9aRnRqSmlrb2tjRTJORWFBQXBzZGVEMXNVRUI3SUFxTElIM2RpSW9sdnBuM0NHM09GbDU1RzV1ZUlOZXVydjdKc3Z1cXJKQUExbEVyeG0xeVVCaVJnaUw2YlE4cXhHNlc1MFN5SDdNUTk1Q212T1FkalZUKzdVVWpoWW5odGpldU94Y3FpU2M3Yk5JTlBMNUN0amYzVXh2ZjljTytlVUdiNDFnZVN6U01Ta3kwUDRMNEpuYVV1T2QxRUY0N3JUdDF3NkIvem1IQUwyZkRzS0JUeXRZUE5PTjl4ODl4YWFDT1RUNmRscmxpa0p4M3BZalBuaVpEaVdTQWhDOXlUV0NuT2pLODlYTTduUUpYaEx3cnlIZ2x0UHV0Z3JlOC9jNk83VmxTZCtOSktoWjRKRXF6Y3FnTG9MWjdDbE1hRkQ1NVRqdmVHd0sxOE5FNGd0Mm8reFd4RktwVU13cmx2T21iMGhaL0ZtZzJYQWRJcXpGYVN3dFl6SFdLUWQzS1U2Szh4SWFBMnlqZGJzVzJxRzBtbWtadHB0YldibjExeUhvMjZaZlI3M2J1azFXVGdXZDRIeHZlbU9BSC9MTDZZUnkra2hvSDA1Yk80dGk0enc2VTdab2pyUXpZNlhZZFhHdnczeHBUUFJ4VFMzdXpQSkpnTUJTeENEUGZpY1JnWnZzeCsweVpiZ2pjKzlWNTFFS3JVMzl1cmJiSmxPNHUxRmVqM2tsdllkTnQ4WVhQdmpsRTlqNDcxVEhFMlN1VE5rVUVzcWRzNXkyeGxmcHZMdFpKV3ZSQ2haVTZpQnlhWklSVzh4QmR1bE9Fc2daanRhbWlLR3N0b0VHSmlIOU50Y0NzYkVwdzZ1MnNIM0hNc0l6VGw3Qm43Z2NNanZsdUhjbFZkdFdGeFV6WUFJTkdvd2l3Tm1Ta3ZHU09ZWWo1bXVWV3NwN2UvdmFORGpPR0xrZGFkdWc3NkhDUWpDWE5MZVNIejNkdkl1bWpucmtIeGM3UmZFR3p6VWxXYk5qSmFwUzZpRk9wNmZLR1V0VTE5K2lmam9KVWVtSlFDRG40UDV0WVB3MEhFMnphUGRQRHZZdzR2WFpXMERjK1BlNkp2aURxZ3M0TlhNa00zbWEvM0lwQkZGZmgxU0ZvMjZCMng1aXF3MStPcDU2SGtLdVBtUTd0TGRGWm9UQnIxcW1vcldCaGJnQjNIRHI2RitrQkpETWVmNUhZSHhLYmZzR1FSS09lRmRrc0phOVdOckI2dS9CRUZlYjZvbWFDcmNMTjRHZTdlL3ptTU5hMk9pWkNhbVZCcG8rRWxZMVZLQUNiZXRyK3IzaTlwKzAzUEE0QzREN0c1Y3Z3OGgxUlQ1UFRMSlZ3M3hUcjJBb1BUcmloVllmZFdRajgyMWtIdDVlZFBBbTh0dlB0NVlOOTBuYlZ5VDVxWlVrU2JlTUp5em1nb3ArdU9Qam5SN3M1amVPdTN0c251c1JNajFoeHEwOWRuN3VxbTQ2akpOL3hnM2hxRHZoUCthdG1Va2NFOE8vM2s2MG5FSndBSHJxUFBRbnMybFRWM2taMmlwMjc3dll0UWdZa01qa1lsenppU1hsRzNPT2JYMEl6NllwblVyRkpGSWZsUzNza3diMEJSN2ZJYkpFdGZ5elR5d3lJeXY0aVNQTEU3aG9ucWVZU1lKeldITUxzdUJOQk43VjRpbzZqOWU0UkhkZk0wOWEyS3JoQUlXSmptMU5maXZmZXNGL0JzQ3ZsL1JCZEZXU1l4ZzNCTGlxdERxL3N1QjRVVnZMekZ1TE5sQlN4Q1pIdnpscW1sOS8zaUtlN2xUL0hTR0JXWVZXbmJSdmpHNlhxeEFyWnNFMFpkQWNLM04yc1pXS0lCazkvU1JEN0J1b3Q5L0tITEJ0SlYvS0F3V0Vhc040ck0xV2RPelR2YU90S0FTMGNlR3dNNXBTYk1vR1M2RGl6TGYzWUk2ZFV2NkNRaGxwR28wUmtEZFlLdlNvdS9wSEsvU2djMlZteG9EYUcrb21TU0J2dkxkTGJXVXpMaTk1T1RyZWwya1pEbnNldmtuaEdlcmZjQ0xDSm13VU0wcjN6WVJlZllyMmgxa2hmT251VGNwWTVnM1NuMStFY0hUWk4yZHpQSy9Bb21nSEtpRGUwWlc1OHk4RUFSVGhZUTRhNlU1UHFYaGxkQWVyenpIekhHbmFUZ3FrREV5T2xlVnJUZ0M4L0xzdWdjTnh1cWJaWjBCNzVVWUNwM0wwNzc2VWN2b3VEU0lGekZlNzBsZlNEVitMT2JtUmFaVEFDQkVUVDM5TEo4SEVVc0t5YzIxRFY5YzRVT3R6aEQ1N0FWSVNzMlcyRDdrOTh3MHVwMmIzMkZKWStZeDNpUG04Zy9oSlhTaGpnaHNKVFdaTUVCck5HT2MzdlY2TmFiSnJ5Zmp5VWh6cVRmejRMUGo0MDdhSVlLaFhLU0RzMkRzKy9aeStpUGpuWThNS2tIaWVCdWgzcDFsZm5waHl2Q0c4VkhUWitjOUsxSEo0WVRWaXhicmtUM2I2R0JHcmcyamxKRkUycmpWcGNhVnRDOEJTeHJ6UlR5N1lLOTMwMFh1ZGJSeDV1djJsakQ3WHhmUEFoYTBJVWJ0dXlkOHROR3JYbnk2NjBUWmkzbUFDbVBnWm9wWWxiUWxTSjQ1UkFtN2lCTkF4a3N3OFE4ek5jQ2Y1d21JRGprWHRqNEV0WDhrRnRSU2xCc0tuYmJyTnhNaFRucW0xMDNBZWNZZWtiUkZ0SEhza1p6S3ZSTi80VVNjaUpTRzJ4S1lPa0xDMEd5WkhTSVhzOFhPTHhSYThTeFVsV2RSWDRaanEwb1owTm5YcFRJQ2UrRHpLZzlQTmxza21CcGZBZnFZNmFTRktCQjN3cnVWQUxoT3JtQ0QxOFdHMTExRnoyRjZhWUFoZGh1SWdBZjdJSjBTZ09ra1JpQUR1dmN6anBTL0VYRm4zemY2KzZuSjVDRS9FRDBQT2N4Y2dkR1E4bWVDMnN6aE1rdlJXNy9WQndxT2V6WHVDUWlxMktTWTZRN3ZBK2xZK1ovN0tBTGRLZHFFcXYwbGxYQWEzd1ZLeERycEdTcFpTTDZzblpONVBkbGxTRmtld0FueG90Mngwa3JEUXhUeWw2blZ2RWlITDBYa0s4WjU2UTJKR3E1QzNld01paUNXZmYrS1E2T3RnaHEyOUNBMmZVRnZTVnFBd3NVVDh0T0N2QTMrcTVXbmZTMFE4UDdWcDRxeXY0djhOK0ppdUpZQkJsOUhGb0JhTmw1SVQ4RTlnL0x6czZSNWRvemVZTWtVMnNUdXdOZ2RzK0cvVkN1Nkh4dkZxYjNhTCt1bWhscEJRVVFodER4NlV1bXpoc0NDZWtObWFJdGcvSlI5bHRMcXFxemNMbVdkMEY4NkhuQUtDL29jVkxvc0docDJvNkYwTmk4LzRSK1VqbGc0Q3pUU1IyRFZHSzVoa1dLbHp0R3ZvOVJqaFpmcmVQbUVpcjhJNWxKTTdjYy9MOTg1NjhvUndHOG4vQXhqakY4RytNaXN4RWZaN0ZjbmJPWkM1WUFoSTFQNDZ3OHBPMkVXRU51T2dKWEJtNkd6cU5jRVhmWDdDQW9vRmxtTmQxelZQbTBOTi93TlYwSFJYNWR4ejlIbXNyWXZTMGMyWStrZjZ6aWVBcUNiVEFjcjZOdjlWNlFzNmg2MGdCcnNURGY1c3BRQjFqZkpqWFduc21rWnBoTVBWTUZoemZKTkZhTmR0WEh2bXkvdXYvcHUzdkZEZVlTc2NUYW1kUmd1amtpVnNTUWlsTjlqdXZSNDVLRjNOckRMdklYZS9pdzdxN3lCK3gvSlNTRmN2Ylk4Qlp5VDRnYVU3dDBSMjN4ZlRTMmRvRlJvZkhaaVBSWk9QQU9EbnVSRVVFckF3TS9nLzZPSkt5WXJMMURxYjRHZjY4UFZabEJoSUFMbno2NCt0TW42ZUZMQlJsdGc0cnlsU3RuOWJXaUoxWlNGd2pFU2RXN1Rud05rSXlDVFpVTzA3enVrUlFGaGp6bWlyRWtKdVdJYUpWWlNrVCsxTVBLZFM3M24vQ0RHYzZ2amswRUZsMEtzM1cvOHRIRVFnMDRaWGpPODM1NVpyRy9zOUpOWjgrdVhPNVBJMjNIMG4rdHZGQ3h4bW1tRzExTThPMklvdkpLcWtDNnZ3OFBQNzZ1bE5ZeTQ4QWRJRTRlTkFPS0hJYzY3TFVTRlhjeXMzeUhWQ0x0MHNlQkd2QVJ1K2hOQ0RaQzI0NjV0cndscHNVaTJjQmhDakdEbVB0WXJFZFIybHZFNjY0aVRnSmUyaUo4Rkd4dklkZHhKdW5BaUwzUUFhR0t1eW9oMm5ydHRHaUYwOVdyVmNBaGdvU3JtaGJKNzAwQndNUFRManNydVRhcXV2aU5wVTI3dVN5SlU3NG5IK3pYMzRjck9Jckh2M3lEcnN2RUxVaDFhYXlvUzBQd2FrRHpEaWxPbXo4NDJyOXVjNUh4TjF4L0N2TDRBVHNtVHNZY29qRldIWEpmNkFrTmFhS3c5ZDNJTlg4allLVlJnOWQrekplWGw3VXZ4Z1lIMVh4RXBvd2Z2eFdsckZhQTVYRXQwMG5BRS9Ncm10NFl0b2JjQkkwRHAwTG9NSTk5dUt1YVNIYUkrY3QxVkdPMnpBelFUclBQOU5FWXVvRTlXZG9JckxONjl4dUhZdjV0NVFHMll3U042V2xBTWFVenprdUJQbldHZ3FEdXhkbGhhMm4wOXRjMjFBOW9LY05ZSWlFTkovV256aEFVdlVsYUtrK3dRQW1KTkdtanhhUHovM0YxMndzT0xMQ2VVTXVLY0lhbGpQM00vSSsyT2pYTTJSN2lRNlFYRGNING8wNGJZMms3MTViKzRucHRoOGR4Q0Z1ZGhwcW5hZVdIK2JuSTRsdnE3cHVPNkVqcy9aS0o1UzAwdHRjTFRLWEtTYlNCQWRiSFNSZ1RJVDVwWUQ1VU1QdEl4SUhUTWpSazluRjU2d0k1S1RxQjlYUVdIK2xqcUgrZzlvRzQ0emxmTk9KQXA1bGFKbS9KT1J3MjdmMnhCSDFsaVlHV04xNjgwOEJCenJQczZTamhUMXRvYTR4MUo1eDJQUjVSRjJaanUvbnZaVXZscjVBYVlHa2l0QXJnUW1aOEd3TEpsaGFwUUQxVXRJMDdwZ204VVRvaEpCYWx1U2VXaDlzZHVhM3hDdVM3WGE0S2FIRm5PazlYMkRhLzVHUlRDdFVzSkhkNFVEdXcyYTNldHpuREhZZ2kvdjJuUkhZalo0dVJWZWtjNW13ZnIyZ1N4Znp6NVZQQTN1QTVlNERWRTN3anFGYTNmcEJ3M2VNUm1PZkdHTUlyQ2VkS1V2c01KUmhjNFlYQzRvZGwvTWxsbnF6YzNlZG9vekZ3dU1ZU3N4dStFMmhZbFc1SWE1QmJyL1JuWUJjejZKL1lhTHJUbXNJenJtcHV6MGFtSVc0cjhEd2dZUVFrdU42WnFYc1BFdzBBdmVPRGQzSitJQzRkWnA0ZVdaSm9PT0tPNm1OTzU2OGNqYmF3a01IcnFFSDBKR1pwV0dVdmJ5cWRscUwzbm1rRnRXZ3d0dnhLcCsvMzVCQVlZeHRUaEw1MVJxYXBJeU5nQTFkTnhMVlFUVHc1UmdJWHNwR0RwQTBEYlE0WTVxdnZDOEp2SXRWYm1BOTRpbElpMzRnNnFvcTMxNjdhR3hSYWdHVTdWRmQ3eVQ0cEhFREhMVHNyVWJuT3lkMzNlTFlpZXdYRHFUNi96dURGUHNDM3hCZG1hUTNkU2EzL1d4N2dCT2JKckFWTVQyTWp1bkJCRTJVKytLb3ozd0xqQzVMaTNwT3JlcVJmcGJhcXgzZ25vUGdDUWtPcC9oV1QvbGFDOWs3WkE1S2FONWYyUnBDUEZ0aFpxbUxmamFwSURwWXpCMW43RVpsd2ZRYUNKSzluQ1cwK3lQdFV1MTlLbll0dXhZN1I4N2ZaUS9OS1Q1a29lU0ZKRThpWGpGTmpMcEsydHRkc1RKZ25ob3dvT21pNmkxcVlQRUlUZ2hCUGhKKzlvQ1llUmZoKzdST04yNVpFOXJIVHgyR1JFTVMwbVo2ejZJN0k0K3lOcWtDQjZqeE9oR2pSKy92aUM3T29VeHYwQlc2aTRhVlpHWERVMWQ5SlNHVStPMFhkMzRuMlh1TGs6OlD8pYhGBOn+5qhCXGnhfx8=','2018-11-24 00:13:59','2019-01-06 17:27:13');
INSERT INTO `employees` VALUES (4,123,47,15,35,73,'M','OTdLclRhOXd4Q3MxU2wrNHMyTGxtcXVkTDZSKzBLWTJFRlVvZUpDTHJFSitrWnpSazE5eG5yYWZkcEtMWkVPMEJrRVh1RG45eFlXZjVJVFdWKytVVzI2R1JlbXE3bFZFaWg1SmNEY09EcnBhOGJrNWZ4K3huNnVSMktNRmxBTm1pVTgvVGlqa0t3WFE4dG5aLzV3YS96MHZDVmpmYkpDN3FUclZ2L0lxQmR1SlZIYUZwZTZzL2tPWk5vS0tmbUpEYklBaGthak91a1FxMDNaWU13RUtuaDh3eEQ1MDFmU1FjaDNyUER0K1lIR1o2TW5ldU81S3g4bkptZDdKUDE3MWg0UHdac25YQm9KSmhoOGwvNVZTWVN3anp4eWZ6Tnl2ZFlGSmtjRWttTTVsRjl3N1RvK2gyZEltSG1xbCtwaVRwajlDYVFiRldWOVdmTHNsa0VRamlMTUJ0amo2eWYwR1hLQ0I3blVPbll2VVBLTndORjI5WUZiZzhWQWV0eFlhdFJ0NFpZYUFUcnJCNXBwR0hldGs0Y1h4TlllSW1KdlFCK3VJOHdITGRIVUxiRURkd0VxQ2I2dXNKV2xLd1VJb3JvVElYbWorelMyWGgxa0RIRDVFcVdRdTdqNml6ckdvL3luT3dJZEIxK1gvTHBxK3pFc01wS3RNRy9jSXFHM1VmSW8zMTdKdS9zOVZ3SGNaa1BSN1FaUWZZR3ZFcFNsT1JzYjBaa29CS20vT0dSMGpPODV6NXBGbkJlUWRmWkczdXl5cDlYNm9xclBkYVljVThPZ0Z2a1lXcjdwNE04VWVJcXRVSUwvSEhRVDJLYXVmU2xiLzlJNjYzcFdJTDVodktVcXNJTXpQU3k0VkxjQzhBbXN5ck5vUkxtNXVmRmREV0k1TW9xc0lTTTZBb0hTS2tyUXVRdUhSdXJtSXdwUUMzRVhHQUVyQVFoSURvcUVVQkVtYWo5d3U2cGJWQmpWSy9UU0pHcEdsMjQ2OTFibUFkdHFEL1g3UVdJR1oyVUs3bVFueVFnZUlhY09jcC8rNjdTYXRCZHkwZGpIRDdBRkloWG4rZDAvOERKQ2tQNmRNOEVueFI3NmxMNkwyOWpMK2pQdkNTaFN1OGpaK3h4TmZKUy8xaGcyaHhNRzVGQ2YrSkpzUEdiNXZiWWNLcVNvY3dGK2hEVE95NDI2U0JiZW1Bb1JYdUN4TjZTbmREMXZwZEh5Ri9OR3dWU3g3Rld1OEc2aGpKL3dHTTVHV2VuQjgzTWFTblRWY3FCcFRqTis2VWtZZ21VODFFTGlYV0xEUFFuQnFycnlBRWRQY0VaYTRFN1o0VFF5MkRuV3FvU1BSYXBOa1NtZ0V3RlpPblJPcWJEb2o5OXNOVmJLYTFEUURuQnJOdXljSFNUazU1Z3h0eDh3YWozREJUTmhaR0tHRXR5ODJCQXBLK2xidGhiMUlGcmNETEZLK1B6elgzbDZnb0dPNE9UcHpFbHBiYS9BY2pPZnAxMXRQejhqc3BWdE94YkdXRmpSLzYvMmIxMFNyL0YwbXl1MDNjdnZjQzV1RkovcHZwamsxNklBUUNzdzdLK1p0UkRUN3A5Uk5ML2xYTnNYbm0xbkxSVjBPdktBUGdWaW9uUE1Vbkg0K1dXbW95a3Vabk1pVzhaTk0wV2s0dHZzNjRYZE5zMFdwUVpUKyt0dllNc3BSeWI0Y2hxVVFpcFJHWGNiYTN3anRuOUt5NU93TXViR1RXTVZjWGZkU0QwdTlZUHpXRTBhTzQ5TFFvU2IwWnNQWGFSSFdOcFJFT0NzSW82c0Jabm9VY2VvZlEvdi9nQitCdTZuYVNrRVdyVFhLV3dSRGZYa2ZKb2Uya3lYTWNGMmJyUmJuZzArTWg0OG0rVDFWY0tIMFZKVFFhUCtvcndkS2pLczc1VllDeENGMi9ZZzVzR0xpbUFPdTNVbXY5MTlTUG9xeHgwNm42dWlqakNwb1RlaUxQTVVTLzdHV0dQVDJRc0hXcnp3aldSaWZpd0tFRHdrTFp3NXcxMHcxc014MStKY3I0dTcvYlRSQzJEbVRMS3BkTkZBcWRqWDR3MGlqQjgzb1dSRU9mWG1Xam1oYStQNWl5dUZiTDZuWU1Ramx5TVUzcHg5SkxmY0JQT05JV3JBcHlRdzZNSWJwdzZaVXNFZGNrcjg1RVgxN0xqd3FEd2ZlT2RTUnEvN3ovWGxmZzR5M1o2YXZkMGltWnVDVWE5WmdBenZpeEtkcG9JTkk4UEk1akY0WlUzQngwUEtJWUN0MUx5V2k3VHNQOFRnSTFteEo1bXEzRHExZ2dudFRkRTJZMk80Ty9QQUJtc3pSOEFZdERHNkFvQVI2TFVLQWN5OFlkbURycU1reitJTWxEOGxiWkFITGNrYk5VVkVsZHd6Q1c3a1FMeGFNWEJRV2dOQkhwa3o0cVFYNVRycWo3Z2kyNVdiMnBpejFzRnRMNTBNWlVmaHlYVWRHSEp2d1plbHh2cUhEUVFNODlwMmkwYllpMjJSaTFNcXlJMTJuWS9aZTBlNGJtNHJhb0VKd2FGSHpzdWFYenZqQTRCVkQ5akxXZlZVd2NrNXBVOHRvVldrQjlsRzR1NUJERllEMk9aN3NzMlhtdjNXU0Focmw1ekY3M1ZvaGJDOE1qQlVqZFY2K2tOK1RxajZTVmhEREs2QjhqLzRRUE1RdENkZkNrZGR2eXcxNE5KSHRKc0dXT0pqeWFFWUx0VVVTVjhLOS83S2JzdmdyYkdBN3FGaVIxMTV3TlArSEJwdUVHQXVWZmRCWnpabjhBSzFoZkwvazVkZVg1UW0zK0hQb2RGWEhreEdUeHNvbEkrdldTeitHQUhLUzlZRHlmN3B5L3kwL3M1dWwrUTRycGVBckYwMWlrR20yNVIyVk1GYU95MWtGZERCb2lIY1FpTmVJWURvbEp1aVRrbjZHZ2VWbkJQYkRRU0ZkeEJOTWNJb01RRk82NVk2Slh3TDh2MEkxT2RUaDRUNWNMUi9lZXhBZmFrcTgyWnZ6R2tObTlFYTQxcU1wTXAwRVpaamhmM3hBV0p1RklZVFhZeElRbFpzZVV1L3Q0ZmdHeDcrdzBwTzQvaHdIa1JoZHo0OWRVMTNEd2dKL0xOMkE0RUZzMjBVYm1ZN3UyR3Fla2FSeXJ2bU1JeThNRmhYcER2YmxsVWZLZEpnQTdUODUwRmRwRFNhbEMrU21URFN6a1BFVmpTTjc5RzMycERyNkhTcSt0VWo3UmhkVldSc0MzcVpXdCtHK25Oc21HdWtPRjZoOFZvUWNBWG9IOUxkL2tYRi9HVVlGRFRTNVdxenh1TGtMOGpJRUVDMEVVTmFjTVdvR0xETnhSYUhDamRKUERBNUphS3BzOFprWlZ3amJuTzY2NVo3ejhNNjNpbXJHTE1iVUFibkl2QVpRaUN4bkNtTHR6bjRUeWMrSFBzT3hNQkpZdDh0VHQ1SEZlU09JbUJJUWNJbmxab2JPTk02ZG5Uak5BUGRkNDZGMUpjQ1lTeWRCeWo3Smp1UEtjMVJVd2k3NXhZbm1vamZ1c3dhV2VCSTlRVGs5QUp4ZWsveTh3eDdMdDZkQ2E5NkJFUkRGWEhiaXNtT0dnTDdleXRWVXhHTXlobXZDaVVOQytTZkNOS081eFByNEFiSWRYWTMvSmZXWVZMbTZpdFlzWStrUEkva2ZHSG5UY0hUZm84NlBSZWtESCtKMDM5ZWEyTUd5TUVEWVd6d2x0VWg2dytNNG1IeXRRVVh0SGNiNTNSQkcxM0hXSjFMLy8wajVVM1JmbWUwc25UQllnRTN4TkNBaDM0Z2U0Wkx0TU04dUZyUWp6eGdrNnBPSVVicDFkdElZKzVHU0djMGVRdUowZFJmNUt5Y1o1UHE0aGg0SHdEa0pHZkZIZ0dIR3lqdXNHc3o5Q2x6b0FQVjQ2NHpYRjA2cEpBOElyb2xqcnA3dUVjQlAxaGY3NUZCb0h5QkFySHgrR1BFNElNWEpPVy9mSlBHV0FYeE9jYXRFR0RuaUZ3enVzbzR5L3Fod01pcUR6TEk2UkVJWVBNbU1EUlAxQ3liN0Q5ZVhwRjZvZk5LN3k3OVA5R3gwUEJrbDlZNzYxWXMrYkNiOTloUGFmS3hiem5RaVZHMDRlbVVQN080dFNML2tZRmlHeE1DaXYra0ZxellsUzZJOTNMVDhqWDdYTERnL3VkVHlQWmVGSnNMQUJKM1hSSzZGM0IvM2lKbThtVE1aVWFZNlBCbUMzTUJTMkc0TkZRaHF4NENWVlBmbitUQXUrY0ZmbmtCNGJXNU1ObWVRcS9JOW9Jak5weTRhWGpGbTRtY1Nyd0hXY3NBRGRUOUIxRGpGc0pQL1lJay9rS2puYXpmR09RcmxoNlZ3NmFmSERRd2ZrK3gzUzFacnZOclREWmZNbm53NXdpMUQ3L1h0a0JwR2VKOWRucXU4cTlZZUtELzJSZUJYQ3BJQzA3eWJXM3huS014ZGpnbXczMk03MlZNcTZlMTBxazBaZjZVS2tDWUpKRHRPalc3MFV5enhOVU51NUJCcGZQL2IvMVQveGdLczdxZjByMEhkMUFTOHh2enM1cXQrbmMwQnN1a0Fkd29Oc3NmZGJYWmRidmFuVk5SaVJoRmYzS3lWekNiM2pYSFNhb1dkR2JQc3dnZ3kyNno0TWs1cjhnQjQzZkRLcjg5UjIrZy81ZTFZbFRyaVdGUlZ0d1lDQWhESElBQkhLZ2hDZnc5RXg4NmJsMzMxYi9yNHF4dHJOT3JrWEc5bWtyVHZ4QkVxeGVENUw5OGZsZlQ1VzQrYVBvcmVaRjNDcTNyWlBGaXEyUTYvT29OTE5IcjdzZUlHZHBzbHN2ZFpVRlBFR0Z0T3JFMjAzbkt1VWJXcldMNUgrMkUzMHdKT2psdEZYTlFvcDJsUjkzMHJiUGZwT3RtY3NVaVdKbWpHTWpmbjRYQmpscGpsRnE3N0FxZ2tkNm5WMU5Bb0YwZzVnWUpzUThMVi9VVzBsdjAwWGI0Z2pnQ1BFeEFKNSsySVRlcVhnYVJVOVJaMlNneW9JYWhUNGdONWxseW5CaE1ydHJoalpXYlpTZWdubTVSSkMzUENlc3QxZ2Zjd3BqdnEwWGkyYVpkcW96ckh3WGtEVWdhd1JOaXpKZWdDT2Ura3JUY29FcmFQQnArR2NUNmRSOXl2NzRnMllveDdvM09jUXg1SHprdjhpWUVVdlpYakY1aFZUY3R2aGZlSVpSUm5KOEdzck9HYklkdmdsbFVYYTdsajlMdlowc1hYYUdic0J6ZDBTR1d6TnkxV1UyR0h1VDlhMktDQXJ3RjdDWnhmTW9FS0VNWEhsZDU1QkZWenJNUXhFRlRQTXA0NmVrREFXM0lGTFlGbzBNZmQvbkFyMlRMWnB2WERVc1YxeUlTREtyTmo0bDBBVGdtSkVXckFvbFo5ZUlaclQrR21uVHBYM0MwY09sQ3BJdnozbVJvTjZIa0hSL0V3dm1aRDVPamRLSGkrRTJtVXdDcGxJVEo0R0FkcFB0Rit6OEg1UHpPNGUrN0N2THdnd21jdzY2SVNERjZ4NHcrdU52a1dsUEE4N3ZIM0xrN1BRMzdOS3MrOUZvcXprMDgyYTR2RFcxWjZ4UWlzb1NRUmE5UDgyREU3eWRmNE5hKzdzc2NOUDZKSXlHOW5qWkV1Wko0c0NrMWlmekU1SVlwQTBaQ0dNSWpIVHpoSTVDdEsxd0VLVXczUEdCSUVqVUF0WmtqWGgxNDVqZUM0bEhwNHhRb08zU2tvTmk3Q05SaTBxclAveDNWTm84dTArUHp6QVU1SGwzdXpUVWdGeUtCckNMelU2ZGlsTjdJNGh1VnhKQk9pSjZMbGlJeVZnY3U2VzRLNlpDQ3FJVEhqSXVxRVdQZHhTb3gweTNtUGRydloveXJ5dTdBeHVHZmZXa2huS0V2dDVUUzJxbUtXRGZDMmdvL21wK3Y5U3hFT3VIOFh2SFc3bFp6bzlqYWJGdWlJYlhyK3YyVEVBVEVVaklML3lyQmQ4NlVUZlR0VDdZejBhMUdhaW9RcEVaR1FzWDRockJBNzNMWjlXMlBTMWxRRUJ1SUNGZzlvQmpzKzBzdTJDdG9vbUZKRkh6TjZNMUlIQ2JhK1JzU0hJN0xZRU5INFIzOGI0NkNwYlhjWGwwdGhTeUtJb0NlZktpSU0yQ1ZBTkdZVVZCSGQ4SjgzT2EwOGMrS0ZsSW9GWTIyaUlVeElNdUREZG02ZnZRc2cxbDRQVWl2ZWpZTGpIMHpEMlNsWTI5YjNUcHpjMm5wMHZWYXMxNCtkZVJSYjJKTmpVQXNKS0pLL0drdWY5c2tXVDF4NDV6RGFMYUxuVlFEZFRIaTRmdTV4VG0yMERrR0J5ZFQxbC8xYzhVa3E5RFZoZm5Ka3FKL3lYMHUrcTRrRU96N0hHR3R3MmRaaHVyN3NZSnBldXdLY2QwbFZFbFc0Q2pLT29NTDBISlBLN2dsWFpudk5EaXFPUTVGUmZYOFMxLzhIcFVZYUV1a3NaYlNiZ09GZGdLMkZGMEdmbGxUaEFmbi9NMnBpL25kZUt0Y0xtK2JSR3BpMXJZZ2tmanlsY05LM3NlYlZHUVhINHdLdUxGWHpla3dveTdrR1pWdE1RakRmbGxSVjJycElXWGEwL1VOb3ZKRTRJdzl4ZEFNSmpCOGVSOFVqN0dqNjJ4OHc5eTZPbVBVdllvbi8rK3pjb0J0VXJiTXBtOWdLN1VyZDRRQ0hac2VweXJQUkQxbm1pcXU4WjFUUmNJaFJxM3FoUUJXNlZTM1Nyd0NPZGtwWldvbWJ2QkJhUTljVkx5bm5PTEg4SDdyKzhwcCt6aVNxTlBtalZTU2x3YWpLTk1NUjAxK1BQam84N0twWHFrTHJ6MGxiTnpRSDdSOXlwVlNyRUFUUDUvaUFSOXFZb0pMdjNDbGx2YzhzblN3Wmp5SXBENTBtZ2VIWmhQZHBJdmkwTTZSVGdEYW5NbTg4cXBpTDdqWW0zTzhwbDdFVi8zdXpoZ1ZmallyUGlNREhjYURjcmJnaXVseERJRFhnOWRBd2h3bVg1VnRWYXBKK0ZCeGp5aDdjalVxYkhqaXBnVHRYVTcyVEl5YnJiQzFIak5pdUxEN0xlS0FoanhGRWxnZ3hJM1hqOG9ERHhJeFdHaXdxZk9IZytvWEJUUjUwYlRyYnc0R0FFdHhJSVB5TFJiNVZvQkJmQk5sRDZ2Nm0yNWM4dXpzdjJPTWJVSXRDcDNyTW5wNkdnVUxWeXpxWVQ4YnNMejVhT3ZMMERTMmdXaU9aRnRqSmlrb2tjRTJORWFBQXBzZGVEMXNVRUI3SUFxTElIM2RpSW9sdnBuM0NHM09GbDU1RzV1ZUlOZXVydjdKc3Z1cXJKQUExbEVyeG0xeVVCaVJnaUw2YlE4cXhHNlc1MFN5SDdNUTk1Q212T1FkalZUKzdVVWpoWW5odGpldU94Y3FpU2M3Yk5JTlBMNUN0amYzVXh2ZjljTytlVUdiNDFnZVN6U01Ta3kwUDRMNEpuYVV1T2QxRUY0N3JUdDF3NkIvem1IQUwyZkRzS0JUeXRZUE5PTjl4ODl4YWFDT1RUNmRscmxpa0p4M3BZalBuaVpEaVdTQWhDOXlUV0NuT2pLODlYTTduUUpYaEx3cnlIZ2x0UHV0Z3JlOC9jNk83VmxTZCtOSktoWjRKRXF6Y3FnTG9MWjdDbE1hRkQ1NVRqdmVHd0sxOE5FNGd0Mm8reFd4RktwVU13cmx2T21iMGhaL0ZtZzJYQWRJcXpGYVN3dFl6SFdLUWQzS1U2Szh4SWFBMnlqZGJzVzJxRzBtbWtadHB0YldibjExeUhvMjZaZlI3M2J1azFXVGdXZDRIeHZlbU9BSC9MTDZZUnkra2hvSDA1Yk80dGk0enc2VTdab2pyUXpZNlhZZFhHdnczeHBUUFJ4VFMzdXpQSkpnTUJTeENEUGZpY1JnWnZzeCsweVpiZ2pjKzlWNTFFS3JVMzl1cmJiSmxPNHUxRmVqM2tsdllkTnQ4WVhQdmpsRTlqNDcxVEhFMlN1VE5rVUVzcWRzNXkyeGxmcHZMdFpKV3ZSQ2haVTZpQnlhWklSVzh4QmR1bE9Fc2daanRhbWlLR3N0b0VHSmlIOU50Y0NzYkVwdzZ1MnNIM0hNc0l6VGw3Qm43Z2NNanZsdUhjbFZkdFdGeFV6WUFJTkdvd2l3Tm1Ta3ZHU09ZWWo1bXVWV3NwN2UvdmFORGpPR0xrZGFkdWc3NkhDUWpDWE5MZVNIejNkdkl1bWpucmtIeGM3UmZFR3p6VWxXYk5qSmFwUzZpRk9wNmZLR1V0VTE5K2lmam9KVWVtSlFDRG40UDV0WVB3MEhFMnphUGRQRHZZdzR2WFpXMERjK1BlNkp2aURxZ3M0TlhNa00zbWEvM0lwQkZGZmgxU0ZvMjZCMng1aXF3MStPcDU2SGtLdVBtUTd0TGRGWm9UQnIxcW1vcldCaGJnQjNIRHI2RitrQkpETWVmNUhZSHhLYmZzR1FSS09lRmRrc0phOVdOckI2dS9CRUZlYjZvbWFDcmNMTjRHZTdlL3ptTU5hMk9pWkNhbVZCcG8rRWxZMVZLQUNiZXRyK3IzaTlwKzAzUEE0QzREN0c1Y3Z3OGgxUlQ1UFRMSlZ3M3hUcjJBb1BUcmloVllmZFdRajgyMWtIdDVlZFBBbTh0dlB0NVlOOTBuYlZ5VDVxWlVrU2JlTUp5em1nb3ArdU9Qam5SN3M1amVPdTN0c251c1JNajFoeHEwOWRuN3VxbTQ2akpOL3hnM2hxRHZoUCthdG1Va2NFOE8vM2s2MG5FSndBSHJxUFBRbnMybFRWM2taMmlwMjc3dll0UWdZa01qa1lsenppU1hsRzNPT2JYMEl6NllwblVyRkpGSWZsUzNza3diMEJSN2ZJYkpFdGZ5elR5d3lJeXY0aVNQTEU3aG9ucWVZU1lKeldITUxzdUJOQk43VjRpbzZqOWU0UkhkZk0wOWEyS3JoQUlXSmptMU5maXZmZXNGL0JzQ3ZsL1JCZEZXU1l4ZzNCTGlxdERxL3N1QjRVVnZMekZ1TE5sQlN4Q1pIdnpscW1sOS8zaUtlN2xUL0hTR0JXWVZXbmJSdmpHNlhxeEFyWnNFMFpkQWNLM04yc1pXS0lCazkvU1JEN0J1b3Q5L0tITEJ0SlYvS0F3V0Vhc040ck0xV2RPelR2YU90S0FTMGNlR3dNNXBTYk1vR1M2RGl6TGYzWUk2ZFV2NkNRaGxwR28wUmtEZFlLdlNvdS9wSEsvU2djMlZteG9EYUcrb21TU0J2dkxkTGJXVXpMaTk1T1RyZWwya1pEbnNldmtuaEdlcmZjQ0xDSm13VU0wcjN6WVJlZllyMmgxa2hmT251VGNwWTVnM1NuMStFY0hUWk4yZHpQSy9Bb21nSEtpRGUwWlc1OHk4RUFSVGhZUTRhNlU1UHFYaGxkQWVyenpIekhHbmFUZ3FrREV5T2xlVnJUZ0M4L0xzdWdjTnh1cWJaWjBCNzVVWUNwM0wwNzc2VWN2b3VEU0lGekZlNzBsZlNEVitMT2JtUmFaVEFDQkVUVDM5TEo4SEVVc0t5YzIxRFY5YzRVT3R6aEQ1N0FWSVNzMlcyRDdrOTh3MHVwMmIzMkZKWStZeDNpUG04Zy9oSlhTaGpnaHNKVFdaTUVCck5HT2MzdlY2TmFiSnJ5Zmp5VWh6cVRmejRMUGo0MDdhSVlLaFhLU0RzMkRzKy9aeStpUGpuWThNS2tIaWVCdWgzcDFsZm5waHl2Q0c4VkhUWitjOUsxSEo0WVRWaXhicmtUM2I2R0JHcmcyamxKRkUycmpWcGNhVnRDOEJTeHJ6UlR5N1lLOTMwMFh1ZGJSeDV1djJsakQ3WHhmUEFoYTBJVWJ0dXlkOHROR3JYbnk2NjBUWmkzbUFDbVBnWm9wWWxiUWxTSjQ1UkFtN2lCTkF4a3N3OFE4ek5jQ2Y1d21JRGprWHRqNEV0WDhrRnRSU2xCc0tuYmJyTnhNaFRucW0xMDNBZWNZZWtiUkZ0SEhza1p6S3ZSTi80VVNjaUpTRzJ4S1lPa0xDMEd5WkhTSVhzOFhPTHhSYThTeFVsV2RSWDRaanEwb1owTm5YcFRJQ2UrRHpLZzlQTmxza21CcGZBZnFZNmFTRktCQjN3cnVWQUxoT3JtQ0QxOFdHMTExRnoyRjZhWUFoZGh1SWdBZjdJSjBTZ09ra1JpQUR1dmN6anBTL0VYRm4zemY2KzZuSjVDRS9FRDBQT2N4Y2dkR1E4bWVDMnN6aE1rdlJXNy9WQndxT2V6WHVDUWlxMktTWTZRN3ZBK2xZK1ovN0tBTGRLZHFFcXYwbGxYQWEzd1ZLeERycEdTcFpTTDZzblpONVBkbGxTRmtld0FueG90Mngwa3JEUXhUeWw2blZ2RWlITDBYa0s4WjU2UTJKR3E1QzNld01paUNXZmYrS1E2T3RnaHEyOUNBMmZVRnZTVnFBd3NVVDh0T0N2QTMrcTVXbmZTMFE4UDdWcDRxeXY0djhOK0ppdUpZQkJsOUhGb0JhTmw1SVQ4RTlnL0x6czZSNWRvemVZTWtVMnNUdXdOZ2RzK0cvVkN1Nkh4dkZxYjNhTCt1bWhscEJRVVFodER4NlV1bXpoc0NDZWtObWFJdGcvSlI5bHRMcXFxemNMbVdkMEY4NkhuQUtDL29jVkxvc0docDJvNkYwTmk4LzRSK1VqbGc0Q3pUU1IyRFZHSzVoa1dLbHp0R3ZvOVJqaFpmcmVQbUVpcjhJNWxKTTdjYy9MOTg1NjhvUndHOG4vQXhqakY4RytNaXN4RWZaN0ZjbmJPWkM1WUFoSTFQNDZ3OHBPMkVXRU51T2dKWEJtNkd6cU5jRVhmWDdDQW9vRmxtTmQxelZQbTBOTi93TlYwSFJYNWR4ejlIbXNyWXZTMGMyWStrZjZ6aWVBcUNiVEFjcjZOdjlWNlFzNmg2MGdCcnNURGY1c3BRQjFqZkpqWFduc21rWnBoTVBWTUZoemZKTkZhTmR0WEh2bXkvdXYvcHUzdkZEZVlTc2NUYW1kUmd1amtpVnNTUWlsTjlqdXZSNDVLRjNOckRMdklYZS9pdzdxN3lCK3gvSlNTRmN2Ylk4Qlp5VDRnYVU3dDBSMjN4ZlRTMmRvRlJvZkhaaVBSWk9QQU9EbnVSRVVFckF3TS9nLzZPSkt5WXJMMURxYjRHZjY4UFZabEJoSUFMbno2NCt0TW42ZUZMQlJsdGc0cnlsU3RuOWJXaUoxWlNGd2pFU2RXN1Rud05rSXlDVFpVTzA3enVrUlFGaGp6bWlyRWtKdVdJYUpWWlNrVCsxTVBLZFM3M24vQ0RHYzZ2amswRUZsMEtzM1cvOHRIRVFnMDRaWGpPODM1NVpyRy9zOUpOWjgrdVhPNVBJMjNIMG4rdHZGQ3h4bW1tRzExTThPMklvdkpLcWtDNnZ3OFBQNzZ1bE5ZeTQ4QWRJRTRlTkFPS0hJYzY3TFVTRlhjeXMzeUhWQ0x0MHNlQkd2QVJ1K2hOQ0RaQzI0NjV0cndscHNVaTJjQmhDakdEbVB0WXJFZFIybHZFNjY0aVRnSmUyaUo4Rkd4dklkZHhKdW5BaUwzUUFhR0t1eW9oMm5ydHRHaUYwOVdyVmNBaGdvU3JtaGJKNzAwQndNUFRManNydVRhcXV2aU5wVTI3dVN5SlU3NG5IK3pYMzRjck9Jckh2M3lEcnN2RUxVaDFhYXlvUzBQd2FrRHpEaWxPbXo4NDJyOXVjNUh4TjF4L0N2TDRBVHNtVHNZY29qRldIWEpmNkFrTmFhS3c5ZDNJTlg4allLVlJnOWQrekplWGw3VXZ4Z1lIMVh4RXBvd2Z2eFdsckZhQTVYRXQwMG5BRS9Ncm10NFl0b2JjQkkwRHAwTG9NSTk5dUt1YVNIYUkrY3QxVkdPMnpBelFUclBQOU5FWXVvRTlXZG9JckxONjl4dUhZdjV0NVFHMll3U042V2xBTWFVenprdUJQbldHZ3FEdXhkbGhhMm4wOXRjMjFBOW9LY05ZSWlFTkovV256aEFVdlVsYUtrK3dRQW1KTkdtanhhUHovM0YxMndzT0xMQ2VVTXVLY0lhbGpQM00vSSsyT2pYTTJSN2lRNlFYRGNING8wNGJZMms3MTViKzRucHRoOGR4Q0Z1ZGhwcW5hZVdIK2JuSTRsdnE3cHVPNkVqcy9aS0o1UzAwdHRjTFRLWEtTYlNCQWRiSFNSZ1RJVDVwWUQ1VU1QdEl4SUhUTWpSazluRjU2d0k1S1RxQjlYUVdIK2xqcUgrZzlvRzQ0emxmTk9KQXA1bGFKbS9KT1J3MjdmMnhCSDFsaVlHV04xNjgwOEJCenJQczZTamhUMXRvYTR4MUo1eDJQUjVSRjJaanUvbnZaVXZscjVBYVlHa2l0QXJnUW1aOEd3TEpsaGFwUUQxVXRJMDdwZ204VVRvaEpCYWx1U2VXaDlzZHVhM3hDdVM3WGE0S2FIRm5PazlYMkRhLzVHUlRDdFVzSkhkNFVEdXcyYTNldHpuREhZZ2kvdjJuUkhZalo0dVJWZWtjNW13ZnIyZ1N4Znp6NVZQQTN1QTVlNERWRTN3anFGYTNmcEJ3M2VNUm1PZkdHTUlyQ2VkS1V2c01KUmhjNFlYQzRvZGwvTWxsbnF6YzNlZG9vekZ3dU1ZU3N4dStFMmhZbFc1SWE1QmJyL1JuWUJjejZKL1lhTHJUbXNJenJtcHV6MGFtSVc0cjhEd2dZUVFrdU42WnFYc1BFdzBBdmVPRGQzSitJQzRkWnA0ZVdaSm9PT0tPNm1OTzU2OGNqYmF3a01IcnFFSDBKR1pwV0dVdmJ5cWRscUwzbm1rRnRXZ3d0dnhLcCsvMzVCQVlZeHRUaEw1MVJxYXBJeU5nQTFkTnhMVlFUVHc1UmdJWHNwR0RwQTBEYlE0WTVxdnZDOEp2SXRWYm1BOTRpbElpMzRnNnFvcTMxNjdhR3hSYWdHVTdWRmQ3eVQ0cEhFREhMVHNyVWJuT3lkMzNlTFlpZXdYRHFUNi96dURGUHNDM3hCZG1hUTNkU2EzL1d4N2dCT2JKckFWTVQyTWp1bkJCRTJVKytLb3ozd0xqQzVMaTNwT3JlcVJmcGJhcXgzZ25vUGdDUWtPcC9oV1QvbGFDOWs3WkE1S2FONWYyUnBDUEZ0aFpxbUxmamFwSURwWXpCMW43RVpsd2ZRYUNKSzluQ1cwK3lQdFV1MTlLbll0dXhZN1I4N2ZaUS9OS1Q1a29lU0ZKRThpWGpGTmpMcEsydHRkc1RKZ25ob3dvT21pNmkxcVlQRUlUZ2hCUGhKKzlvQ1llUmZoKzdST04yNVpFOXJIVHgyR1JFTVMwbVo2ejZJN0k0K3lOcWtDQjZqeE9oR2pSKy92aUM3T29VeHYwQlc2aTRhVlpHWERVMWQ5SlNHVStPMFhkMzRuMlh1TGs6OlD8pYhGBOn+5qhCXGnhfx8=','2018-11-24 00:36:36','2019-01-06 17:27:19');
INSERT INTO `employees` VALUES (5,1500065,48,16,36,74,'F','OTdLclRhOXd4Q3MxU2wrNHMyTGxtcXVkTDZSKzBLWTJFRlVvZUpDTHJFSitrWnpSazE5eG5yYWZkcEtMWkVPMEJrRVh1RG45eFlXZjVJVFdWKytVVzI2R1JlbXE3bFZFaWg1SmNEY09EcnBhOGJrNWZ4K3huNnVSMktNRmxBTm1pVTgvVGlqa0t3WFE4dG5aLzV3YS96MHZDVmpmYkpDN3FUclZ2L0lxQmR1SlZIYUZwZTZzL2tPWk5vS0tmbUpEYklBaGthak91a1FxMDNaWU13RUtuaDh3eEQ1MDFmU1FjaDNyUER0K1lIR1o2TW5ldU81S3g4bkptZDdKUDE3MWg0UHdac25YQm9KSmhoOGwvNVZTWVN3anp4eWZ6Tnl2ZFlGSmtjRWttTTVsRjl3N1RvK2gyZEltSG1xbCtwaVRwajlDYVFiRldWOVdmTHNsa0VRamlMTUJ0amo2eWYwR1hLQ0I3blVPbll2VVBLTndORjI5WUZiZzhWQWV0eFlhdFJ0NFpZYUFUcnJCNXBwR0hldGs0Y1h4TlllSW1KdlFCK3VJOHdITGRIVUxiRURkd0VxQ2I2dXNKV2xLd1VJb3JvVElYbWorelMyWGgxa0RIRDVFcVdRdTdqNml6ckdvL3luT3dJZEIxK1gvTHBxK3pFc01wS3RNRy9jSXFHM1VmSW8zMTdKdS9zOVZ3SGNaa1BSN1FaUWZZR3ZFcFNsT1JzYjBaa29CS20vT0dSMGpPODV6NXBGbkJlUWRmWkczdXl5cDlYNm9xclBkYVljVThPZ0Z2a1lXcjdwNE04VWVJcXRVSUwvSEhRVDJLYXVmU2xiLzlJNjYzcFdJTDVodktVcXNJTXpQU3k0VkxjQzhBbXN5ck5vUkxtNXVmRmREV0k1TW9xc0lTTTZBb0hTS2tyUXVRdUhSdXJtSXdwUUMzRVhHQUVyQVFoSURvcUVVQkVtYWo5d3U2cGJWQmpWSy9UU0pHcEdsMjQ2OTFibUFkdHFEL1g3UVdJR1oyVUs3bVFueVFnZUlhY09jcC8rNjdTYXRCZHkwZGpIRDdBRkloWG4rZDAvOERKQ2tQNmRNOEVueFI3NmxMNkwyOWpMK2pQdkNTaFN1OGpaK3h4TmZKUy8xaGcyaHhNRzVGQ2YrSkpzUEdiNXZiWWNLcVNvY3dGK2hEVE95NDI2U0JiZW1Bb1JYdUN4TjZTbmREMXZwZEh5Ri9OR3dWU3g3Rld1OEc2aGpKL3dHTTVHV2VuQjgzTWFTblRWY3FCcFRqTis2VWtZZ21VODFFTGlYV0xEUFFuQnFycnlBRWRQY0VaYTRFN1o0VFF5MkRuV3FvU1BSYXBOa1NtZ0V3RlpPblJPcWJEb2o5OXNOVmJLYTFEUURuQnJOdXljSFNUazU1Z3h0eDh3YWozREJUTmhaR0tHRXR5ODJCQXBLK2xidGhiMUlGcmNETEZLK1B6elgzbDZnb0dPNE9UcHpFbHBiYS9BY2pPZnAxMXRQejhqc3BWdE94YkdXRmpSLzYvMmIxMFNyL0YwbXl1MDNjdnZjQzV1RkovcHZwamsxNklBUUNzdzdLK1p0UkRUN3A5Uk5ML2xYTnNYbm0xbkxSVjBPdktBUGdWaW9uUE1Vbkg0K1dXbW95a3Vabk1pVzhaTk0wV2s0dHZzNjRYZE5zMFdwUVpUKyt0dllNc3BSeWI0Y2hxVVFpcFJHWGNiYTN3anRuOUt5NU93TXViR1RXTVZjWGZkU0QwdTlZUHpXRTBhTzQ5TFFvU2IwWnNQWGFSSFdOcFJFT0NzSW82c0Jabm9VY2VvZlEvdi9nQitCdTZuYVNrRVdyVFhLV3dSRGZYa2ZKb2Uya3lYTWNGMmJyUmJuZzArTWg0OG0rVDFWY0tIMFZKVFFhUCtvcndkS2pLczc1VllDeENGMi9ZZzVzR0xpbUFPdTNVbXY5MTlTUG9xeHgwNm42dWlqakNwb1RlaUxQTVVTLzdHV0dQVDJRc0hXcnp3aldSaWZpd0tFRHdrTFp3NXcxMHcxc014MStKY3I0dTcvYlRSQzJEbVRMS3BkTkZBcWRqWDR3MGlqQjgzb1dSRU9mWG1Xam1oYStQNWl5dUZiTDZuWU1Ramx5TVUzcHg5SkxmY0JQT05JV3JBcHlRdzZNSWJwdzZaVXNFZGNrcjg1RVgxN0xqd3FEd2ZlT2RTUnEvN3ovWGxmZzR5M1o2YXZkMGltWnVDVWE5WmdBenZpeEtkcG9JTkk4UEk1akY0WlUzQngwUEtJWUN0MUx5V2k3VHNQOFRnSTFteEo1bXEzRHExZ2dudFRkRTJZMk80Ty9QQUJtc3pSOEFZdERHNkFvQVI2TFVLQWN5OFlkbURycU1reitJTWxEOGxiWkFITGNrYk5VVkVsZHd6Q1c3a1FMeGFNWEJRV2dOQkhwa3o0cVFYNVRycWo3Z2kyNVdiMnBpejFzRnRMNTBNWlVmaHlYVWRHSEp2d1plbHh2cUhEUVFNODlwMmkwYllpMjJSaTFNcXlJMTJuWS9aZTBlNGJtNHJhb0VKd2FGSHpzdWFYenZqQTRCVkQ5akxXZlZVd2NrNXBVOHRvVldrQjlsRzR1NUJERllEMk9aN3NzMlhtdjNXU0Focmw1ekY3M1ZvaGJDOE1qQlVqZFY2K2tOK1RxajZTVmhEREs2QjhqLzRRUE1RdENkZkNrZGR2eXcxNE5KSHRKc0dXT0pqeWFFWUx0VVVTVjhLOS83S2JzdmdyYkdBN3FGaVIxMTV3TlArSEJwdUVHQXVWZmRCWnpabjhBSzFoZkwvazVkZVg1UW0zK0hQb2RGWEhreEdUeHNvbEkrdldTeitHQUhLUzlZRHlmN3B5L3kwL3M1dWwrUTRycGVBckYwMWlrR20yNVIyVk1GYU95MWtGZERCb2lIY1FpTmVJWURvbEp1aVRrbjZHZ2VWbkJQYkRRU0ZkeEJOTWNJb01RRk82NVk2Slh3TDh2MEkxT2RUaDRUNWNMUi9lZXhBZmFrcTgyWnZ6R2tObTlFYTQxcU1wTXAwRVpaamhmM3hBV0p1RklZVFhZeElRbFpzZVV1L3Q0ZmdHeDcrdzBwTzQvaHdIa1JoZHo0OWRVMTNEd2dKL0xOMkE0RUZzMjBVYm1ZN3UyR3Fla2FSeXJ2bU1JeThNRmhYcER2YmxsVWZLZEpnQTdUODUwRmRwRFNhbEMrU21URFN6a1BFVmpTTjc5RzMycERyNkhTcSt0VWo3UmhkVldSc0MzcVpXdCtHK25Oc21HdWtPRjZoOFZvUWNBWG9IOUxkL2tYRi9HVVlGRFRTNVdxenh1TGtMOGpJRUVDMEVVTmFjTVdvR0xETnhSYUhDamRKUERBNUphS3BzOFprWlZ3amJuTzY2NVo3ejhNNjNpbXJHTE1iVUFibkl2QVpRaUN4bkNtTHR6bjRUeWMrSFBzT3hNQkpZdDh0VHQ1SEZlU09JbUJJUWNJbmxab2JPTk02ZG5Uak5BUGRkNDZGMUpjQ1lTeWRCeWo3Smp1UEtjMVJVd2k3NXhZbm1vamZ1c3dhV2VCSTlRVGs5QUp4ZWsveTh3eDdMdDZkQ2E5NkJFUkRGWEhiaXNtT0dnTDdleXRWVXhHTXlobXZDaVVOQytTZkNOS081eFByNEFiSWRYWTMvSmZXWVZMbTZpdFlzWStrUEkva2ZHSG5UY0hUZm84NlBSZWtESCtKMDM5ZWEyTUd5TUVEWVd6d2x0VWg2dytNNG1IeXRRVVh0SGNiNTNSQkcxM0hXSjFMLy8wajVVM1JmbWUwc25UQllnRTN4TkNBaDM0Z2U0Wkx0TU04dUZyUWp6eGdrNnBPSVVicDFkdElZKzVHU0djMGVRdUowZFJmNUt5Y1o1UHE0aGg0SHdEa0pHZkZIZ0dIR3lqdXNHc3o5Q2x6b0FQVjQ2NHpYRjA2cEpBOElyb2xqcnA3dUVjQlAxaGY3NUZCb0h5QkFySHgrR1BFNElNWEpPVy9mSlBHV0FYeE9jYXRFR0RuaUZ3enVzbzR5L3Fod01pcUR6TEk2UkVJWVBNbU1EUlAxQ3liN0Q5ZVhwRjZvZk5LN3k3OVA5R3gwUEJrbDlZNzYxWXMrYkNiOTloUGFmS3hiem5RaVZHMDRlbVVQN080dFNML2tZRmlHeE1DaXYra0ZxellsUzZJOTNMVDhqWDdYTERnL3VkVHlQWmVGSnNMQUJKM1hSSzZGM0IvM2lKbThtVE1aVWFZNlBCbUMzTUJTMkc0TkZRaHF4NENWVlBmbitUQXUrY0ZmbmtCNGJXNU1ObWVRcS9JOW9Jak5weTRhWGpGbTRtY1Nyd0hXY3NBRGRUOUIxRGpGc0pQL1lJay9rS2puYXpmR09RcmxoNlZ3NmFmSERRd2ZrK3gzUzFacnZOclREWmZNbm53NXdpMUQ3L1h0a0JwR2VKOWRucXU4cTlZZUtELzJSZUJYQ3BJQzA3eWJXM3huS014ZGpnbXczMk03MlZNcTZlMTBxazBaZjZVS2tDWUpKRHRPalc3MFV5enhOVU51NUJCcGZQL2IvMVQveGdLczdxZjByMEhkMUFTOHh2enM1cXQrbmMwQnN1a0Fkd29Oc3NmZGJYWmRidmFuVk5SaVJoRmYzS3lWekNiM2pYSFNhb1dkR2JQc3dnZ3kyNno0TWs1cjhnQjQzZkRLcjg5UjIrZy81ZTFZbFRyaVdGUlZ0d1lDQWhESElBQkhLZ2hDZnc5RXg4NmJsMzMxYi9yNHF4dHJOT3JrWEc5bWtyVHZ4QkVxeGVENUw5OGZsZlQ1VzQrYVBvcmVaRjNDcTNyWlBGaXEyUTYvT29OTE5IcjdzZUlHZHBzbHN2ZFpVRlBFR0Z0T3JFMjAzbkt1VWJXcldMNUgrMkUzMHdKT2psdEZYTlFvcDJsUjkzMHJiUGZwT3RtY3NVaVdKbWpHTWpmbjRYQmpscGpsRnE3N0FxZ2tkNm5WMU5Bb0YwZzVnWUpzUThMVi9VVzBsdjAwWGI0Z2pnQ1BFeEFKNSsySVRlcVhnYVJVOVJaMlNneW9JYWhUNGdONWxseW5CaE1ydHJoalpXYlpTZWdubTVSSkMzUENlc3QxZ2Zjd3BqdnEwWGkyYVpkcW96ckh3WGtEVWdhd1JOaXpKZWdDT2Ura3JUY29FcmFQQnArR2NUNmRSOXl2NzRnMllveDdvM09jUXg1SHprdjhpWUVVdlpYakY1aFZUY3R2aGZlSVpSUm5KOEdzck9HYklkdmdsbFVYYTdsajlMdlowc1hYYUdic0J6ZDBTR1d6TnkxV1UyR0h1VDlhMktDQXJ3RjdDWnhmTW9FS0VNWEhsZDU1QkZWenJNUXhFRlRQTXA0NmVrREFXM0lGTFlGbzBNZmQvbkFyMlRMWnB2WERVc1YxeUlTREtyTmo0bDBBVGdtSkVXckFvbFo5ZUlaclQrR21uVHBYM0MwY09sQ3BJdnozbVJvTjZIa0hSL0V3dm1aRDVPamRLSGkrRTJtVXdDcGxJVEo0R0FkcFB0Rit6OEg1UHpPNGUrN0N2THdnd21jdzY2SVNERjZ4NHcrdU52a1dsUEE4N3ZIM0xrN1BRMzdOS3MrOUZvcXprMDgyYTR2RFcxWjZ4UWlzb1NRUmE5UDgyREU3eWRmNE5hKzdzc2NOUDZKSXlHOW5qWkV1Wko0c0NrMWlmekU1SVlwQTBaQ0dNSWpIVHpoSTVDdEsxd0VLVXczUEdCSUVqVUF0WmtqWGgxNDVqZUM0bEhwNHhRb08zU2tvTmk3Q05SaTBxclAveDNWTm84dTArUHp6QVU1SGwzdXpUVWdGeUtCckNMelU2ZGlsTjdJNGh1VnhKQk9pSjZMbGlJeVZnY3U2VzRLNlpDQ3FJVEhqSXVxRVdQZHhTb3gweTNtUGRydloveXJ5dTdBeHVHZmZXa2huS0V2dDVUUzJxbUtXRGZDMmdvL21wK3Y5U3hFT3VIOFh2SFc3bFp6bzlqYWJGdWlJYlhyK3YyVEVBVEVVaklML3lyQmQ4NlVUZlR0VDdZejBhMUdhaW9RcEVaR1FzWDRockJBNzNMWjlXMlBTMWxRRUJ1SUNGZzlvQmpzKzBzdTJDdG9vbUZKRkh6TjZNMUlIQ2JhK1JzU0hJN0xZRU5INFIzOGI0NkNwYlhjWGwwdGhTeUtJb0NlZktpSU0yQ1ZBTkdZVVZCSGQ4SjgzT2EwOGMrS0ZsSW9GWTIyaUlVeElNdUREZG02ZnZRc2cxbDRQVWl2ZWpZTGpIMHpEMlNsWTI5YjNUcHpjMm5wMHZWYXMxNCtkZVJSYjJKTmpVQXNKS0pLL0drdWY5c2tXVDF4NDV6RGFMYUxuVlFEZFRIaTRmdTV4VG0yMERrR0J5ZFQxbC8xYzhVa3E5RFZoZm5Ka3FKL3lYMHUrcTRrRU96N0hHR3R3MmRaaHVyN3NZSnBldXdLY2QwbFZFbFc0Q2pLT29NTDBISlBLN2dsWFpudk5EaXFPUTVGUmZYOFMxLzhIcFVZYUV1a3NaYlNiZ09GZGdLMkZGMEdmbGxUaEFmbi9NMnBpL25kZUt0Y0xtK2JSR3BpMXJZZ2tmanlsY05LM3NlYlZHUVhINHdLdUxGWHpla3dveTdrR1pWdE1RakRmbGxSVjJycElXWGEwL1VOb3ZKRTRJdzl4ZEFNSmpCOGVSOFVqN0dqNjJ4OHc5eTZPbVBVdllvbi8rK3pjb0J0VXJiTXBtOWdLN1VyZDRRQ0hac2VweXJQUkQxbm1pcXU4WjFUUmNJaFJxM3FoUUJXNlZTM1Nyd0NPZGtwWldvbWJ2QkJhUTljVkx5bm5PTEg4SDdyKzhwcCt6aVNxTlBtalZTU2x3YWpLTk1NUjAxK1BQam84N0twWHFrTHJ6MGxiTnpRSDdSOXlwVlNyRUFUUDUvaUFSOXFZb0pMdjNDbGx2YzhzblN3Wmp5SXBENTBtZ2VIWmhQZHBJdmkwTTZSVGdEYW5NbTg4cXBpTDdqWW0zTzhwbDdFVi8zdXpoZ1ZmallyUGlNREhjYURjcmJnaXVseERJRFhnOWRBd2h3bVg1VnRWYXBKK0ZCeGp5aDdjalVxYkhqaXBnVHRYVTcyVEl5YnJiQzFIak5pdUxEN0xlS0FoanhGRWxnZ3hJM1hqOG9ERHhJeFdHaXdxZk9IZytvWEJUUjUwYlRyYnc0R0FFdHhJSVB5TFJiNVZvQkJmQk5sRDZ2Nm0yNWM4dXpzdjJPTWJVSXRDcDNyTW5wNkdnVUxWeXpxWVQ4YnNMejVhT3ZMMERTMmdXaU9aRnRqSmlrb2tjRTJORWFBQXBzZGVEMXNVRUI3SUFxTElIM2RpSW9sdnBuM0NHM09GbDU1RzV1ZUlOZXVydjdKc3Z1cXJKQUExbEVyeG0xeVVCaVJnaUw2YlE4cXhHNlc1MFN5SDdNUTk1Q212T1FkalZUKzdVVWpoWW5odGpldU94Y3FpU2M3Yk5JTlBMNUN0amYzVXh2ZjljTytlVUdiNDFnZVN6U01Ta3kwUDRMNEpuYVV1T2QxRUY0N3JUdDF3NkIvem1IQUwyZkRzS0JUeXRZUE5PTjl4ODl4YWFDT1RUNmRscmxpa0p4M3BZalBuaVpEaVdTQWhDOXlUV0NuT2pLODlYTTduUUpYaEx3cnlIZ2x0UHV0Z3JlOC9jNk83VmxTZCtOSktoWjRKRXF6Y3FnTG9MWjdDbE1hRkQ1NVRqdmVHd0sxOE5FNGd0Mm8reFd4RktwVU13cmx2T21iMGhaL0ZtZzJYQWRJcXpGYVN3dFl6SFdLUWQzS1U2Szh4SWFBMnlqZGJzVzJxRzBtbWtadHB0YldibjExeUhvMjZaZlI3M2J1azFXVGdXZDRIeHZlbU9BSC9MTDZZUnkra2hvSDA1Yk80dGk0enc2VTdab2pyUXpZNlhZZFhHdnczeHBUUFJ4VFMzdXpQSkpnTUJTeENEUGZpY1JnWnZzeCsweVpiZ2pjKzlWNTFFS3JVMzl1cmJiSmxPNHUxRmVqM2tsdllkTnQ4WVhQdmpsRTlqNDcxVEhFMlN1VE5rVUVzcWRzNXkyeGxmcHZMdFpKV3ZSQ2haVTZpQnlhWklSVzh4QmR1bE9Fc2daanRhbWlLR3N0b0VHSmlIOU50Y0NzYkVwdzZ1MnNIM0hNc0l6VGw3Qm43Z2NNanZsdUhjbFZkdFdGeFV6WUFJTkdvd2l3Tm1Ta3ZHU09ZWWo1bXVWV3NwN2UvdmFORGpPR0xrZGFkdWc3NkhDUWpDWE5MZVNIejNkdkl1bWpucmtIeGM3UmZFR3p6VWxXYk5qSmFwUzZpRk9wNmZLR1V0VTE5K2lmam9KVWVtSlFDRG40UDV0WVB3MEhFMnphUGRQRHZZdzR2WFpXMERjK1BlNkp2aURxZ3M0TlhNa00zbWEvM0lwQkZGZmgxU0ZvMjZCMng1aXF3MStPcDU2SGtLdVBtUTd0TGRGWm9UQnIxcW1vcldCaGJnQjNIRHI2RitrQkpETWVmNUhZSHhLYmZzR1FSS09lRmRrc0phOVdOckI2dS9CRUZlYjZvbWFDcmNMTjRHZTdlL3ptTU5hMk9pWkNhbVZCcG8rRWxZMVZLQUNiZXRyK3IzaTlwKzAzUEE0QzREN0c1Y3Z3OGgxUlQ1UFRMSlZ3M3hUcjJBb1BUcmloVllmZFdRajgyMWtIdDVlZFBBbTh0dlB0NVlOOTBuYlZ5VDVxWlVrU2JlTUp5em1nb3ArdU9Qam5SN3M1amVPdTN0c251c1JNajFoeHEwOWRuN3VxbTQ2akpOL3hnM2hxRHZoUCthdG1Va2NFOE8vM2s2MG5FSndBSHJxUFBRbnMybFRWM2taMmlwMjc3dll0UWdZa01qa1lsenppU1hsRzNPT2JYMEl6NllwblVyRkpGSWZsUzNza3diMEJSN2ZJYkpFdGZ5elR5d3lJeXY0aVNQTEU3aG9ucWVZU1lKeldITUxzdUJOQk43VjRpbzZqOWU0UkhkZk0wOWEyS3JoQUlXSmptMU5maXZmZXNGL0JzQ3ZsL1JCZEZXU1l4ZzNCTGlxdERxL3N1QjRVVnZMekZ1TE5sQlN4Q1pIdnpscW1sOS8zaUtlN2xUL0hTR0JXWVZXbmJSdmpHNlhxeEFyWnNFMFpkQWNLM04yc1pXS0lCazkvU1JEN0J1b3Q5L0tITEJ0SlYvS0F3V0Vhc040ck0xV2RPelR2YU90S0FTMGNlR3dNNXBTYk1vR1M2RGl6TGYzWUk2ZFV2NkNRaGxwR28wUmtEZFlLdlNvdS9wSEsvU2djMlZteG9EYUcrb21TU0J2dkxkTGJXVXpMaTk1T1RyZWwya1pEbnNldmtuaEdlcmZjQ0xDSm13VU0wcjN6WVJlZllyMmgxa2hmT251VGNwWTVnM1NuMStFY0hUWk4yZHpQSy9Bb21nSEtpRGUwWlc1OHk4RUFSVGhZUTRhNlU1UHFYaGxkQWVyenpIekhHbmFUZ3FrREV5T2xlVnJUZ0M4L0xzdWdjTnh1cWJaWjBCNzVVWUNwM0wwNzc2VWN2b3VEU0lGekZlNzBsZlNEVitMT2JtUmFaVEFDQkVUVDM5TEo4SEVVc0t5YzIxRFY5YzRVT3R6aEQ1N0FWSVNzMlcyRDdrOTh3MHVwMmIzMkZKWStZeDNpUG04Zy9oSlhTaGpnaHNKVFdaTUVCck5HT2MzdlY2TmFiSnJ5Zmp5VWh6cVRmejRMUGo0MDdhSVlLaFhLU0RzMkRzKy9aeStpUGpuWThNS2tIaWVCdWgzcDFsZm5waHl2Q0c4VkhUWitjOUsxSEo0WVRWaXhicmtUM2I2R0JHcmcyamxKRkUycmpWcGNhVnRDOEJTeHJ6UlR5N1lLOTMwMFh1ZGJSeDV1djJsakQ3WHhmUEFoYTBJVWJ0dXlkOHROR3JYbnk2NjBUWmkzbUFDbVBnWm9wWWxiUWxTSjQ1UkFtN2lCTkF4a3N3OFE4ek5jQ2Y1d21JRGprWHRqNEV0WDhrRnRSU2xCc0tuYmJyTnhNaFRucW0xMDNBZWNZZWtiUkZ0SEhza1p6S3ZSTi80VVNjaUpTRzJ4S1lPa0xDMEd5WkhTSVhzOFhPTHhSYThTeFVsV2RSWDRaanEwb1owTm5YcFRJQ2UrRHpLZzlQTmxza21CcGZBZnFZNmFTRktCQjN3cnVWQUxoT3JtQ0QxOFdHMTExRnoyRjZhWUFoZGh1SWdBZjdJSjBTZ09ra1JpQUR1dmN6anBTL0VYRm4zemY2KzZuSjVDRS9FRDBQT2N4Y2dkR1E4bWVDMnN6aE1rdlJXNy9WQndxT2V6WHVDUWlxMktTWTZRN3ZBK2xZK1ovN0tBTGRLZHFFcXYwbGxYQWEzd1ZLeERycEdTcFpTTDZzblpONVBkbGxTRmtld0FueG90Mngwa3JEUXhUeWw2blZ2RWlITDBYa0s4WjU2UTJKR3E1QzNld01paUNXZmYrS1E2T3RnaHEyOUNBMmZVRnZTVnFBd3NVVDh0T0N2QTMrcTVXbmZTMFE4UDdWcDRxeXY0djhOK0ppdUpZQkJsOUhGb0JhTmw1SVQ4RTlnL0x6czZSNWRvemVZTWtVMnNUdXdOZ2RzK0cvVkN1Nkh4dkZxYjNhTCt1bWhscEJRVVFodER4NlV1bXpoc0NDZWtObWFJdGcvSlI5bHRMcXFxemNMbVdkMEY4NkhuQUtDL29jVkxvc0docDJvNkYwTmk4LzRSK1VqbGc0Q3pUU1IyRFZHSzVoa1dLbHp0R3ZvOVJqaFpmcmVQbUVpcjhJNWxKTTdjYy9MOTg1NjhvUndHOG4vQXhqakY4RytNaXN4RWZaN0ZjbmJPWkM1WUFoSTFQNDZ3OHBPMkVXRU51T2dKWEJtNkd6cU5jRVhmWDdDQW9vRmxtTmQxelZQbTBOTi93TlYwSFJYNWR4ejlIbXNyWXZTMGMyWStrZjZ6aWVBcUNiVEFjcjZOdjlWNlFzNmg2MGdCcnNURGY1c3BRQjFqZkpqWFduc21rWnBoTVBWTUZoemZKTkZhTmR0WEh2bXkvdXYvcHUzdkZEZVlTc2NUYW1kUmd1amtpVnNTUWlsTjlqdXZSNDVLRjNOckRMdklYZS9pdzdxN3lCK3gvSlNTRmN2Ylk4Qlp5VDRnYVU3dDBSMjN4ZlRTMmRvRlJvZkhaaVBSWk9QQU9EbnVSRVVFckF3TS9nLzZPSkt5WXJMMURxYjRHZjY4UFZabEJoSUFMbno2NCt0TW42ZUZMQlJsdGc0cnlsU3RuOWJXaUoxWlNGd2pFU2RXN1Rud05rSXlDVFpVTzA3enVrUlFGaGp6bWlyRWtKdVdJYUpWWlNrVCsxTVBLZFM3M24vQ0RHYzZ2amswRUZsMEtzM1cvOHRIRVFnMDRaWGpPODM1NVpyRy9zOUpOWjgrdVhPNVBJMjNIMG4rdHZGQ3h4bW1tRzExTThPMklvdkpLcWtDNnZ3OFBQNzZ1bE5ZeTQ4QWRJRTRlTkFPS0hJYzY3TFVTRlhjeXMzeUhWQ0x0MHNlQkd2QVJ1K2hOQ0RaQzI0NjV0cndscHNVaTJjQmhDakdEbVB0WXJFZFIybHZFNjY0aVRnSmUyaUo4Rkd4dklkZHhKdW5BaUwzUUFhR0t1eW9oMm5ydHRHaUYwOVdyVmNBaGdvU3JtaGJKNzAwQndNUFRManNydVRhcXV2aU5wVTI3dVN5SlU3NG5IK3pYMzRjck9Jckh2M3lEcnN2RUxVaDFhYXlvUzBQd2FrRHpEaWxPbXo4NDJyOXVjNUh4TjF4L0N2TDRBVHNtVHNZY29qRldIWEpmNkFrTmFhS3c5ZDNJTlg4allLVlJnOWQrekplWGw3VXZ4Z1lIMVh4RXBvd2Z2eFdsckZhQTVYRXQwMG5BRS9Ncm10NFl0b2JjQkkwRHAwTG9NSTk5dUt1YVNIYUkrY3QxVkdPMnpBelFUclBQOU5FWXVvRTlXZG9JckxONjl4dUhZdjV0NVFHMll3U042V2xBTWFVenprdUJQbldHZ3FEdXhkbGhhMm4wOXRjMjFBOW9LY05ZSWlFTkovV256aEFVdlVsYUtrK3dRQW1KTkdtanhhUHovM0YxMndzT0xMQ2VVTXVLY0lhbGpQM00vSSsyT2pYTTJSN2lRNlFYRGNING8wNGJZMms3MTViKzRucHRoOGR4Q0Z1ZGhwcW5hZVdIK2JuSTRsdnE3cHVPNkVqcy9aS0o1UzAwdHRjTFRLWEtTYlNCQWRiSFNSZ1RJVDVwWUQ1VU1QdEl4SUhUTWpSazluRjU2d0k1S1RxQjlYUVdIK2xqcUgrZzlvRzQ0emxmTk9KQXA1bGFKbS9KT1J3MjdmMnhCSDFsaVlHV04xNjgwOEJCenJQczZTamhUMXRvYTR4MUo1eDJQUjVSRjJaanUvbnZaVXZscjVBYVlHa2l0QXJnUW1aOEd3TEpsaGFwUUQxVXRJMDdwZ204VVRvaEpCYWx1U2VXaDlzZHVhM3hDdVM3WGE0S2FIRm5PazlYMkRhLzVHUlRDdFVzSkhkNFVEdXcyYTNldHpuREhZZ2kvdjJuUkhZalo0dVJWZWtjNW13ZnIyZ1N4Znp6NVZQQTN1QTVlNERWRTN3anFGYTNmcEJ3M2VNUm1PZkdHTUlyQ2VkS1V2c01KUmhjNFlYQzRvZGwvTWxsbnF6YzNlZG9vekZ3dU1ZU3N4dStFMmhZbFc1SWE1QmJyL1JuWUJjejZKL1lhTHJUbXNJenJtcHV6MGFtSVc0cjhEd2dZUVFrdU42WnFYc1BFdzBBdmVPRGQzSitJQzRkWnA0ZVdaSm9PT0tPNm1OTzU2OGNqYmF3a01IcnFFSDBKR1pwV0dVdmJ5cWRscUwzbm1rRnRXZ3d0dnhLcCsvMzVCQVlZeHRUaEw1MVJxYXBJeU5nQTFkTnhMVlFUVHc1UmdJWHNwR0RwQTBEYlE0WTVxdnZDOEp2SXRWYm1BOTRpbElpMzRnNnFvcTMxNjdhR3hSYWdHVTdWRmQ3eVQ0cEhFREhMVHNyVWJuT3lkMzNlTFlpZXdYRHFUNi96dURGUHNDM3hCZG1hUTNkU2EzL1d4N2dCT2JKckFWTVQyTWp1bkJCRTJVKytLb3ozd0xqQzVMaTNwT3JlcVJmcGJhcXgzZ25vUGdDUWtPcC9oV1QvbGFDOWs3WkE1S2FONWYyUnBDUEZ0aFpxbUxmamFwSURwWXpCMW43RVpsd2ZRYUNKSzluQ1cwK3lQdFV1MTlLbll0dXhZN1I4N2ZaUS9OS1Q1a29lU0ZKRThpWGpGTmpMcEsydHRkc1RKZ25ob3dvT21pNmkxcVlQRUlUZ2hCUGhKKzlvQ1llUmZoKzdST04yNVpFOXJIVHgyR1JFTVMwbVo2ejZJN0k0K3lOcWtDQjZqeE9oR2pSKy92aUM3T29VeHYwQlc2aTRhVlpHWERVMWQ5SlNHVStPMFhkMzRuMlh1TGs6OlD8pYhGBOn+5qhCXGnhfx8=','2018-11-24 00:48:03','2019-01-06 17:27:25');
INSERT INTO `employees` VALUES (6,15045785,49,17,37,75,'M','OTdLclRhOXd4Q3MxU2wrNHMyTGxtcXVkTDZSKzBLWTJFRlVvZUpDTHJFSitrWnpSazE5eG5yYWZkcEtMWkVPMEJrRVh1RG45eFlXZjVJVFdWKytVVzI2R1JlbXE3bFZFaWg1SmNEY09EcnBhOGJrNWZ4K3huNnVSMktNRmxBTm1pVTgvVGlqa0t3WFE4dG5aLzV3YS96MHZDVmpmYkpDN3FUclZ2L0lxQmR1SlZIYUZwZTZzL2tPWk5vS0tmbUpEYklBaGthak91a1FxMDNaWU13RUtuaDh3eEQ1MDFmU1FjaDNyUER0K1lIR1o2TW5ldU81S3g4bkptZDdKUDE3MWg0UHdac25YQm9KSmhoOGwvNVZTWVN3anp4eWZ6Tnl2ZFlGSmtjRWttTTVsRjl3N1RvK2gyZEltSG1xbCtwaVRwajlDYVFiRldWOVdmTHNsa0VRamlMTUJ0amo2eWYwR1hLQ0I3blVPbll2VVBLTndORjI5WUZiZzhWQWV0eFlhdFJ0NFpZYUFUcnJCNXBwR0hldGs0Y1h4TlllSW1KdlFCK3VJOHdITGRIVUxiRURkd0VxQ2I2dXNKV2xLd1VJb3JvVElYbWorelMyWGgxa0RIRDVFcVdRdTdqNml6ckdvL3luT3dJZEIxK1gvTHBxK3pFc01wS3RNRy9jSXFHM1VmSW8zMTdKdS9zOVZ3SGNaa1BSN1FaUWZZR3ZFcFNsT1JzYjBaa29CS20vT0dSMGpPODV6NXBGbkJlUWRmWkczdXl5cDlYNm9xclBkYVljVThPZ0Z2a1lXcjdwNE04VWVJcXRVSUwvSEhRVDJLYXVmU2xiLzlJNjYzcFdJTDVodktVcXNJTXpQU3k0VkxjQzhBbXN5ck5vUkxtNXVmRmREV0k1TW9xc0lTTTZBb0hTS2tyUXVRdUhSdXJtSXdwUUMzRVhHQUVyQVFoSURvcUVVQkVtYWo5d3U2cGJWQmpWSy9UU0pHcEdsMjQ2OTFibUFkdHFEL1g3UVdJR1oyVUs3bVFueVFnZUlhY09jcC8rNjdTYXRCZHkwZGpIRDdBRkloWG4rZDAvOERKQ2tQNmRNOEVueFI3NmxMNkwyOWpMK2pQdkNTaFN1OGpaK3h4TmZKUy8xaGcyaHhNRzVGQ2YrSkpzUEdiNXZiWWNLcVNvY3dGK2hEVE95NDI2U0JiZW1Bb1JYdUN4TjZTbmREMXZwZEh5Ri9OR3dWU3g3Rld1OEc2aGpKL3dHTTVHV2VuQjgzTWFTblRWY3FCcFRqTis2VWtZZ21VODFFTGlYV0xEUFFuQnFycnlBRWRQY0VaYTRFN1o0VFF5MkRuV3FvU1BSYXBOa1NtZ0V3RlpPblJPcWJEb2o5OXNOVmJLYTFEUURuQnJOdXljSFNUazU1Z3h0eDh3YWozREJUTmhaR0tHRXR5ODJCQXBLK2xidGhiMUlGcmNETEZLK1B6elgzbDZnb0dPNE9UcHpFbHBiYS9BY2pPZnAxMXRQejhqc3BWdE94YkdXRmpSLzYvMmIxMFNyL0YwbXl1MDNjdnZjQzV1RkovcHZwamsxNklBUUNzdzdLK1p0UkRUN3A5Uk5ML2xYTnNYbm0xbkxSVjBPdktBUGdWaW9uUE1Vbkg0K1dXbW95a3Vabk1pVzhaTk0wV2s0dHZzNjRYZE5zMFdwUVpUKyt0dllNc3BSeWI0Y2hxVVFpcFJHWGNiYTN3anRuOUt5NU93TXViR1RXTVZjWGZkU0QwdTlZUHpXRTBhTzQ5TFFvU2IwWnNQWGFSSFdOcFJFT0NzSW82c0Jabm9VY2VvZlEvdi9nQitCdTZuYVNrRVdyVFhLV3dSRGZYa2ZKb2Uya3lYTWNGMmJyUmJuZzArTWg0OG0rVDFWY0tIMFZKVFFhUCtvcndkS2pLczc1VllDeENGMi9ZZzVzR0xpbUFPdTNVbXY5MTlTUG9xeHgwNm42dWlqakNwb1RlaUxQTVVTLzdHV0dQVDJRc0hXcnp3aldSaWZpd0tFRHdrTFp3NXcxMHcxc014MStKY3I0dTcvYlRSQzJEbVRMS3BkTkZBcWRqWDR3MGlqQjgzb1dSRU9mWG1Xam1oYStQNWl5dUZiTDZuWU1Ramx5TVUzcHg5SkxmY0JQT05JV3JBcHlRdzZNSWJwdzZaVXNFZGNrcjg1RVgxN0xqd3FEd2ZlT2RTUnEvN3ovWGxmZzR5M1o2YXZkMGltWnVDVWE5WmdBenZpeEtkcG9JTkk4UEk1akY0WlUzQngwUEtJWUN0MUx5V2k3VHNQOFRnSTFteEo1bXEzRHExZ2dudFRkRTJZMk80Ty9QQUJtc3pSOEFZdERHNkFvQVI2TFVLQWN5OFlkbURycU1reitJTWxEOGxiWkFITGNrYk5VVkVsZHd6Q1c3a1FMeGFNWEJRV2dOQkhwa3o0cVFYNVRycWo3Z2kyNVdiMnBpejFzRnRMNTBNWlVmaHlYVWRHSEp2d1plbHh2cUhEUVFNODlwMmkwYllpMjJSaTFNcXlJMTJuWS9aZTBlNGJtNHJhb0VKd2FGSHpzdWFYenZqQTRCVkQ5akxXZlZVd2NrNXBVOHRvVldrQjlsRzR1NUJERllEMk9aN3NzMlhtdjNXU0Focmw1ekY3M1ZvaGJDOE1qQlVqZFY2K2tOK1RxajZTVmhEREs2QjhqLzRRUE1RdENkZkNrZGR2eXcxNE5KSHRKc0dXT0pqeWFFWUx0VVVTVjhLOS83S2JzdmdyYkdBN3FGaVIxMTV3TlArSEJwdUVHQXVWZmRCWnpabjhBSzFoZkwvazVkZVg1UW0zK0hQb2RGWEhreEdUeHNvbEkrdldTeitHQUhLUzlZRHlmN3B5L3kwL3M1dWwrUTRycGVBckYwMWlrR20yNVIyVk1GYU95MWtGZERCb2lIY1FpTmVJWURvbEp1aVRrbjZHZ2VWbkJQYkRRU0ZkeEJOTWNJb01RRk82NVk2Slh3TDh2MEkxT2RUaDRUNWNMUi9lZXhBZmFrcTgyWnZ6R2tObTlFYTQxcU1wTXAwRVpaamhmM3hBV0p1RklZVFhZeElRbFpzZVV1L3Q0ZmdHeDcrdzBwTzQvaHdIa1JoZHo0OWRVMTNEd2dKL0xOMkE0RUZzMjBVYm1ZN3UyR3Fla2FSeXJ2bU1JeThNRmhYcER2YmxsVWZLZEpnQTdUODUwRmRwRFNhbEMrU21URFN6a1BFVmpTTjc5RzMycERyNkhTcSt0VWo3UmhkVldSc0MzcVpXdCtHK25Oc21HdWtPRjZoOFZvUWNBWG9IOUxkL2tYRi9HVVlGRFRTNVdxenh1TGtMOGpJRUVDMEVVTmFjTVdvR0xETnhSYUhDamRKUERBNUphS3BzOFprWlZ3amJuTzY2NVo3ejhNNjNpbXJHTE1iVUFibkl2QVpRaUN4bkNtTHR6bjRUeWMrSFBzT3hNQkpZdDh0VHQ1SEZlU09JbUJJUWNJbmxab2JPTk02ZG5Uak5BUGRkNDZGMUpjQ1lTeWRCeWo3Smp1UEtjMVJVd2k3NXhZbm1vamZ1c3dhV2VCSTlRVGs5QUp4ZWsveTh3eDdMdDZkQ2E5NkJFUkRGWEhiaXNtT0dnTDdleXRWVXhHTXlobXZDaVVOQytTZkNOS081eFByNEFiSWRYWTMvSmZXWVZMbTZpdFlzWStrUEkva2ZHSG5UY0hUZm84NlBSZWtESCtKMDM5ZWEyTUd5TUVEWVd6d2x0VWg2dytNNG1IeXRRVVh0SGNiNTNSQkcxM0hXSjFMLy8wajVVM1JmbWUwc25UQllnRTN4TkNBaDM0Z2U0Wkx0TU04dUZyUWp6eGdrNnBPSVVicDFkdElZKzVHU0djMGVRdUowZFJmNUt5Y1o1UHE0aGg0SHdEa0pHZkZIZ0dIR3lqdXNHc3o5Q2x6b0FQVjQ2NHpYRjA2cEpBOElyb2xqcnA3dUVjQlAxaGY3NUZCb0h5QkFySHgrR1BFNElNWEpPVy9mSlBHV0FYeE9jYXRFR0RuaUZ3enVzbzR5L3Fod01pcUR6TEk2UkVJWVBNbU1EUlAxQ3liN0Q5ZVhwRjZvZk5LN3k3OVA5R3gwUEJrbDlZNzYxWXMrYkNiOTloUGFmS3hiem5RaVZHMDRlbVVQN080dFNML2tZRmlHeE1DaXYra0ZxellsUzZJOTNMVDhqWDdYTERnL3VkVHlQWmVGSnNMQUJKM1hSSzZGM0IvM2lKbThtVE1aVWFZNlBCbUMzTUJTMkc0TkZRaHF4NENWVlBmbitUQXUrY0ZmbmtCNGJXNU1ObWVRcS9JOW9Jak5weTRhWGpGbTRtY1Nyd0hXY3NBRGRUOUIxRGpGc0pQL1lJay9rS2puYXpmR09RcmxoNlZ3NmFmSERRd2ZrK3gzUzFacnZOclREWmZNbm53NXdpMUQ3L1h0a0JwR2VKOWRucXU4cTlZZUtELzJSZUJYQ3BJQzA3eWJXM3huS014ZGpnbXczMk03MlZNcTZlMTBxazBaZjZVS2tDWUpKRHRPalc3MFV5enhOVU51NUJCcGZQL2IvMVQveGdLczdxZjByMEhkMUFTOHh2enM1cXQrbmMwQnN1a0Fkd29Oc3NmZGJYWmRidmFuVk5SaVJoRmYzS3lWekNiM2pYSFNhb1dkR2JQc3dnZ3kyNno0TWs1cjhnQjQzZkRLcjg5UjIrZy81ZTFZbFRyaVdGUlZ0d1lDQWhESElBQkhLZ2hDZnc5RXg4NmJsMzMxYi9yNHF4dHJOT3JrWEc5bWtyVHZ4QkVxeGVENUw5OGZsZlQ1VzQrYVBvcmVaRjNDcTNyWlBGaXEyUTYvT29OTE5IcjdzZUlHZHBzbHN2ZFpVRlBFR0Z0T3JFMjAzbkt1VWJXcldMNUgrMkUzMHdKT2psdEZYTlFvcDJsUjkzMHJiUGZwT3RtY3NVaVdKbWpHTWpmbjRYQmpscGpsRnE3N0FxZ2tkNm5WMU5Bb0YwZzVnWUpzUThMVi9VVzBsdjAwWGI0Z2pnQ1BFeEFKNSsySVRlcVhnYVJVOVJaMlNneW9JYWhUNGdONWxseW5CaE1ydHJoalpXYlpTZWdubTVSSkMzUENlc3QxZ2Zjd3BqdnEwWGkyYVpkcW96ckh3WGtEVWdhd1JOaXpKZWdDT2Ura3JUY29FcmFQQnArR2NUNmRSOXl2NzRnMllveDdvM09jUXg1SHprdjhpWUVVdlpYakY1aFZUY3R2aGZlSVpSUm5KOEdzck9HYklkdmdsbFVYYTdsajlMdlowc1hYYUdic0J6ZDBTR1d6TnkxV1UyR0h1VDlhMktDQXJ3RjdDWnhmTW9FS0VNWEhsZDU1QkZWenJNUXhFRlRQTXA0NmVrREFXM0lGTFlGbzBNZmQvbkFyMlRMWnB2WERVc1YxeUlTREtyTmo0bDBBVGdtSkVXckFvbFo5ZUlaclQrR21uVHBYM0MwY09sQ3BJdnozbVJvTjZIa0hSL0V3dm1aRDVPamRLSGkrRTJtVXdDcGxJVEo0R0FkcFB0Rit6OEg1UHpPNGUrN0N2THdnd21jdzY2SVNERjZ4NHcrdU52a1dsUEE4N3ZIM0xrN1BRMzdOS3MrOUZvcXprMDgyYTR2RFcxWjZ4UWlzb1NRUmE5UDgyREU3eWRmNE5hKzdzc2NOUDZKSXlHOW5qWkV1Wko0c0NrMWlmekU1SVlwQTBaQ0dNSWpIVHpoSTVDdEsxd0VLVXczUEdCSUVqVUF0WmtqWGgxNDVqZUM0bEhwNHhRb08zU2tvTmk3Q05SaTBxclAveDNWTm84dTArUHp6QVU1SGwzdXpUVWdGeUtCckNMelU2ZGlsTjdJNGh1VnhKQk9pSjZMbGlJeVZnY3U2VzRLNlpDQ3FJVEhqSXVxRVdQZHhTb3gweTNtUGRydloveXJ5dTdBeHVHZmZXa2huS0V2dDVUUzJxbUtXRGZDMmdvL21wK3Y5U3hFT3VIOFh2SFc3bFp6bzlqYWJGdWlJYlhyK3YyVEVBVEVVaklML3lyQmQ4NlVUZlR0VDdZejBhMUdhaW9RcEVaR1FzWDRockJBNzNMWjlXMlBTMWxRRUJ1SUNGZzlvQmpzKzBzdTJDdG9vbUZKRkh6TjZNMUlIQ2JhK1JzU0hJN0xZRU5INFIzOGI0NkNwYlhjWGwwdGhTeUtJb0NlZktpSU0yQ1ZBTkdZVVZCSGQ4SjgzT2EwOGMrS0ZsSW9GWTIyaUlVeElNdUREZG02ZnZRc2cxbDRQVWl2ZWpZTGpIMHpEMlNsWTI5YjNUcHpjMm5wMHZWYXMxNCtkZVJSYjJKTmpVQXNKS0pLL0drdWY5c2tXVDF4NDV6RGFMYUxuVlFEZFRIaTRmdTV4VG0yMERrR0J5ZFQxbC8xYzhVa3E5RFZoZm5Ka3FKL3lYMHUrcTRrRU96N0hHR3R3MmRaaHVyN3NZSnBldXdLY2QwbFZFbFc0Q2pLT29NTDBISlBLN2dsWFpudk5EaXFPUTVGUmZYOFMxLzhIcFVZYUV1a3NaYlNiZ09GZGdLMkZGMEdmbGxUaEFmbi9NMnBpL25kZUt0Y0xtK2JSR3BpMXJZZ2tmanlsY05LM3NlYlZHUVhINHdLdUxGWHpla3dveTdrR1pWdE1RakRmbGxSVjJycElXWGEwL1VOb3ZKRTRJdzl4ZEFNSmpCOGVSOFVqN0dqNjJ4OHc5eTZPbVBVdllvbi8rK3pjb0J0VXJiTXBtOWdLN1VyZDRRQ0hac2VweXJQUkQxbm1pcXU4WjFUUmNJaFJxM3FoUUJXNlZTM1Nyd0NPZGtwWldvbWJ2QkJhUTljVkx5bm5PTEg4SDdyKzhwcCt6aVNxTlBtalZTU2x3YWpLTk1NUjAxK1BQam84N0twWHFrTHJ6MGxiTnpRSDdSOXlwVlNyRUFUUDUvaUFSOXFZb0pMdjNDbGx2YzhzblN3Wmp5SXBENTBtZ2VIWmhQZHBJdmkwTTZSVGdEYW5NbTg4cXBpTDdqWW0zTzhwbDdFVi8zdXpoZ1ZmallyUGlNREhjYURjcmJnaXVseERJRFhnOWRBd2h3bVg1VnRWYXBKK0ZCeGp5aDdjalVxYkhqaXBnVHRYVTcyVEl5YnJiQzFIak5pdUxEN0xlS0FoanhGRWxnZ3hJM1hqOG9ERHhJeFdHaXdxZk9IZytvWEJUUjUwYlRyYnc0R0FFdHhJSVB5TFJiNVZvQkJmQk5sRDZ2Nm0yNWM4dXpzdjJPTWJVSXRDcDNyTW5wNkdnVUxWeXpxWVQ4YnNMejVhT3ZMMERTMmdXaU9aRnRqSmlrb2tjRTJORWFBQXBzZGVEMXNVRUI3SUFxTElIM2RpSW9sdnBuM0NHM09GbDU1RzV1ZUlOZXVydjdKc3Z1cXJKQUExbEVyeG0xeVVCaVJnaUw2YlE4cXhHNlc1MFN5SDdNUTk1Q212T1FkalZUKzdVVWpoWW5odGpldU94Y3FpU2M3Yk5JTlBMNUN0amYzVXh2ZjljTytlVUdiNDFnZVN6U01Ta3kwUDRMNEpuYVV1T2QxRUY0N3JUdDF3NkIvem1IQUwyZkRzS0JUeXRZUE5PTjl4ODl4YWFDT1RUNmRscmxpa0p4M3BZalBuaVpEaVdTQWhDOXlUV0NuT2pLODlYTTduUUpYaEx3cnlIZ2x0UHV0Z3JlOC9jNk83VmxTZCtOSktoWjRKRXF6Y3FnTG9MWjdDbE1hRkQ1NVRqdmVHd0sxOE5FNGd0Mm8reFd4RktwVU13cmx2T21iMGhaL0ZtZzJYQWRJcXpGYVN3dFl6SFdLUWQzS1U2Szh4SWFBMnlqZGJzVzJxRzBtbWtadHB0YldibjExeUhvMjZaZlI3M2J1azFXVGdXZDRIeHZlbU9BSC9MTDZZUnkra2hvSDA1Yk80dGk0enc2VTdab2pyUXpZNlhZZFhHdnczeHBUUFJ4VFMzdXpQSkpnTUJTeENEUGZpY1JnWnZzeCsweVpiZ2pjKzlWNTFFS3JVMzl1cmJiSmxPNHUxRmVqM2tsdllkTnQ4WVhQdmpsRTlqNDcxVEhFMlN1VE5rVUVzcWRzNXkyeGxmcHZMdFpKV3ZSQ2haVTZpQnlhWklSVzh4QmR1bE9Fc2daanRhbWlLR3N0b0VHSmlIOU50Y0NzYkVwdzZ1MnNIM0hNc0l6VGw3Qm43Z2NNanZsdUhjbFZkdFdGeFV6WUFJTkdvd2l3Tm1Ta3ZHU09ZWWo1bXVWV3NwN2UvdmFORGpPR0xrZGFkdWc3NkhDUWpDWE5MZVNIejNkdkl1bWpucmtIeGM3UmZFR3p6VWxXYk5qSmFwUzZpRk9wNmZLR1V0VTE5K2lmam9KVWVtSlFDRG40UDV0WVB3MEhFMnphUGRQRHZZdzR2WFpXMERjK1BlNkp2aURxZ3M0TlhNa00zbWEvM0lwQkZGZmgxU0ZvMjZCMng1aXF3MStPcDU2SGtLdVBtUTd0TGRGWm9UQnIxcW1vcldCaGJnQjNIRHI2RitrQkpETWVmNUhZSHhLYmZzR1FSS09lRmRrc0phOVdOckI2dS9CRUZlYjZvbWFDcmNMTjRHZTdlL3ptTU5hMk9pWkNhbVZCcG8rRWxZMVZLQUNiZXRyK3IzaTlwKzAzUEE0QzREN0c1Y3Z3OGgxUlQ1UFRMSlZ3M3hUcjJBb1BUcmloVllmZFdRajgyMWtIdDVlZFBBbTh0dlB0NVlOOTBuYlZ5VDVxWlVrU2JlTUp5em1nb3ArdU9Qam5SN3M1amVPdTN0c251c1JNajFoeHEwOWRuN3VxbTQ2akpOL3hnM2hxRHZoUCthdG1Va2NFOE8vM2s2MG5FSndBSHJxUFBRbnMybFRWM2taMmlwMjc3dll0UWdZa01qa1lsenppU1hsRzNPT2JYMEl6NllwblVyRkpGSWZsUzNza3diMEJSN2ZJYkpFdGZ5elR5d3lJeXY0aVNQTEU3aG9ucWVZU1lKeldITUxzdUJOQk43VjRpbzZqOWU0UkhkZk0wOWEyS3JoQUlXSmptMU5maXZmZXNGL0JzQ3ZsL1JCZEZXU1l4ZzNCTGlxdERxL3N1QjRVVnZMekZ1TE5sQlN4Q1pIdnpscW1sOS8zaUtlN2xUL0hTR0JXWVZXbmJSdmpHNlhxeEFyWnNFMFpkQWNLM04yc1pXS0lCazkvU1JEN0J1b3Q5L0tITEJ0SlYvS0F3V0Vhc040ck0xV2RPelR2YU90S0FTMGNlR3dNNXBTYk1vR1M2RGl6TGYzWUk2ZFV2NkNRaGxwR28wUmtEZFlLdlNvdS9wSEsvU2djMlZteG9EYUcrb21TU0J2dkxkTGJXVXpMaTk1T1RyZWwya1pEbnNldmtuaEdlcmZjQ0xDSm13VU0wcjN6WVJlZllyMmgxa2hmT251VGNwWTVnM1NuMStFY0hUWk4yZHpQSy9Bb21nSEtpRGUwWlc1OHk4RUFSVGhZUTRhNlU1UHFYaGxkQWVyenpIekhHbmFUZ3FrREV5T2xlVnJUZ0M4L0xzdWdjTnh1cWJaWjBCNzVVWUNwM0wwNzc2VWN2b3VEU0lGekZlNzBsZlNEVitMT2JtUmFaVEFDQkVUVDM5TEo4SEVVc0t5YzIxRFY5YzRVT3R6aEQ1N0FWSVNzMlcyRDdrOTh3MHVwMmIzMkZKWStZeDNpUG04Zy9oSlhTaGpnaHNKVFdaTUVCck5HT2MzdlY2TmFiSnJ5Zmp5VWh6cVRmejRMUGo0MDdhSVlLaFhLU0RzMkRzKy9aeStpUGpuWThNS2tIaWVCdWgzcDFsZm5waHl2Q0c4VkhUWitjOUsxSEo0WVRWaXhicmtUM2I2R0JHcmcyamxKRkUycmpWcGNhVnRDOEJTeHJ6UlR5N1lLOTMwMFh1ZGJSeDV1djJsakQ3WHhmUEFoYTBJVWJ0dXlkOHROR3JYbnk2NjBUWmkzbUFDbVBnWm9wWWxiUWxTSjQ1UkFtN2lCTkF4a3N3OFE4ek5jQ2Y1d21JRGprWHRqNEV0WDhrRnRSU2xCc0tuYmJyTnhNaFRucW0xMDNBZWNZZWtiUkZ0SEhza1p6S3ZSTi80VVNjaUpTRzJ4S1lPa0xDMEd5WkhTSVhzOFhPTHhSYThTeFVsV2RSWDRaanEwb1owTm5YcFRJQ2UrRHpLZzlQTmxza21CcGZBZnFZNmFTRktCQjN3cnVWQUxoT3JtQ0QxOFdHMTExRnoyRjZhWUFoZGh1SWdBZjdJSjBTZ09ra1JpQUR1dmN6anBTL0VYRm4zemY2KzZuSjVDRS9FRDBQT2N4Y2dkR1E4bWVDMnN6aE1rdlJXNy9WQndxT2V6WHVDUWlxMktTWTZRN3ZBK2xZK1ovN0tBTGRLZHFFcXYwbGxYQWEzd1ZLeERycEdTcFpTTDZzblpONVBkbGxTRmtld0FueG90Mngwa3JEUXhUeWw2blZ2RWlITDBYa0s4WjU2UTJKR3E1QzNld01paUNXZmYrS1E2T3RnaHEyOUNBMmZVRnZTVnFBd3NVVDh0T0N2QTMrcTVXbmZTMFE4UDdWcDRxeXY0djhOK0ppdUpZQkJsOUhGb0JhTmw1SVQ4RTlnL0x6czZSNWRvemVZTWtVMnNUdXdOZ2RzK0cvVkN1Nkh4dkZxYjNhTCt1bWhscEJRVVFodER4NlV1bXpoc0NDZWtObWFJdGcvSlI5bHRMcXFxemNMbVdkMEY4NkhuQUtDL29jVkxvc0docDJvNkYwTmk4LzRSK1VqbGc0Q3pUU1IyRFZHSzVoa1dLbHp0R3ZvOVJqaFpmcmVQbUVpcjhJNWxKTTdjYy9MOTg1NjhvUndHOG4vQXhqakY4RytNaXN4RWZaN0ZjbmJPWkM1WUFoSTFQNDZ3OHBPMkVXRU51T2dKWEJtNkd6cU5jRVhmWDdDQW9vRmxtTmQxelZQbTBOTi93TlYwSFJYNWR4ejlIbXNyWXZTMGMyWStrZjZ6aWVBcUNiVEFjcjZOdjlWNlFzNmg2MGdCcnNURGY1c3BRQjFqZkpqWFduc21rWnBoTVBWTUZoemZKTkZhTmR0WEh2bXkvdXYvcHUzdkZEZVlTc2NUYW1kUmd1amtpVnNTUWlsTjlqdXZSNDVLRjNOckRMdklYZS9pdzdxN3lCK3gvSlNTRmN2Ylk4Qlp5VDRnYVU3dDBSMjN4ZlRTMmRvRlJvZkhaaVBSWk9QQU9EbnVSRVVFckF3TS9nLzZPSkt5WXJMMURxYjRHZjY4UFZabEJoSUFMbno2NCt0TW42ZUZMQlJsdGc0cnlsU3RuOWJXaUoxWlNGd2pFU2RXN1Rud05rSXlDVFpVTzA3enVrUlFGaGp6bWlyRWtKdVdJYUpWWlNrVCsxTVBLZFM3M24vQ0RHYzZ2amswRUZsMEtzM1cvOHRIRVFnMDRaWGpPODM1NVpyRy9zOUpOWjgrdVhPNVBJMjNIMG4rdHZGQ3h4bW1tRzExTThPMklvdkpLcWtDNnZ3OFBQNzZ1bE5ZeTQ4QWRJRTRlTkFPS0hJYzY3TFVTRlhjeXMzeUhWQ0x0MHNlQkd2QVJ1K2hOQ0RaQzI0NjV0cndscHNVaTJjQmhDakdEbVB0WXJFZFIybHZFNjY0aVRnSmUyaUo4Rkd4dklkZHhKdW5BaUwzUUFhR0t1eW9oMm5ydHRHaUYwOVdyVmNBaGdvU3JtaGJKNzAwQndNUFRManNydVRhcXV2aU5wVTI3dVN5SlU3NG5IK3pYMzRjck9Jckh2M3lEcnN2RUxVaDFhYXlvUzBQd2FrRHpEaWxPbXo4NDJyOXVjNUh4TjF4L0N2TDRBVHNtVHNZY29qRldIWEpmNkFrTmFhS3c5ZDNJTlg4allLVlJnOWQrekplWGw3VXZ4Z1lIMVh4RXBvd2Z2eFdsckZhQTVYRXQwMG5BRS9Ncm10NFl0b2JjQkkwRHAwTG9NSTk5dUt1YVNIYUkrY3QxVkdPMnpBelFUclBQOU5FWXVvRTlXZG9JckxONjl4dUhZdjV0NVFHMll3U042V2xBTWFVenprdUJQbldHZ3FEdXhkbGhhMm4wOXRjMjFBOW9LY05ZSWlFTkovV256aEFVdlVsYUtrK3dRQW1KTkdtanhhUHovM0YxMndzT0xMQ2VVTXVLY0lhbGpQM00vSSsyT2pYTTJSN2lRNlFYRGNING8wNGJZMms3MTViKzRucHRoOGR4Q0Z1ZGhwcW5hZVdIK2JuSTRsdnE3cHVPNkVqcy9aS0o1UzAwdHRjTFRLWEtTYlNCQWRiSFNSZ1RJVDVwWUQ1VU1QdEl4SUhUTWpSazluRjU2d0k1S1RxQjlYUVdIK2xqcUgrZzlvRzQ0emxmTk9KQXA1bGFKbS9KT1J3MjdmMnhCSDFsaVlHV04xNjgwOEJCenJQczZTamhUMXRvYTR4MUo1eDJQUjVSRjJaanUvbnZaVXZscjVBYVlHa2l0QXJnUW1aOEd3TEpsaGFwUUQxVXRJMDdwZ204VVRvaEpCYWx1U2VXaDlzZHVhM3hDdVM3WGE0S2FIRm5PazlYMkRhLzVHUlRDdFVzSkhkNFVEdXcyYTNldHpuREhZZ2kvdjJuUkhZalo0dVJWZWtjNW13ZnIyZ1N4Znp6NVZQQTN1QTVlNERWRTN3anFGYTNmcEJ3M2VNUm1PZkdHTUlyQ2VkS1V2c01KUmhjNFlYQzRvZGwvTWxsbnF6YzNlZG9vekZ3dU1ZU3N4dStFMmhZbFc1SWE1QmJyL1JuWUJjejZKL1lhTHJUbXNJenJtcHV6MGFtSVc0cjhEd2dZUVFrdU42WnFYc1BFdzBBdmVPRGQzSitJQzRkWnA0ZVdaSm9PT0tPNm1OTzU2OGNqYmF3a01IcnFFSDBKR1pwV0dVdmJ5cWRscUwzbm1rRnRXZ3d0dnhLcCsvMzVCQVlZeHRUaEw1MVJxYXBJeU5nQTFkTnhMVlFUVHc1UmdJWHNwR0RwQTBEYlE0WTVxdnZDOEp2SXRWYm1BOTRpbElpMzRnNnFvcTMxNjdhR3hSYWdHVTdWRmQ3eVQ0cEhFREhMVHNyVWJuT3lkMzNlTFlpZXdYRHFUNi96dURGUHNDM3hCZG1hUTNkU2EzL1d4N2dCT2JKckFWTVQyTWp1bkJCRTJVKytLb3ozd0xqQzVMaTNwT3JlcVJmcGJhcXgzZ25vUGdDUWtPcC9oV1QvbGFDOWs3WkE1S2FONWYyUnBDUEZ0aFpxbUxmamFwSURwWXpCMW43RVpsd2ZRYUNKSzluQ1cwK3lQdFV1MTlLbll0dXhZN1I4N2ZaUS9OS1Q1a29lU0ZKRThpWGpGTmpMcEsydHRkc1RKZ25ob3dvT21pNmkxcVlQRUlUZ2hCUGhKKzlvQ1llUmZoKzdST04yNVpFOXJIVHgyR1JFTVMwbVo2ejZJN0k0K3lOcWtDQjZqeE9oR2pSKy92aUM3T29VeHYwQlc2aTRhVlpHWERVMWQ5SlNHVStPMFhkMzRuMlh1TGs6OlD8pYhGBOn+5qhCXGnhfx8=','2018-11-24 01:04:19','2019-01-06 17:27:29');
INSERT INTO `employees` VALUES (7,1523456,50,18,38,76,'M','OTdLclRhOXd4Q3MxU2wrNHMyTGxtcXVkTDZSKzBLWTJFRlVvZUpDTHJFSitrWnpSazE5eG5yYWZkcEtMWkVPMEJrRVh1RG45eFlXZjVJVFdWKytVVzI2R1JlbXE3bFZFaWg1SmNEY09EcnBhOGJrNWZ4K3huNnVSMktNRmxBTm1pVTgvVGlqa0t3WFE4dG5aLzV3YS96MHZDVmpmYkpDN3FUclZ2L0lxQmR1SlZIYUZwZTZzL2tPWk5vS0tmbUpEYklBaGthak91a1FxMDNaWU13RUtuaDh3eEQ1MDFmU1FjaDNyUER0K1lIR1o2TW5ldU81S3g4bkptZDdKUDE3MWg0UHdac25YQm9KSmhoOGwvNVZTWVN3anp4eWZ6Tnl2ZFlGSmtjRWttTTVsRjl3N1RvK2gyZEltSG1xbCtwaVRwajlDYVFiRldWOVdmTHNsa0VRamlMTUJ0amo2eWYwR1hLQ0I3blVPbll2VVBLTndORjI5WUZiZzhWQWV0eFlhdFJ0NFpZYUFUcnJCNXBwR0hldGs0Y1h4TlllSW1KdlFCK3VJOHdITGRIVUxiRURkd0VxQ2I2dXNKV2xLd1VJb3JvVElYbWorelMyWGgxa0RIRDVFcVdRdTdqNml6ckdvL3luT3dJZEIxK1gvTHBxK3pFc01wS3RNRy9jSXFHM1VmSW8zMTdKdS9zOVZ3SGNaa1BSN1FaUWZZR3ZFcFNsT1JzYjBaa29CS20vT0dSMGpPODV6NXBGbkJlUWRmWkczdXl5cDlYNm9xclBkYVljVThPZ0Z2a1lXcjdwNE04VWVJcXRVSUwvSEhRVDJLYXVmU2xiLzlJNjYzcFdJTDVodktVcXNJTXpQU3k0VkxjQzhBbXN5ck5vUkxtNXVmRmREV0k1TW9xc0lTTTZBb0hTS2tyUXVRdUhSdXJtSXdwUUMzRVhHQUVyQVFoSURvcUVVQkVtYWo5d3U2cGJWQmpWSy9UU0pHcEdsMjQ2OTFibUFkdHFEL1g3UVdJR1oyVUs3bVFueVFnZUlhY09jcC8rNjdTYXRCZHkwZGpIRDdBRkloWG4rZDAvOERKQ2tQNmRNOEVueFI3NmxMNkwyOWpMK2pQdkNTaFN1OGpaK3h4TmZKUy8xaGcyaHhNRzVGQ2YrSkpzUEdiNXZiWWNLcVNvY3dGK2hEVE95NDI2U0JiZW1Bb1JYdUN4TjZTbmREMXZwZEh5Ri9OR3dWU3g3Rld1OEc2aGpKL3dHTTVHV2VuQjgzTWFTblRWY3FCcFRqTis2VWtZZ21VODFFTGlYV0xEUFFuQnFycnlBRWRQY0VaYTRFN1o0VFF5MkRuV3FvU1BSYXBOa1NtZ0V3RlpPblJPcWJEb2o5OXNOVmJLYTFEUURuQnJOdXljSFNUazU1Z3h0eDh3YWozREJUTmhaR0tHRXR5ODJCQXBLK2xidGhiMUlGcmNETEZLK1B6elgzbDZnb0dPNE9UcHpFbHBiYS9BY2pPZnAxMXRQejhqc3BWdE94YkdXRmpSLzYvMmIxMFNyL0YwbXl1MDNjdnZjQzV1RkovcHZwamsxNklBUUNzdzdLK1p0UkRUN3A5Uk5ML2xYTnNYbm0xbkxSVjBPdktBUGdWaW9uUE1Vbkg0K1dXbW95a3Vabk1pVzhaTk0wV2s0dHZzNjRYZE5zMFdwUVpUKyt0dllNc3BSeWI0Y2hxVVFpcFJHWGNiYTN3anRuOUt5NU93TXViR1RXTVZjWGZkU0QwdTlZUHpXRTBhTzQ5TFFvU2IwWnNQWGFSSFdOcFJFT0NzSW82c0Jabm9VY2VvZlEvdi9nQitCdTZuYVNrRVdyVFhLV3dSRGZYa2ZKb2Uya3lYTWNGMmJyUmJuZzArTWg0OG0rVDFWY0tIMFZKVFFhUCtvcndkS2pLczc1VllDeENGMi9ZZzVzR0xpbUFPdTNVbXY5MTlTUG9xeHgwNm42dWlqakNwb1RlaUxQTVVTLzdHV0dQVDJRc0hXcnp3aldSaWZpd0tFRHdrTFp3NXcxMHcxc014MStKY3I0dTcvYlRSQzJEbVRMS3BkTkZBcWRqWDR3MGlqQjgzb1dSRU9mWG1Xam1oYStQNWl5dUZiTDZuWU1Ramx5TVUzcHg5SkxmY0JQT05JV3JBcHlRdzZNSWJwdzZaVXNFZGNrcjg1RVgxN0xqd3FEd2ZlT2RTUnEvN3ovWGxmZzR5M1o2YXZkMGltWnVDVWE5WmdBenZpeEtkcG9JTkk4UEk1akY0WlUzQngwUEtJWUN0MUx5V2k3VHNQOFRnSTFteEo1bXEzRHExZ2dudFRkRTJZMk80Ty9QQUJtc3pSOEFZdERHNkFvQVI2TFVLQWN5OFlkbURycU1reitJTWxEOGxiWkFITGNrYk5VVkVsZHd6Q1c3a1FMeGFNWEJRV2dOQkhwa3o0cVFYNVRycWo3Z2kyNVdiMnBpejFzRnRMNTBNWlVmaHlYVWRHSEp2d1plbHh2cUhEUVFNODlwMmkwYllpMjJSaTFNcXlJMTJuWS9aZTBlNGJtNHJhb0VKd2FGSHpzdWFYenZqQTRCVkQ5akxXZlZVd2NrNXBVOHRvVldrQjlsRzR1NUJERllEMk9aN3NzMlhtdjNXU0Focmw1ekY3M1ZvaGJDOE1qQlVqZFY2K2tOK1RxajZTVmhEREs2QjhqLzRRUE1RdENkZkNrZGR2eXcxNE5KSHRKc0dXT0pqeWFFWUx0VVVTVjhLOS83S2JzdmdyYkdBN3FGaVIxMTV3TlArSEJwdUVHQXVWZmRCWnpabjhBSzFoZkwvazVkZVg1UW0zK0hQb2RGWEhreEdUeHNvbEkrdldTeitHQUhLUzlZRHlmN3B5L3kwL3M1dWwrUTRycGVBckYwMWlrR20yNVIyVk1GYU95MWtGZERCb2lIY1FpTmVJWURvbEp1aVRrbjZHZ2VWbkJQYkRRU0ZkeEJOTWNJb01RRk82NVk2Slh3TDh2MEkxT2RUaDRUNWNMUi9lZXhBZmFrcTgyWnZ6R2tObTlFYTQxcU1wTXAwRVpaamhmM3hBV0p1RklZVFhZeElRbFpzZVV1L3Q0ZmdHeDcrdzBwTzQvaHdIa1JoZHo0OWRVMTNEd2dKL0xOMkE0RUZzMjBVYm1ZN3UyR3Fla2FSeXJ2bU1JeThNRmhYcER2YmxsVWZLZEpnQTdUODUwRmRwRFNhbEMrU21URFN6a1BFVmpTTjc5RzMycERyNkhTcSt0VWo3UmhkVldSc0MzcVpXdCtHK25Oc21HdWtPRjZoOFZvUWNBWG9IOUxkL2tYRi9HVVlGRFRTNVdxenh1TGtMOGpJRUVDMEVVTmFjTVdvR0xETnhSYUhDamRKUERBNUphS3BzOFprWlZ3amJuTzY2NVo3ejhNNjNpbXJHTE1iVUFibkl2QVpRaUN4bkNtTHR6bjRUeWMrSFBzT3hNQkpZdDh0VHQ1SEZlU09JbUJJUWNJbmxab2JPTk02ZG5Uak5BUGRkNDZGMUpjQ1lTeWRCeWo3Smp1UEtjMVJVd2k3NXhZbm1vamZ1c3dhV2VCSTlRVGs5QUp4ZWsveTh3eDdMdDZkQ2E5NkJFUkRGWEhiaXNtT0dnTDdleXRWVXhHTXlobXZDaVVOQytTZkNOS081eFByNEFiSWRYWTMvSmZXWVZMbTZpdFlzWStrUEkva2ZHSG5UY0hUZm84NlBSZWtESCtKMDM5ZWEyTUd5TUVEWVd6d2x0VWg2dytNNG1IeXRRVVh0SGNiNTNSQkcxM0hXSjFMLy8wajVVM1JmbWUwc25UQllnRTN4TkNBaDM0Z2U0Wkx0TU04dUZyUWp6eGdrNnBPSVVicDFkdElZKzVHU0djMGVRdUowZFJmNUt5Y1o1UHE0aGg0SHdEa0pHZkZIZ0dIR3lqdXNHc3o5Q2x6b0FQVjQ2NHpYRjA2cEpBOElyb2xqcnA3dUVjQlAxaGY3NUZCb0h5QkFySHgrR1BFNElNWEpPVy9mSlBHV0FYeE9jYXRFR0RuaUZ3enVzbzR5L3Fod01pcUR6TEk2UkVJWVBNbU1EUlAxQ3liN0Q5ZVhwRjZvZk5LN3k3OVA5R3gwUEJrbDlZNzYxWXMrYkNiOTloUGFmS3hiem5RaVZHMDRlbVVQN080dFNML2tZRmlHeE1DaXYra0ZxellsUzZJOTNMVDhqWDdYTERnL3VkVHlQWmVGSnNMQUJKM1hSSzZGM0IvM2lKbThtVE1aVWFZNlBCbUMzTUJTMkc0TkZRaHF4NENWVlBmbitUQXUrY0ZmbmtCNGJXNU1ObWVRcS9JOW9Jak5weTRhWGpGbTRtY1Nyd0hXY3NBRGRUOUIxRGpGc0pQL1lJay9rS2puYXpmR09RcmxoNlZ3NmFmSERRd2ZrK3gzUzFacnZOclREWmZNbm53NXdpMUQ3L1h0a0JwR2VKOWRucXU4cTlZZUtELzJSZUJYQ3BJQzA3eWJXM3huS014ZGpnbXczMk03MlZNcTZlMTBxazBaZjZVS2tDWUpKRHRPalc3MFV5enhOVU51NUJCcGZQL2IvMVQveGdLczdxZjByMEhkMUFTOHh2enM1cXQrbmMwQnN1a0Fkd29Oc3NmZGJYWmRidmFuVk5SaVJoRmYzS3lWekNiM2pYSFNhb1dkR2JQc3dnZ3kyNno0TWs1cjhnQjQzZkRLcjg5UjIrZy81ZTFZbFRyaVdGUlZ0d1lDQWhESElBQkhLZ2hDZnc5RXg4NmJsMzMxYi9yNHF4dHJOT3JrWEc5bWtyVHZ4QkVxeGVENUw5OGZsZlQ1VzQrYVBvcmVaRjNDcTNyWlBGaXEyUTYvT29OTE5IcjdzZUlHZHBzbHN2ZFpVRlBFR0Z0T3JFMjAzbkt1VWJXcldMNUgrMkUzMHdKT2psdEZYTlFvcDJsUjkzMHJiUGZwT3RtY3NVaVdKbWpHTWpmbjRYQmpscGpsRnE3N0FxZ2tkNm5WMU5Bb0YwZzVnWUpzUThMVi9VVzBsdjAwWGI0Z2pnQ1BFeEFKNSsySVRlcVhnYVJVOVJaMlNneW9JYWhUNGdONWxseW5CaE1ydHJoalpXYlpTZWdubTVSSkMzUENlc3QxZ2Zjd3BqdnEwWGkyYVpkcW96ckh3WGtEVWdhd1JOaXpKZWdDT2Ura3JUY29FcmFQQnArR2NUNmRSOXl2NzRnMllveDdvM09jUXg1SHprdjhpWUVVdlpYakY1aFZUY3R2aGZlSVpSUm5KOEdzck9HYklkdmdsbFVYYTdsajlMdlowc1hYYUdic0J6ZDBTR1d6TnkxV1UyR0h1VDlhMktDQXJ3RjdDWnhmTW9FS0VNWEhsZDU1QkZWenJNUXhFRlRQTXA0NmVrREFXM0lGTFlGbzBNZmQvbkFyMlRMWnB2WERVc1YxeUlTREtyTmo0bDBBVGdtSkVXckFvbFo5ZUlaclQrR21uVHBYM0MwY09sQ3BJdnozbVJvTjZIa0hSL0V3dm1aRDVPamRLSGkrRTJtVXdDcGxJVEo0R0FkcFB0Rit6OEg1UHpPNGUrN0N2THdnd21jdzY2SVNERjZ4NHcrdU52a1dsUEE4N3ZIM0xrN1BRMzdOS3MrOUZvcXprMDgyYTR2RFcxWjZ4UWlzb1NRUmE5UDgyREU3eWRmNE5hKzdzc2NOUDZKSXlHOW5qWkV1Wko0c0NrMWlmekU1SVlwQTBaQ0dNSWpIVHpoSTVDdEsxd0VLVXczUEdCSUVqVUF0WmtqWGgxNDVqZUM0bEhwNHhRb08zU2tvTmk3Q05SaTBxclAveDNWTm84dTArUHp6QVU1SGwzdXpUVWdGeUtCckNMelU2ZGlsTjdJNGh1VnhKQk9pSjZMbGlJeVZnY3U2VzRLNlpDQ3FJVEhqSXVxRVdQZHhTb3gweTNtUGRydloveXJ5dTdBeHVHZmZXa2huS0V2dDVUUzJxbUtXRGZDMmdvL21wK3Y5U3hFT3VIOFh2SFc3bFp6bzlqYWJGdWlJYlhyK3YyVEVBVEVVaklML3lyQmQ4NlVUZlR0VDdZejBhMUdhaW9RcEVaR1FzWDRockJBNzNMWjlXMlBTMWxRRUJ1SUNGZzlvQmpzKzBzdTJDdG9vbUZKRkh6TjZNMUlIQ2JhK1JzU0hJN0xZRU5INFIzOGI0NkNwYlhjWGwwdGhTeUtJb0NlZktpSU0yQ1ZBTkdZVVZCSGQ4SjgzT2EwOGMrS0ZsSW9GWTIyaUlVeElNdUREZG02ZnZRc2cxbDRQVWl2ZWpZTGpIMHpEMlNsWTI5YjNUcHpjMm5wMHZWYXMxNCtkZVJSYjJKTmpVQXNKS0pLL0drdWY5c2tXVDF4NDV6RGFMYUxuVlFEZFRIaTRmdTV4VG0yMERrR0J5ZFQxbC8xYzhVa3E5RFZoZm5Ka3FKL3lYMHUrcTRrRU96N0hHR3R3MmRaaHVyN3NZSnBldXdLY2QwbFZFbFc0Q2pLT29NTDBISlBLN2dsWFpudk5EaXFPUTVGUmZYOFMxLzhIcFVZYUV1a3NaYlNiZ09GZGdLMkZGMEdmbGxUaEFmbi9NMnBpL25kZUt0Y0xtK2JSR3BpMXJZZ2tmanlsY05LM3NlYlZHUVhINHdLdUxGWHpla3dveTdrR1pWdE1RakRmbGxSVjJycElXWGEwL1VOb3ZKRTRJdzl4ZEFNSmpCOGVSOFVqN0dqNjJ4OHc5eTZPbVBVdllvbi8rK3pjb0J0VXJiTXBtOWdLN1VyZDRRQ0hac2VweXJQUkQxbm1pcXU4WjFUUmNJaFJxM3FoUUJXNlZTM1Nyd0NPZGtwWldvbWJ2QkJhUTljVkx5bm5PTEg4SDdyKzhwcCt6aVNxTlBtalZTU2x3YWpLTk1NUjAxK1BQam84N0twWHFrTHJ6MGxiTnpRSDdSOXlwVlNyRUFUUDUvaUFSOXFZb0pMdjNDbGx2YzhzblN3Wmp5SXBENTBtZ2VIWmhQZHBJdmkwTTZSVGdEYW5NbTg4cXBpTDdqWW0zTzhwbDdFVi8zdXpoZ1ZmallyUGlNREhjYURjcmJnaXVseERJRFhnOWRBd2h3bVg1VnRWYXBKK0ZCeGp5aDdjalVxYkhqaXBnVHRYVTcyVEl5YnJiQzFIak5pdUxEN0xlS0FoanhGRWxnZ3hJM1hqOG9ERHhJeFdHaXdxZk9IZytvWEJUUjUwYlRyYnc0R0FFdHhJSVB5TFJiNVZvQkJmQk5sRDZ2Nm0yNWM4dXpzdjJPTWJVSXRDcDNyTW5wNkdnVUxWeXpxWVQ4YnNMejVhT3ZMMERTMmdXaU9aRnRqSmlrb2tjRTJORWFBQXBzZGVEMXNVRUI3SUFxTElIM2RpSW9sdnBuM0NHM09GbDU1RzV1ZUlOZXVydjdKc3Z1cXJKQUExbEVyeG0xeVVCaVJnaUw2YlE4cXhHNlc1MFN5SDdNUTk1Q212T1FkalZUKzdVVWpoWW5odGpldU94Y3FpU2M3Yk5JTlBMNUN0amYzVXh2ZjljTytlVUdiNDFnZVN6U01Ta3kwUDRMNEpuYVV1T2QxRUY0N3JUdDF3NkIvem1IQUwyZkRzS0JUeXRZUE5PTjl4ODl4YWFDT1RUNmRscmxpa0p4M3BZalBuaVpEaVdTQWhDOXlUV0NuT2pLODlYTTduUUpYaEx3cnlIZ2x0UHV0Z3JlOC9jNk83VmxTZCtOSktoWjRKRXF6Y3FnTG9MWjdDbE1hRkQ1NVRqdmVHd0sxOE5FNGd0Mm8reFd4RktwVU13cmx2T21iMGhaL0ZtZzJYQWRJcXpGYVN3dFl6SFdLUWQzS1U2Szh4SWFBMnlqZGJzVzJxRzBtbWtadHB0YldibjExeUhvMjZaZlI3M2J1azFXVGdXZDRIeHZlbU9BSC9MTDZZUnkra2hvSDA1Yk80dGk0enc2VTdab2pyUXpZNlhZZFhHdnczeHBUUFJ4VFMzdXpQSkpnTUJTeENEUGZpY1JnWnZzeCsweVpiZ2pjKzlWNTFFS3JVMzl1cmJiSmxPNHUxRmVqM2tsdllkTnQ4WVhQdmpsRTlqNDcxVEhFMlN1VE5rVUVzcWRzNXkyeGxmcHZMdFpKV3ZSQ2haVTZpQnlhWklSVzh4QmR1bE9Fc2daanRhbWlLR3N0b0VHSmlIOU50Y0NzYkVwdzZ1MnNIM0hNc0l6VGw3Qm43Z2NNanZsdUhjbFZkdFdGeFV6WUFJTkdvd2l3Tm1Ta3ZHU09ZWWo1bXVWV3NwN2UvdmFORGpPR0xrZGFkdWc3NkhDUWpDWE5MZVNIejNkdkl1bWpucmtIeGM3UmZFR3p6VWxXYk5qSmFwUzZpRk9wNmZLR1V0VTE5K2lmam9KVWVtSlFDRG40UDV0WVB3MEhFMnphUGRQRHZZdzR2WFpXMERjK1BlNkp2aURxZ3M0TlhNa00zbWEvM0lwQkZGZmgxU0ZvMjZCMng1aXF3MStPcDU2SGtLdVBtUTd0TGRGWm9UQnIxcW1vcldCaGJnQjNIRHI2RitrQkpETWVmNUhZSHhLYmZzR1FSS09lRmRrc0phOVdOckI2dS9CRUZlYjZvbWFDcmNMTjRHZTdlL3ptTU5hMk9pWkNhbVZCcG8rRWxZMVZLQUNiZXRyK3IzaTlwKzAzUEE0QzREN0c1Y3Z3OGgxUlQ1UFRMSlZ3M3hUcjJBb1BUcmloVllmZFdRajgyMWtIdDVlZFBBbTh0dlB0NVlOOTBuYlZ5VDVxWlVrU2JlTUp5em1nb3ArdU9Qam5SN3M1amVPdTN0c251c1JNajFoeHEwOWRuN3VxbTQ2akpOL3hnM2hxRHZoUCthdG1Va2NFOE8vM2s2MG5FSndBSHJxUFBRbnMybFRWM2taMmlwMjc3dll0UWdZa01qa1lsenppU1hsRzNPT2JYMEl6NllwblVyRkpGSWZsUzNza3diMEJSN2ZJYkpFdGZ5elR5d3lJeXY0aVNQTEU3aG9ucWVZU1lKeldITUxzdUJOQk43VjRpbzZqOWU0UkhkZk0wOWEyS3JoQUlXSmptMU5maXZmZXNGL0JzQ3ZsL1JCZEZXU1l4ZzNCTGlxdERxL3N1QjRVVnZMekZ1TE5sQlN4Q1pIdnpscW1sOS8zaUtlN2xUL0hTR0JXWVZXbmJSdmpHNlhxeEFyWnNFMFpkQWNLM04yc1pXS0lCazkvU1JEN0J1b3Q5L0tITEJ0SlYvS0F3V0Vhc040ck0xV2RPelR2YU90S0FTMGNlR3dNNXBTYk1vR1M2RGl6TGYzWUk2ZFV2NkNRaGxwR28wUmtEZFlLdlNvdS9wSEsvU2djMlZteG9EYUcrb21TU0J2dkxkTGJXVXpMaTk1T1RyZWwya1pEbnNldmtuaEdlcmZjQ0xDSm13VU0wcjN6WVJlZllyMmgxa2hmT251VGNwWTVnM1NuMStFY0hUWk4yZHpQSy9Bb21nSEtpRGUwWlc1OHk4RUFSVGhZUTRhNlU1UHFYaGxkQWVyenpIekhHbmFUZ3FrREV5T2xlVnJUZ0M4L0xzdWdjTnh1cWJaWjBCNzVVWUNwM0wwNzc2VWN2b3VEU0lGekZlNzBsZlNEVitMT2JtUmFaVEFDQkVUVDM5TEo4SEVVc0t5YzIxRFY5YzRVT3R6aEQ1N0FWSVNzMlcyRDdrOTh3MHVwMmIzMkZKWStZeDNpUG04Zy9oSlhTaGpnaHNKVFdaTUVCck5HT2MzdlY2TmFiSnJ5Zmp5VWh6cVRmejRMUGo0MDdhSVlLaFhLU0RzMkRzKy9aeStpUGpuWThNS2tIaWVCdWgzcDFsZm5waHl2Q0c4VkhUWitjOUsxSEo0WVRWaXhicmtUM2I2R0JHcmcyamxKRkUycmpWcGNhVnRDOEJTeHJ6UlR5N1lLOTMwMFh1ZGJSeDV1djJsakQ3WHhmUEFoYTBJVWJ0dXlkOHROR3JYbnk2NjBUWmkzbUFDbVBnWm9wWWxiUWxTSjQ1UkFtN2lCTkF4a3N3OFE4ek5jQ2Y1d21JRGprWHRqNEV0WDhrRnRSU2xCc0tuYmJyTnhNaFRucW0xMDNBZWNZZWtiUkZ0SEhza1p6S3ZSTi80VVNjaUpTRzJ4S1lPa0xDMEd5WkhTSVhzOFhPTHhSYThTeFVsV2RSWDRaanEwb1owTm5YcFRJQ2UrRHpLZzlQTmxza21CcGZBZnFZNmFTRktCQjN3cnVWQUxoT3JtQ0QxOFdHMTExRnoyRjZhWUFoZGh1SWdBZjdJSjBTZ09ra1JpQUR1dmN6anBTL0VYRm4zemY2KzZuSjVDRS9FRDBQT2N4Y2dkR1E4bWVDMnN6aE1rdlJXNy9WQndxT2V6WHVDUWlxMktTWTZRN3ZBK2xZK1ovN0tBTGRLZHFFcXYwbGxYQWEzd1ZLeERycEdTcFpTTDZzblpONVBkbGxTRmtld0FueG90Mngwa3JEUXhUeWw2blZ2RWlITDBYa0s4WjU2UTJKR3E1QzNld01paUNXZmYrS1E2T3RnaHEyOUNBMmZVRnZTVnFBd3NVVDh0T0N2QTMrcTVXbmZTMFE4UDdWcDRxeXY0djhOK0ppdUpZQkJsOUhGb0JhTmw1SVQ4RTlnL0x6czZSNWRvemVZTWtVMnNUdXdOZ2RzK0cvVkN1Nkh4dkZxYjNhTCt1bWhscEJRVVFodER4NlV1bXpoc0NDZWtObWFJdGcvSlI5bHRMcXFxemNMbVdkMEY4NkhuQUtDL29jVkxvc0docDJvNkYwTmk4LzRSK1VqbGc0Q3pUU1IyRFZHSzVoa1dLbHp0R3ZvOVJqaFpmcmVQbUVpcjhJNWxKTTdjYy9MOTg1NjhvUndHOG4vQXhqakY4RytNaXN4RWZaN0ZjbmJPWkM1WUFoSTFQNDZ3OHBPMkVXRU51T2dKWEJtNkd6cU5jRVhmWDdDQW9vRmxtTmQxelZQbTBOTi93TlYwSFJYNWR4ejlIbXNyWXZTMGMyWStrZjZ6aWVBcUNiVEFjcjZOdjlWNlFzNmg2MGdCcnNURGY1c3BRQjFqZkpqWFduc21rWnBoTVBWTUZoemZKTkZhTmR0WEh2bXkvdXYvcHUzdkZEZVlTc2NUYW1kUmd1amtpVnNTUWlsTjlqdXZSNDVLRjNOckRMdklYZS9pdzdxN3lCK3gvSlNTRmN2Ylk4Qlp5VDRnYVU3dDBSMjN4ZlRTMmRvRlJvZkhaaVBSWk9QQU9EbnVSRVVFckF3TS9nLzZPSkt5WXJMMURxYjRHZjY4UFZabEJoSUFMbno2NCt0TW42ZUZMQlJsdGc0cnlsU3RuOWJXaUoxWlNGd2pFU2RXN1Rud05rSXlDVFpVTzA3enVrUlFGaGp6bWlyRWtKdVdJYUpWWlNrVCsxTVBLZFM3M24vQ0RHYzZ2amswRUZsMEtzM1cvOHRIRVFnMDRaWGpPODM1NVpyRy9zOUpOWjgrdVhPNVBJMjNIMG4rdHZGQ3h4bW1tRzExTThPMklvdkpLcWtDNnZ3OFBQNzZ1bE5ZeTQ4QWRJRTRlTkFPS0hJYzY3TFVTRlhjeXMzeUhWQ0x0MHNlQkd2QVJ1K2hOQ0RaQzI0NjV0cndscHNVaTJjQmhDakdEbVB0WXJFZFIybHZFNjY0aVRnSmUyaUo4Rkd4dklkZHhKdW5BaUwzUUFhR0t1eW9oMm5ydHRHaUYwOVdyVmNBaGdvU3JtaGJKNzAwQndNUFRManNydVRhcXV2aU5wVTI3dVN5SlU3NG5IK3pYMzRjck9Jckh2M3lEcnN2RUxVaDFhYXlvUzBQd2FrRHpEaWxPbXo4NDJyOXVjNUh4TjF4L0N2TDRBVHNtVHNZY29qRldIWEpmNkFrTmFhS3c5ZDNJTlg4allLVlJnOWQrekplWGw3VXZ4Z1lIMVh4RXBvd2Z2eFdsckZhQTVYRXQwMG5BRS9Ncm10NFl0b2JjQkkwRHAwTG9NSTk5dUt1YVNIYUkrY3QxVkdPMnpBelFUclBQOU5FWXVvRTlXZG9JckxONjl4dUhZdjV0NVFHMll3U042V2xBTWFVenprdUJQbldHZ3FEdXhkbGhhMm4wOXRjMjFBOW9LY05ZSWlFTkovV256aEFVdlVsYUtrK3dRQW1KTkdtanhhUHovM0YxMndzT0xMQ2VVTXVLY0lhbGpQM00vSSsyT2pYTTJSN2lRNlFYRGNING8wNGJZMms3MTViKzRucHRoOGR4Q0Z1ZGhwcW5hZVdIK2JuSTRsdnE3cHVPNkVqcy9aS0o1UzAwdHRjTFRLWEtTYlNCQWRiSFNSZ1RJVDVwWUQ1VU1QdEl4SUhUTWpSazluRjU2d0k1S1RxQjlYUVdIK2xqcUgrZzlvRzQ0emxmTk9KQXA1bGFKbS9KT1J3MjdmMnhCSDFsaVlHV04xNjgwOEJCenJQczZTamhUMXRvYTR4MUo1eDJQUjVSRjJaanUvbnZaVXZscjVBYVlHa2l0QXJnUW1aOEd3TEpsaGFwUUQxVXRJMDdwZ204VVRvaEpCYWx1U2VXaDlzZHVhM3hDdVM3WGE0S2FIRm5PazlYMkRhLzVHUlRDdFVzSkhkNFVEdXcyYTNldHpuREhZZ2kvdjJuUkhZalo0dVJWZWtjNW13ZnIyZ1N4Znp6NVZQQTN1QTVlNERWRTN3anFGYTNmcEJ3M2VNUm1PZkdHTUlyQ2VkS1V2c01KUmhjNFlYQzRvZGwvTWxsbnF6YzNlZG9vekZ3dU1ZU3N4dStFMmhZbFc1SWE1QmJyL1JuWUJjejZKL1lhTHJUbXNJenJtcHV6MGFtSVc0cjhEd2dZUVFrdU42WnFYc1BFdzBBdmVPRGQzSitJQzRkWnA0ZVdaSm9PT0tPNm1OTzU2OGNqYmF3a01IcnFFSDBKR1pwV0dVdmJ5cWRscUwzbm1rRnRXZ3d0dnhLcCsvMzVCQVlZeHRUaEw1MVJxYXBJeU5nQTFkTnhMVlFUVHc1UmdJWHNwR0RwQTBEYlE0WTVxdnZDOEp2SXRWYm1BOTRpbElpMzRnNnFvcTMxNjdhR3hSYWdHVTdWRmQ3eVQ0cEhFREhMVHNyVWJuT3lkMzNlTFlpZXdYRHFUNi96dURGUHNDM3hCZG1hUTNkU2EzL1d4N2dCT2JKckFWTVQyTWp1bkJCRTJVKytLb3ozd0xqQzVMaTNwT3JlcVJmcGJhcXgzZ25vUGdDUWtPcC9oV1QvbGFDOWs3WkE1S2FONWYyUnBDUEZ0aFpxbUxmamFwSURwWXpCMW43RVpsd2ZRYUNKSzluQ1cwK3lQdFV1MTlLbll0dXhZN1I4N2ZaUS9OS1Q1a29lU0ZKRThpWGpGTmpMcEsydHRkc1RKZ25ob3dvT21pNmkxcVlQRUlUZ2hCUGhKKzlvQ1llUmZoKzdST04yNVpFOXJIVHgyR1JFTVMwbVo2ejZJN0k0K3lOcWtDQjZqeE9oR2pSKy92aUM3T29VeHYwQlc2aTRhVlpHWERVMWQ5SlNHVStPMFhkMzRuMlh1TGs6OlD8pYhGBOn+5qhCXGnhfx8=','2018-11-24 10:48:03','2019-01-06 17:27:33');
INSERT INTO `employees` VALUES (8,13000133,53,14,41,79,'M','OTdLclRhOXd4Q3MxU2wrNHMyTGxtcXVkTDZSKzBLWTJFRlVvZUpDTHJFSitrWnpSazE5eG5yYWZkcEtMWkVPMEJrRVh1RG45eFlXZjVJVFdWKytVVzI2R1JlbXE3bFZFaWg1SmNEY09EcnBhOGJrNWZ4K3huNnVSMktNRmxBTm1pVTgvVGlqa0t3WFE4dG5aLzV3YS96MHZDVmpmYkpDN3FUclZ2L0lxQmR1SlZIYUZwZTZzL2tPWk5vS0tmbUpEYklBaGthak91a1FxMDNaWU13RUtuaDh3eEQ1MDFmU1FjaDNyUER0K1lIR1o2TW5ldU81S3g4bkptZDdKUDE3MWg0UHdac25YQm9KSmhoOGwvNVZTWVN3anp4eWZ6Tnl2ZFlGSmtjRWttTTVsRjl3N1RvK2gyZEltSG1xbCtwaVRwajlDYVFiRldWOVdmTHNsa0VRamlMTUJ0amo2eWYwR1hLQ0I3blVPbll2VVBLTndORjI5WUZiZzhWQWV0eFlhdFJ0NFpZYUFUcnJCNXBwR0hldGs0Y1h4TlllSW1KdlFCK3VJOHdITGRIVUxiRURkd0VxQ2I2dXNKV2xLd1VJb3JvVElYbWorelMyWGgxa0RIRDVFcVdRdTdqNml6ckdvL3luT3dJZEIxK1gvTHBxK3pFc01wS3RNRy9jSXFHM1VmSW8zMTdKdS9zOVZ3SGNaa1BSN1FaUWZZR3ZFcFNsT1JzYjBaa29CS20vT0dSMGpPODV6NXBGbkJlUWRmWkczdXl5cDlYNm9xclBkYVljVThPZ0Z2a1lXcjdwNE04VWVJcXRVSUwvSEhRVDJLYXVmU2xiLzlJNjYzcFdJTDVodktVcXNJTXpQU3k0VkxjQzhBbXN5ck5vUkxtNXVmRmREV0k1TW9xc0lTTTZBb0hTS2tyUXVRdUhSdXJtSXdwUUMzRVhHQUVyQVFoSURvcUVVQkVtYWo5d3U2cGJWQmpWSy9UU0pHcEdsMjQ2OTFibUFkdHFEL1g3UVdJR1oyVUs3bVFueVFnZUlhY09jcC8rNjdTYXRCZHkwZGpIRDdBRkloWG4rZDAvOERKQ2tQNmRNOEVueFI3NmxMNkwyOWpMK2pQdkNTaFN1OGpaK3h4TmZKUy8xaGcyaHhNRzVGQ2YrSkpzUEdiNXZiWWNLcVNvY3dGK2hEVE95NDI2U0JiZW1Bb1JYdUN4TjZTbmREMXZwZEh5Ri9OR3dWU3g3Rld1OEc2aGpKL3dHTTVHV2VuQjgzTWFTblRWY3FCcFRqTis2VWtZZ21VODFFTGlYV0xEUFFuQnFycnlBRWRQY0VaYTRFN1o0VFF5MkRuV3FvU1BSYXBOa1NtZ0V3RlpPblJPcWJEb2o5OXNOVmJLYTFEUURuQnJOdXljSFNUazU1Z3h0eDh3YWozREJUTmhaR0tHRXR5ODJCQXBLK2xidGhiMUlGcmNETEZLK1B6elgzbDZnb0dPNE9UcHpFbHBiYS9BY2pPZnAxMXRQejhqc3BWdE94YkdXRmpSLzYvMmIxMFNyL0YwbXl1MDNjdnZjQzV1RkovcHZwamsxNklBUUNzdzdLK1p0UkRUN3A5Uk5ML2xYTnNYbm0xbkxSVjBPdktBUGdWaW9uUE1Vbkg0K1dXbW95a3Vabk1pVzhaTk0wV2s0dHZzNjRYZE5zMFdwUVpUKyt0dllNc3BSeWI0Y2hxVVFpcFJHWGNiYTN3anRuOUt5NU93TXViR1RXTVZjWGZkU0QwdTlZUHpXRTBhTzQ5TFFvU2IwWnNQWGFSSFdOcFJFT0NzSW82c0Jabm9VY2VvZlEvdi9nQitCdTZuYVNrRVdyVFhLV3dSRGZYa2ZKb2Uya3lYTWNGMmJyUmJuZzArTWg0OG0rVDFWY0tIMFZKVFFhUCtvcndkS2pLczc1VllDeENGMi9ZZzVzR0xpbUFPdTNVbXY5MTlTUG9xeHgwNm42dWlqakNwb1RlaUxQTVVTLzdHV0dQVDJRc0hXcnp3aldSaWZpd0tFRHdrTFp3NXcxMHcxc014MStKY3I0dTcvYlRSQzJEbVRMS3BkTkZBcWRqWDR3MGlqQjgzb1dSRU9mWG1Xam1oYStQNWl5dUZiTDZuWU1Ramx5TVUzcHg5SkxmY0JQT05JV3JBcHlRdzZNSWJwdzZaVXNFZGNrcjg1RVgxN0xqd3FEd2ZlT2RTUnEvN3ovWGxmZzR5M1o2YXZkMGltWnVDVWE5WmdBenZpeEtkcG9JTkk4UEk1akY0WlUzQngwUEtJWUN0MUx5V2k3VHNQOFRnSTFteEo1bXEzRHExZ2dudFRkRTJZMk80Ty9QQUJtc3pSOEFZdERHNkFvQVI2TFVLQWN5OFlkbURycU1reitJTWxEOGxiWkFITGNrYk5VVkVsZHd6Q1c3a1FMeGFNWEJRV2dOQkhwa3o0cVFYNVRycWo3Z2kyNVdiMnBpejFzRnRMNTBNWlVmaHlYVWRHSEp2d1plbHh2cUhEUVFNODlwMmkwYllpMjJSaTFNcXlJMTJuWS9aZTBlNGJtNHJhb0VKd2FGSHpzdWFYenZqQTRCVkQ5akxXZlZVd2NrNXBVOHRvVldrQjlsRzR1NUJERllEMk9aN3NzMlhtdjNXU0Focmw1ekY3M1ZvaGJDOE1qQlVqZFY2K2tOK1RxajZTVmhEREs2QjhqLzRRUE1RdENkZkNrZGR2eXcxNE5KSHRKc0dXT0pqeWFFWUx0VVVTVjhLOS83S2JzdmdyYkdBN3FGaVIxMTV3TlArSEJwdUVHQXVWZmRCWnpabjhBSzFoZkwvazVkZVg1UW0zK0hQb2RGWEhreEdUeHNvbEkrdldTeitHQUhLUzlZRHlmN3B5L3kwL3M1dWwrUTRycGVBckYwMWlrR20yNVIyVk1GYU95MWtGZERCb2lIY1FpTmVJWURvbEp1aVRrbjZHZ2VWbkJQYkRRU0ZkeEJOTWNJb01RRk82NVk2Slh3TDh2MEkxT2RUaDRUNWNMUi9lZXhBZmFrcTgyWnZ6R2tObTlFYTQxcU1wTXAwRVpaamhmM3hBV0p1RklZVFhZeElRbFpzZVV1L3Q0ZmdHeDcrdzBwTzQvaHdIa1JoZHo0OWRVMTNEd2dKL0xOMkE0RUZzMjBVYm1ZN3UyR3Fla2FSeXJ2bU1JeThNRmhYcER2YmxsVWZLZEpnQTdUODUwRmRwRFNhbEMrU21URFN6a1BFVmpTTjc5RzMycERyNkhTcSt0VWo3UmhkVldSc0MzcVpXdCtHK25Oc21HdWtPRjZoOFZvUWNBWG9IOUxkL2tYRi9HVVlGRFRTNVdxenh1TGtMOGpJRUVDMEVVTmFjTVdvR0xETnhSYUhDamRKUERBNUphS3BzOFprWlZ3amJuTzY2NVo3ejhNNjNpbXJHTE1iVUFibkl2QVpRaUN4bkNtTHR6bjRUeWMrSFBzT3hNQkpZdDh0VHQ1SEZlU09JbUJJUWNJbmxab2JPTk02ZG5Uak5BUGRkNDZGMUpjQ1lTeWRCeWo3Smp1UEtjMVJVd2k3NXhZbm1vamZ1c3dhV2VCSTlRVGs5QUp4ZWsveTh3eDdMdDZkQ2E5NkJFUkRGWEhiaXNtT0dnTDdleXRWVXhHTXlobXZDaVVOQytTZkNOS081eFByNEFiSWRYWTMvSmZXWVZMbTZpdFlzWStrUEkva2ZHSG5UY0hUZm84NlBSZWtESCtKMDM5ZWEyTUd5TUVEWVd6d2x0VWg2dytNNG1IeXRRVVh0SGNiNTNSQkcxM0hXSjFMLy8wajVVM1JmbWUwc25UQllnRTN4TkNBaDM0Z2U0Wkx0TU04dUZyUWp6eGdrNnBPSVVicDFkdElZKzVHU0djMGVRdUowZFJmNUt5Y1o1UHE0aGg0SHdEa0pHZkZIZ0dIR3lqdXNHc3o5Q2x6b0FQVjQ2NHpYRjA2cEpBOElyb2xqcnA3dUVjQlAxaGY3NUZCb0h5QkFySHgrR1BFNElNWEpPVy9mSlBHV0FYeE9jYXRFR0RuaUZ3enVzbzR5L3Fod01pcUR6TEk2UkVJWVBNbU1EUlAxQ3liN0Q5ZVhwRjZvZk5LN3k3OVA5R3gwUEJrbDlZNzYxWXMrYkNiOTloUGFmS3hiem5RaVZHMDRlbVVQN080dFNML2tZRmlHeE1DaXYra0ZxellsUzZJOTNMVDhqWDdYTERnL3VkVHlQWmVGSnNMQUJKM1hSSzZGM0IvM2lKbThtVE1aVWFZNlBCbUMzTUJTMkc0TkZRaHF4NENWVlBmbitUQXUrY0ZmbmtCNGJXNU1ObWVRcS9JOW9Jak5weTRhWGpGbTRtY1Nyd0hXY3NBRGRUOUIxRGpGc0pQL1lJay9rS2puYXpmR09RcmxoNlZ3NmFmSERRd2ZrK3gzUzFacnZOclREWmZNbm53NXdpMUQ3L1h0a0JwR2VKOWRucXU4cTlZZUtELzJSZUJYQ3BJQzA3eWJXM3huS014ZGpnbXczMk03MlZNcTZlMTBxazBaZjZVS2tDWUpKRHRPalc3MFV5enhOVU51NUJCcGZQL2IvMVQveGdLczdxZjByMEhkMUFTOHh2enM1cXQrbmMwQnN1a0Fkd29Oc3NmZGJYWmRidmFuVk5SaVJoRmYzS3lWekNiM2pYSFNhb1dkR2JQc3dnZ3kyNno0TWs1cjhnQjQzZkRLcjg5UjIrZy81ZTFZbFRyaVdGUlZ0d1lDQWhESElBQkhLZ2hDZnc5RXg4NmJsMzMxYi9yNHF4dHJOT3JrWEc5bWtyVHZ4QkVxeGVENUw5OGZsZlQ1VzQrYVBvcmVaRjNDcTNyWlBGaXEyUTYvT29OTE5IcjdzZUlHZHBzbHN2ZFpVRlBFR0Z0T3JFMjAzbkt1VWJXcldMNUgrMkUzMHdKT2psdEZYTlFvcDJsUjkzMHJiUGZwT3RtY3NVaVdKbWpHTWpmbjRYQmpscGpsRnE3N0FxZ2tkNm5WMU5Bb0YwZzVnWUpzUThMVi9VVzBsdjAwWGI0Z2pnQ1BFeEFKNSsySVRlcVhnYVJVOVJaMlNneW9JYWhUNGdONWxseW5CaE1ydHJoalpXYlpTZWdubTVSSkMzUENlc3QxZ2Zjd3BqdnEwWGkyYVpkcW96ckh3WGtEVWdhd1JOaXpKZWdDT2Ura3JUY29FcmFQQnArR2NUNmRSOXl2NzRnMllveDdvM09jUXg1SHprdjhpWUVVdlpYakY1aFZUY3R2aGZlSVpSUm5KOEdzck9HYklkdmdsbFVYYTdsajlMdlowc1hYYUdic0J6ZDBTR1d6TnkxV1UyR0h1VDlhMktDQXJ3RjdDWnhmTW9FS0VNWEhsZDU1QkZWenJNUXhFRlRQTXA0NmVrREFXM0lGTFlGbzBNZmQvbkFyMlRMWnB2WERVc1YxeUlTREtyTmo0bDBBVGdtSkVXckFvbFo5ZUlaclQrR21uVHBYM0MwY09sQ3BJdnozbVJvTjZIa0hSL0V3dm1aRDVPamRLSGkrRTJtVXdDcGxJVEo0R0FkcFB0Rit6OEg1UHpPNGUrN0N2THdnd21jdzY2SVNERjZ4NHcrdU52a1dsUEE4N3ZIM0xrN1BRMzdOS3MrOUZvcXprMDgyYTR2RFcxWjZ4UWlzb1NRUmE5UDgyREU3eWRmNE5hKzdzc2NOUDZKSXlHOW5qWkV1Wko0c0NrMWlmekU1SVlwQTBaQ0dNSWpIVHpoSTVDdEsxd0VLVXczUEdCSUVqVUF0WmtqWGgxNDVqZUM0bEhwNHhRb08zU2tvTmk3Q05SaTBxclAveDNWTm84dTArUHp6QVU1SGwzdXpUVWdGeUtCckNMelU2ZGlsTjdJNGh1VnhKQk9pSjZMbGlJeVZnY3U2VzRLNlpDQ3FJVEhqSXVxRVdQZHhTb3gweTNtUGRydloveXJ5dTdBeHVHZmZXa2huS0V2dDVUUzJxbUtXRGZDMmdvL21wK3Y5U3hFT3VIOFh2SFc3bFp6bzlqYWJGdWlJYlhyK3YyVEVBVEVVaklML3lyQmQ4NlVUZlR0VDdZejBhMUdhaW9RcEVaR1FzWDRockJBNzNMWjlXMlBTMWxRRUJ1SUNGZzlvQmpzKzBzdTJDdG9vbUZKRkh6TjZNMUlIQ2JhK1JzU0hJN0xZRU5INFIzOGI0NkNwYlhjWGwwdGhTeUtJb0NlZktpSU0yQ1ZBTkdZVVZCSGQ4SjgzT2EwOGMrS0ZsSW9GWTIyaUlVeElNdUREZG02ZnZRc2cxbDRQVWl2ZWpZTGpIMHpEMlNsWTI5YjNUcHpjMm5wMHZWYXMxNCtkZVJSYjJKTmpVQXNKS0pLL0drdWY5c2tXVDF4NDV6RGFMYUxuVlFEZFRIaTRmdTV4VG0yMERrR0J5ZFQxbC8xYzhVa3E5RFZoZm5Ka3FKL3lYMHUrcTRrRU96N0hHR3R3MmRaaHVyN3NZSnBldXdLY2QwbFZFbFc0Q2pLT29NTDBISlBLN2dsWFpudk5EaXFPUTVGUmZYOFMxLzhIcFVZYUV1a3NaYlNiZ09GZGdLMkZGMEdmbGxUaEFmbi9NMnBpL25kZUt0Y0xtK2JSR3BpMXJZZ2tmanlsY05LM3NlYlZHUVhINHdLdUxGWHpla3dveTdrR1pWdE1RakRmbGxSVjJycElXWGEwL1VOb3ZKRTRJdzl4ZEFNSmpCOGVSOFVqN0dqNjJ4OHc5eTZPbVBVdllvbi8rK3pjb0J0VXJiTXBtOWdLN1VyZDRRQ0hac2VweXJQUkQxbm1pcXU4WjFUUmNJaFJxM3FoUUJXNlZTM1Nyd0NPZGtwWldvbWJ2QkJhUTljVkx5bm5PTEg4SDdyKzhwcCt6aVNxTlBtalZTU2x3YWpLTk1NUjAxK1BQam84N0twWHFrTHJ6MGxiTnpRSDdSOXlwVlNyRUFUUDUvaUFSOXFZb0pMdjNDbGx2YzhzblN3Wmp5SXBENTBtZ2VIWmhQZHBJdmkwTTZSVGdEYW5NbTg4cXBpTDdqWW0zTzhwbDdFVi8zdXpoZ1ZmallyUGlNREhjYURjcmJnaXVseERJRFhnOWRBd2h3bVg1VnRWYXBKK0ZCeGp5aDdjalVxYkhqaXBnVHRYVTcyVEl5YnJiQzFIak5pdUxEN0xlS0FoanhGRWxnZ3hJM1hqOG9ERHhJeFdHaXdxZk9IZytvWEJUUjUwYlRyYnc0R0FFdHhJSVB5TFJiNVZvQkJmQk5sRDZ2Nm0yNWM4dXpzdjJPTWJVSXRDcDNyTW5wNkdnVUxWeXpxWVQ4YnNMejVhT3ZMMERTMmdXaU9aRnRqSmlrb2tjRTJORWFBQXBzZGVEMXNVRUI3SUFxTElIM2RpSW9sdnBuM0NHM09GbDU1RzV1ZUlOZXVydjdKc3Z1cXJKQUExbEVyeG0xeVVCaVJnaUw2YlE4cXhHNlc1MFN5SDdNUTk1Q212T1FkalZUKzdVVWpoWW5odGpldU94Y3FpU2M3Yk5JTlBMNUN0amYzVXh2ZjljTytlVUdiNDFnZVN6U01Ta3kwUDRMNEpuYVV1T2QxRUY0N3JUdDF3NkIvem1IQUwyZkRzS0JUeXRZUE5PTjl4ODl4YWFDT1RUNmRscmxpa0p4M3BZalBuaVpEaVdTQWhDOXlUV0NuT2pLODlYTTduUUpYaEx3cnlIZ2x0UHV0Z3JlOC9jNk83VmxTZCtOSktoWjRKRXF6Y3FnTG9MWjdDbE1hRkQ1NVRqdmVHd0sxOE5FNGd0Mm8reFd4RktwVU13cmx2T21iMGhaL0ZtZzJYQWRJcXpGYVN3dFl6SFdLUWQzS1U2Szh4SWFBMnlqZGJzVzJxRzBtbWtadHB0YldibjExeUhvMjZaZlI3M2J1azFXVGdXZDRIeHZlbU9BSC9MTDZZUnkra2hvSDA1Yk80dGk0enc2VTdab2pyUXpZNlhZZFhHdnczeHBUUFJ4VFMzdXpQSkpnTUJTeENEUGZpY1JnWnZzeCsweVpiZ2pjKzlWNTFFS3JVMzl1cmJiSmxPNHUxRmVqM2tsdllkTnQ4WVhQdmpsRTlqNDcxVEhFMlN1VE5rVUVzcWRzNXkyeGxmcHZMdFpKV3ZSQ2haVTZpQnlhWklSVzh4QmR1bE9Fc2daanRhbWlLR3N0b0VHSmlIOU50Y0NzYkVwdzZ1MnNIM0hNc0l6VGw3Qm43Z2NNanZsdUhjbFZkdFdGeFV6WUFJTkdvd2l3Tm1Ta3ZHU09ZWWo1bXVWV3NwN2UvdmFORGpPR0xrZGFkdWc3NkhDUWpDWE5MZVNIejNkdkl1bWpucmtIeGM3UmZFR3p6VWxXYk5qSmFwUzZpRk9wNmZLR1V0VTE5K2lmam9KVWVtSlFDRG40UDV0WVB3MEhFMnphUGRQRHZZdzR2WFpXMERjK1BlNkp2aURxZ3M0TlhNa00zbWEvM0lwQkZGZmgxU0ZvMjZCMng1aXF3MStPcDU2SGtLdVBtUTd0TGRGWm9UQnIxcW1vcldCaGJnQjNIRHI2RitrQkpETWVmNUhZSHhLYmZzR1FSS09lRmRrc0phOVdOckI2dS9CRUZlYjZvbWFDcmNMTjRHZTdlL3ptTU5hMk9pWkNhbVZCcG8rRWxZMVZLQUNiZXRyK3IzaTlwKzAzUEE0QzREN0c1Y3Z3OGgxUlQ1UFRMSlZ3M3hUcjJBb1BUcmloVllmZFdRajgyMWtIdDVlZFBBbTh0dlB0NVlOOTBuYlZ5VDVxWlVrU2JlTUp5em1nb3ArdU9Qam5SN3M1amVPdTN0c251c1JNajFoeHEwOWRuN3VxbTQ2akpOL3hnM2hxRHZoUCthdG1Va2NFOE8vM2s2MG5FSndBSHJxUFBRbnMybFRWM2taMmlwMjc3dll0UWdZa01qa1lsenppU1hsRzNPT2JYMEl6NllwblVyRkpGSWZsUzNza3diMEJSN2ZJYkpFdGZ5elR5d3lJeXY0aVNQTEU3aG9ucWVZU1lKeldITUxzdUJOQk43VjRpbzZqOWU0UkhkZk0wOWEyS3JoQUlXSmptMU5maXZmZXNGL0JzQ3ZsL1JCZEZXU1l4ZzNCTGlxdERxL3N1QjRVVnZMekZ1TE5sQlN4Q1pIdnpscW1sOS8zaUtlN2xUL0hTR0JXWVZXbmJSdmpHNlhxeEFyWnNFMFpkQWNLM04yc1pXS0lCazkvU1JEN0J1b3Q5L0tITEJ0SlYvS0F3V0Vhc040ck0xV2RPelR2YU90S0FTMGNlR3dNNXBTYk1vR1M2RGl6TGYzWUk2ZFV2NkNRaGxwR28wUmtEZFlLdlNvdS9wSEsvU2djMlZteG9EYUcrb21TU0J2dkxkTGJXVXpMaTk1T1RyZWwya1pEbnNldmtuaEdlcmZjQ0xDSm13VU0wcjN6WVJlZllyMmgxa2hmT251VGNwWTVnM1NuMStFY0hUWk4yZHpQSy9Bb21nSEtpRGUwWlc1OHk4RUFSVGhZUTRhNlU1UHFYaGxkQWVyenpIekhHbmFUZ3FrREV5T2xlVnJUZ0M4L0xzdWdjTnh1cWJaWjBCNzVVWUNwM0wwNzc2VWN2b3VEU0lGekZlNzBsZlNEVitMT2JtUmFaVEFDQkVUVDM5TEo4SEVVc0t5YzIxRFY5YzRVT3R6aEQ1N0FWSVNzMlcyRDdrOTh3MHVwMmIzMkZKWStZeDNpUG04Zy9oSlhTaGpnaHNKVFdaTUVCck5HT2MzdlY2TmFiSnJ5Zmp5VWh6cVRmejRMUGo0MDdhSVlLaFhLU0RzMkRzKy9aeStpUGpuWThNS2tIaWVCdWgzcDFsZm5waHl2Q0c4VkhUWitjOUsxSEo0WVRWaXhicmtUM2I2R0JHcmcyamxKRkUycmpWcGNhVnRDOEJTeHJ6UlR5N1lLOTMwMFh1ZGJSeDV1djJsakQ3WHhmUEFoYTBJVWJ0dXlkOHROR3JYbnk2NjBUWmkzbUFDbVBnWm9wWWxiUWxTSjQ1UkFtN2lCTkF4a3N3OFE4ek5jQ2Y1d21JRGprWHRqNEV0WDhrRnRSU2xCc0tuYmJyTnhNaFRucW0xMDNBZWNZZWtiUkZ0SEhza1p6S3ZSTi80VVNjaUpTRzJ4S1lPa0xDMEd5WkhTSVhzOFhPTHhSYThTeFVsV2RSWDRaanEwb1owTm5YcFRJQ2UrRHpLZzlQTmxza21CcGZBZnFZNmFTRktCQjN3cnVWQUxoT3JtQ0QxOFdHMTExRnoyRjZhWUFoZGh1SWdBZjdJSjBTZ09ra1JpQUR1dmN6anBTL0VYRm4zemY2KzZuSjVDRS9FRDBQT2N4Y2dkR1E4bWVDMnN6aE1rdlJXNy9WQndxT2V6WHVDUWlxMktTWTZRN3ZBK2xZK1ovN0tBTGRLZHFFcXYwbGxYQWEzd1ZLeERycEdTcFpTTDZzblpONVBkbGxTRmtld0FueG90Mngwa3JEUXhUeWw2blZ2RWlITDBYa0s4WjU2UTJKR3E1QzNld01paUNXZmYrS1E2T3RnaHEyOUNBMmZVRnZTVnFBd3NVVDh0T0N2QTMrcTVXbmZTMFE4UDdWcDRxeXY0djhOK0ppdUpZQkJsOUhGb0JhTmw1SVQ4RTlnL0x6czZSNWRvemVZTWtVMnNUdXdOZ2RzK0cvVkN1Nkh4dkZxYjNhTCt1bWhscEJRVVFodER4NlV1bXpoc0NDZWtObWFJdGcvSlI5bHRMcXFxemNMbVdkMEY4NkhuQUtDL29jVkxvc0docDJvNkYwTmk4LzRSK1VqbGc0Q3pUU1IyRFZHSzVoa1dLbHp0R3ZvOVJqaFpmcmVQbUVpcjhJNWxKTTdjYy9MOTg1NjhvUndHOG4vQXhqakY4RytNaXN4RWZaN0ZjbmJPWkM1WUFoSTFQNDZ3OHBPMkVXRU51T2dKWEJtNkd6cU5jRVhmWDdDQW9vRmxtTmQxelZQbTBOTi93TlYwSFJYNWR4ejlIbXNyWXZTMGMyWStrZjZ6aWVBcUNiVEFjcjZOdjlWNlFzNmg2MGdCcnNURGY1c3BRQjFqZkpqWFduc21rWnBoTVBWTUZoemZKTkZhTmR0WEh2bXkvdXYvcHUzdkZEZVlTc2NUYW1kUmd1amtpVnNTUWlsTjlqdXZSNDVLRjNOckRMdklYZS9pdzdxN3lCK3gvSlNTRmN2Ylk4Qlp5VDRnYVU3dDBSMjN4ZlRTMmRvRlJvZkhaaVBSWk9QQU9EbnVSRVVFckF3TS9nLzZPSkt5WXJMMURxYjRHZjY4UFZabEJoSUFMbno2NCt0TW42ZUZMQlJsdGc0cnlsU3RuOWJXaUoxWlNGd2pFU2RXN1Rud05rSXlDVFpVTzA3enVrUlFGaGp6bWlyRWtKdVdJYUpWWlNrVCsxTVBLZFM3M24vQ0RHYzZ2amswRUZsMEtzM1cvOHRIRVFnMDRaWGpPODM1NVpyRy9zOUpOWjgrdVhPNVBJMjNIMG4rdHZGQ3h4bW1tRzExTThPMklvdkpLcWtDNnZ3OFBQNzZ1bE5ZeTQ4QWRJRTRlTkFPS0hJYzY3TFVTRlhjeXMzeUhWQ0x0MHNlQkd2QVJ1K2hOQ0RaQzI0NjV0cndscHNVaTJjQmhDakdEbVB0WXJFZFIybHZFNjY0aVRnSmUyaUo4Rkd4dklkZHhKdW5BaUwzUUFhR0t1eW9oMm5ydHRHaUYwOVdyVmNBaGdvU3JtaGJKNzAwQndNUFRManNydVRhcXV2aU5wVTI3dVN5SlU3NG5IK3pYMzRjck9Jckh2M3lEcnN2RUxVaDFhYXlvUzBQd2FrRHpEaWxPbXo4NDJyOXVjNUh4TjF4L0N2TDRBVHNtVHNZY29qRldIWEpmNkFrTmFhS3c5ZDNJTlg4allLVlJnOWQrekplWGw3VXZ4Z1lIMVh4RXBvd2Z2eFdsckZhQTVYRXQwMG5BRS9Ncm10NFl0b2JjQkkwRHAwTG9NSTk5dUt1YVNIYUkrY3QxVkdPMnpBelFUclBQOU5FWXVvRTlXZG9JckxONjl4dUhZdjV0NVFHMll3U042V2xBTWFVenprdUJQbldHZ3FEdXhkbGhhMm4wOXRjMjFBOW9LY05ZSWlFTkovV256aEFVdlVsYUtrK3dRQW1KTkdtanhhUHovM0YxMndzT0xMQ2VVTXVLY0lhbGpQM00vSSsyT2pYTTJSN2lRNlFYRGNING8wNGJZMms3MTViKzRucHRoOGR4Q0Z1ZGhwcW5hZVdIK2JuSTRsdnE3cHVPNkVqcy9aS0o1UzAwdHRjTFRLWEtTYlNCQWRiSFNSZ1RJVDVwWUQ1VU1QdEl4SUhUTWpSazluRjU2d0k1S1RxQjlYUVdIK2xqcUgrZzlvRzQ0emxmTk9KQXA1bGFKbS9KT1J3MjdmMnhCSDFsaVlHV04xNjgwOEJCenJQczZTamhUMXRvYTR4MUo1eDJQUjVSRjJaanUvbnZaVXZscjVBYVlHa2l0QXJnUW1aOEd3TEpsaGFwUUQxVXRJMDdwZ204VVRvaEpCYWx1U2VXaDlzZHVhM3hDdVM3WGE0S2FIRm5PazlYMkRhLzVHUlRDdFVzSkhkNFVEdXcyYTNldHpuREhZZ2kvdjJuUkhZalo0dVJWZWtjNW13ZnIyZ1N4Znp6NVZQQTN1QTVlNERWRTN3anFGYTNmcEJ3M2VNUm1PZkdHTUlyQ2VkS1V2c01KUmhjNFlYQzRvZGwvTWxsbnF6YzNlZG9vekZ3dU1ZU3N4dStFMmhZbFc1SWE1QmJyL1JuWUJjejZKL1lhTHJUbXNJenJtcHV6MGFtSVc0cjhEd2dZUVFrdU42WnFYc1BFdzBBdmVPRGQzSitJQzRkWnA0ZVdaSm9PT0tPNm1OTzU2OGNqYmF3a01IcnFFSDBKR1pwV0dVdmJ5cWRscUwzbm1rRnRXZ3d0dnhLcCsvMzVCQVlZeHRUaEw1MVJxYXBJeU5nQTFkTnhMVlFUVHc1UmdJWHNwR0RwQTBEYlE0WTVxdnZDOEp2SXRWYm1BOTRpbElpMzRnNnFvcTMxNjdhR3hSYWdHVTdWRmQ3eVQ0cEhFREhMVHNyVWJuT3lkMzNlTFlpZXdYRHFUNi96dURGUHNDM3hCZG1hUTNkU2EzL1d4N2dCT2JKckFWTVQyTWp1bkJCRTJVKytLb3ozd0xqQzVMaTNwT3JlcVJmcGJhcXgzZ25vUGdDUWtPcC9oV1QvbGFDOWs3WkE1S2FONWYyUnBDUEZ0aFpxbUxmamFwSURwWXpCMW43RVpsd2ZRYUNKSzluQ1cwK3lQdFV1MTlLbll0dXhZN1I4N2ZaUS9OS1Q1a29lU0ZKRThpWGpGTmpMcEsydHRkc1RKZ25ob3dvT21pNmkxcVlQRUlUZ2hCUGhKKzlvQ1llUmZoKzdST04yNVpFOXJIVHgyR1JFTVMwbVo2ejZJN0k0K3lOcWtDQjZqeE9oR2pSKy92aUM3T29VeHYwQlc2aTRhVlpHWERVMWQ5SlNHVStPMFhkMzRuMlh1TGs6OlD8pYhGBOn+5qhCXGnhfx8=','2018-11-28 05:37:19','2019-01-06 17:27:38');
INSERT INTO `employees` VALUES (9,15001234,54,19,42,80,'M','OTdLclRhOXd4Q3MxU2wrNHMyTGxtcXVkTDZSKzBLWTJFRlVvZUpDTHJFSitrWnpSazE5eG5yYWZkcEtMWkVPMEJrRVh1RG45eFlXZjVJVFdWKytVVzI2R1JlbXE3bFZFaWg1SmNEY09EcnBhOGJrNWZ4K3huNnVSMktNRmxBTm1pVTgvVGlqa0t3WFE4dG5aLzV3YS96MHZDVmpmYkpDN3FUclZ2L0lxQmR1SlZIYUZwZTZzL2tPWk5vS0tmbUpEYklBaGthak91a1FxMDNaWU13RUtuaDh3eEQ1MDFmU1FjaDNyUER0K1lIR1o2TW5ldU81S3g4bkptZDdKUDE3MWg0UHdac25YQm9KSmhoOGwvNVZTWVN3anp4eWZ6Tnl2ZFlGSmtjRWttTTVsRjl3N1RvK2gyZEltSG1xbCtwaVRwajlDYVFiRldWOVdmTHNsa0VRamlMTUJ0amo2eWYwR1hLQ0I3blVPbll2VVBLTndORjI5WUZiZzhWQWV0eFlhdFJ0NFpZYUFUcnJCNXBwR0hldGs0Y1h4TlllSW1KdlFCK3VJOHdITGRIVUxiRURkd0VxQ2I2dXNKV2xLd1VJb3JvVElYbWorelMyWGgxa0RIRDVFcVdRdTdqNml6ckdvL3luT3dJZEIxK1gvTHBxK3pFc01wS3RNRy9jSXFHM1VmSW8zMTdKdS9zOVZ3SGNaa1BSN1FaUWZZR3ZFcFNsT1JzYjBaa29CS20vT0dSMGpPODV6NXBGbkJlUWRmWkczdXl5cDlYNm9xclBkYVljVThPZ0Z2a1lXcjdwNE04VWVJcXRVSUwvSEhRVDJLYXVmU2xiLzlJNjYzcFdJTDVodktVcXNJTXpQU3k0VkxjQzhBbXN5ck5vUkxtNXVmRmREV0k1TW9xc0lTTTZBb0hTS2tyUXVRdUhSdXJtSXdwUUMzRVhHQUVyQVFoSURvcUVVQkVtYWo5d3U2cGJWQmpWSy9UU0pHcEdsMjQ2OTFibUFkdHFEL1g3UVdJR1oyVUs3bVFueVFnZUlhY09jcC8rNjdTYXRCZHkwZGpIRDdBRkloWG4rZDAvOERKQ2tQNmRNOEVueFI3NmxMNkwyOWpMK2pQdkNTaFN1OGpaK3h4TmZKUy8xaGcyaHhNRzVGQ2YrSkpzUEdiNXZiWWNLcVNvY3dGK2hEVE95NDI2U0JiZW1Bb1JYdUN4TjZTbmREMXZwZEh5Ri9OR3dWU3g3Rld1OEc2aGpKL3dHTTVHV2VuQjgzTWFTblRWY3FCcFRqTis2VWtZZ21VODFFTGlYV0xEUFFuQnFycnlBRWRQY0VaYTRFN1o0VFF5MkRuV3FvU1BSYXBOa1NtZ0V3RlpPblJPcWJEb2o5OXNOVmJLYTFEUURuQnJOdXljSFNUazU1Z3h0eDh3YWozREJUTmhaR0tHRXR5ODJCQXBLK2xidGhiMUlGcmNETEZLK1B6elgzbDZnb0dPNE9UcHpFbHBiYS9BY2pPZnAxMXRQejhqc3BWdE94YkdXRmpSLzYvMmIxMFNyL0YwbXl1MDNjdnZjQzV1RkovcHZwamsxNklBUUNzdzdLK1p0UkRUN3A5Uk5ML2xYTnNYbm0xbkxSVjBPdktBUGdWaW9uUE1Vbkg0K1dXbW95a3Vabk1pVzhaTk0wV2s0dHZzNjRYZE5zMFdwUVpUKyt0dllNc3BSeWI0Y2hxVVFpcFJHWGNiYTN3anRuOUt5NU93TXViR1RXTVZjWGZkU0QwdTlZUHpXRTBhTzQ5TFFvU2IwWnNQWGFSSFdOcFJFT0NzSW82c0Jabm9VY2VvZlEvdi9nQitCdTZuYVNrRVdyVFhLV3dSRGZYa2ZKb2Uya3lYTWNGMmJyUmJuZzArTWg0OG0rVDFWY0tIMFZKVFFhUCtvcndkS2pLczc1VllDeENGMi9ZZzVzR0xpbUFPdTNVbXY5MTlTUG9xeHgwNm42dWlqakNwb1RlaUxQTVVTLzdHV0dQVDJRc0hXcnp3aldSaWZpd0tFRHdrTFp3NXcxMHcxc014MStKY3I0dTcvYlRSQzJEbVRMS3BkTkZBcWRqWDR3MGlqQjgzb1dSRU9mWG1Xam1oYStQNWl5dUZiTDZuWU1Ramx5TVUzcHg5SkxmY0JQT05JV3JBcHlRdzZNSWJwdzZaVXNFZGNrcjg1RVgxN0xqd3FEd2ZlT2RTUnEvN3ovWGxmZzR5M1o2YXZkMGltWnVDVWE5WmdBenZpeEtkcG9JTkk4UEk1akY0WlUzQngwUEtJWUN0MUx5V2k3VHNQOFRnSTFteEo1bXEzRHExZ2dudFRkRTJZMk80Ty9QQUJtc3pSOEFZdERHNkFvQVI2TFVLQWN5OFlkbURycU1reitJTWxEOGxiWkFITGNrYk5VVkVsZHd6Q1c3a1FMeGFNWEJRV2dOQkhwa3o0cVFYNVRycWo3Z2kyNVdiMnBpejFzRnRMNTBNWlVmaHlYVWRHSEp2d1plbHh2cUhEUVFNODlwMmkwYllpMjJSaTFNcXlJMTJuWS9aZTBlNGJtNHJhb0VKd2FGSHpzdWFYenZqQTRCVkQ5akxXZlZVd2NrNXBVOHRvVldrQjlsRzR1NUJERllEMk9aN3NzMlhtdjNXU0Focmw1ekY3M1ZvaGJDOE1qQlVqZFY2K2tOK1RxajZTVmhEREs2QjhqLzRRUE1RdENkZkNrZGR2eXcxNE5KSHRKc0dXT0pqeWFFWUx0VVVTVjhLOS83S2JzdmdyYkdBN3FGaVIxMTV3TlArSEJwdUVHQXVWZmRCWnpabjhBSzFoZkwvazVkZVg1UW0zK0hQb2RGWEhreEdUeHNvbEkrdldTeitHQUhLUzlZRHlmN3B5L3kwL3M1dWwrUTRycGVBckYwMWlrR20yNVIyVk1GYU95MWtGZERCb2lIY1FpTmVJWURvbEp1aVRrbjZHZ2VWbkJQYkRRU0ZkeEJOTWNJb01RRk82NVk2Slh3TDh2MEkxT2RUaDRUNWNMUi9lZXhBZmFrcTgyWnZ6R2tObTlFYTQxcU1wTXAwRVpaamhmM3hBV0p1RklZVFhZeElRbFpzZVV1L3Q0ZmdHeDcrdzBwTzQvaHdIa1JoZHo0OWRVMTNEd2dKL0xOMkE0RUZzMjBVYm1ZN3UyR3Fla2FSeXJ2bU1JeThNRmhYcER2YmxsVWZLZEpnQTdUODUwRmRwRFNhbEMrU21URFN6a1BFVmpTTjc5RzMycERyNkhTcSt0VWo3UmhkVldSc0MzcVpXdCtHK25Oc21HdWtPRjZoOFZvUWNBWG9IOUxkL2tYRi9HVVlGRFRTNVdxenh1TGtMOGpJRUVDMEVVTmFjTVdvR0xETnhSYUhDamRKUERBNUphS3BzOFprWlZ3amJuTzY2NVo3ejhNNjNpbXJHTE1iVUFibkl2QVpRaUN4bkNtTHR6bjRUeWMrSFBzT3hNQkpZdDh0VHQ1SEZlU09JbUJJUWNJbmxab2JPTk02ZG5Uak5BUGRkNDZGMUpjQ1lTeWRCeWo3Smp1UEtjMVJVd2k3NXhZbm1vamZ1c3dhV2VCSTlRVGs5QUp4ZWsveTh3eDdMdDZkQ2E5NkJFUkRGWEhiaXNtT0dnTDdleXRWVXhHTXlobXZDaVVOQytTZkNOS081eFByNEFiSWRYWTMvSmZXWVZMbTZpdFlzWStrUEkva2ZHSG5UY0hUZm84NlBSZWtESCtKMDM5ZWEyTUd5TUVEWVd6d2x0VWg2dytNNG1IeXRRVVh0SGNiNTNSQkcxM0hXSjFMLy8wajVVM1JmbWUwc25UQllnRTN4TkNBaDM0Z2U0Wkx0TU04dUZyUWp6eGdrNnBPSVVicDFkdElZKzVHU0djMGVRdUowZFJmNUt5Y1o1UHE0aGg0SHdEa0pHZkZIZ0dIR3lqdXNHc3o5Q2x6b0FQVjQ2NHpYRjA2cEpBOElyb2xqcnA3dUVjQlAxaGY3NUZCb0h5QkFySHgrR1BFNElNWEpPVy9mSlBHV0FYeE9jYXRFR0RuaUZ3enVzbzR5L3Fod01pcUR6TEk2UkVJWVBNbU1EUlAxQ3liN0Q5ZVhwRjZvZk5LN3k3OVA5R3gwUEJrbDlZNzYxWXMrYkNiOTloUGFmS3hiem5RaVZHMDRlbVVQN080dFNML2tZRmlHeE1DaXYra0ZxellsUzZJOTNMVDhqWDdYTERnL3VkVHlQWmVGSnNMQUJKM1hSSzZGM0IvM2lKbThtVE1aVWFZNlBCbUMzTUJTMkc0TkZRaHF4NENWVlBmbitUQXUrY0ZmbmtCNGJXNU1ObWVRcS9JOW9Jak5weTRhWGpGbTRtY1Nyd0hXY3NBRGRUOUIxRGpGc0pQL1lJay9rS2puYXpmR09RcmxoNlZ3NmFmSERRd2ZrK3gzUzFacnZOclREWmZNbm53NXdpMUQ3L1h0a0JwR2VKOWRucXU4cTlZZUtELzJSZUJYQ3BJQzA3eWJXM3huS014ZGpnbXczMk03MlZNcTZlMTBxazBaZjZVS2tDWUpKRHRPalc3MFV5enhOVU51NUJCcGZQL2IvMVQveGdLczdxZjByMEhkMUFTOHh2enM1cXQrbmMwQnN1a0Fkd29Oc3NmZGJYWmRidmFuVk5SaVJoRmYzS3lWekNiM2pYSFNhb1dkR2JQc3dnZ3kyNno0TWs1cjhnQjQzZkRLcjg5UjIrZy81ZTFZbFRyaVdGUlZ0d1lDQWhESElBQkhLZ2hDZnc5RXg4NmJsMzMxYi9yNHF4dHJOT3JrWEc5bWtyVHZ4QkVxeGVENUw5OGZsZlQ1VzQrYVBvcmVaRjNDcTNyWlBGaXEyUTYvT29OTE5IcjdzZUlHZHBzbHN2ZFpVRlBFR0Z0T3JFMjAzbkt1VWJXcldMNUgrMkUzMHdKT2psdEZYTlFvcDJsUjkzMHJiUGZwT3RtY3NVaVdKbWpHTWpmbjRYQmpscGpsRnE3N0FxZ2tkNm5WMU5Bb0YwZzVnWUpzUThMVi9VVzBsdjAwWGI0Z2pnQ1BFeEFKNSsySVRlcVhnYVJVOVJaMlNneW9JYWhUNGdONWxseW5CaE1ydHJoalpXYlpTZWdubTVSSkMzUENlc3QxZ2Zjd3BqdnEwWGkyYVpkcW96ckh3WGtEVWdhd1JOaXpKZWdDT2Ura3JUY29FcmFQQnArR2NUNmRSOXl2NzRnMllveDdvM09jUXg1SHprdjhpWUVVdlpYakY1aFZUY3R2aGZlSVpSUm5KOEdzck9HYklkdmdsbFVYYTdsajlMdlowc1hYYUdic0J6ZDBTR1d6TnkxV1UyR0h1VDlhMktDQXJ3RjdDWnhmTW9FS0VNWEhsZDU1QkZWenJNUXhFRlRQTXA0NmVrREFXM0lGTFlGbzBNZmQvbkFyMlRMWnB2WERVc1YxeUlTREtyTmo0bDBBVGdtSkVXckFvbFo5ZUlaclQrR21uVHBYM0MwY09sQ3BJdnozbVJvTjZIa0hSL0V3dm1aRDVPamRLSGkrRTJtVXdDcGxJVEo0R0FkcFB0Rit6OEg1UHpPNGUrN0N2THdnd21jdzY2SVNERjZ4NHcrdU52a1dsUEE4N3ZIM0xrN1BRMzdOS3MrOUZvcXprMDgyYTR2RFcxWjZ4UWlzb1NRUmE5UDgyREU3eWRmNE5hKzdzc2NOUDZKSXlHOW5qWkV1Wko0c0NrMWlmekU1SVlwQTBaQ0dNSWpIVHpoSTVDdEsxd0VLVXczUEdCSUVqVUF0WmtqWGgxNDVqZUM0bEhwNHhRb08zU2tvTmk3Q05SaTBxclAveDNWTm84dTArUHp6QVU1SGwzdXpUVWdGeUtCckNMelU2ZGlsTjdJNGh1VnhKQk9pSjZMbGlJeVZnY3U2VzRLNlpDQ3FJVEhqSXVxRVdQZHhTb3gweTNtUGRydloveXJ5dTdBeHVHZmZXa2huS0V2dDVUUzJxbUtXRGZDMmdvL21wK3Y5U3hFT3VIOFh2SFc3bFp6bzlqYWJGdWlJYlhyK3YyVEVBVEVVaklML3lyQmQ4NlVUZlR0VDdZejBhMUdhaW9RcEVaR1FzWDRockJBNzNMWjlXMlBTMWxRRUJ1SUNGZzlvQmpzKzBzdTJDdG9vbUZKRkh6TjZNMUlIQ2JhK1JzU0hJN0xZRU5INFIzOGI0NkNwYlhjWGwwdGhTeUtJb0NlZktpSU0yQ1ZBTkdZVVZCSGQ4SjgzT2EwOGMrS0ZsSW9GWTIyaUlVeElNdUREZG02ZnZRc2cxbDRQVWl2ZWpZTGpIMHpEMlNsWTI5YjNUcHpjMm5wMHZWYXMxNCtkZVJSYjJKTmpVQXNKS0pLL0drdWY5c2tXVDF4NDV6RGFMYUxuVlFEZFRIaTRmdTV4VG0yMERrR0J5ZFQxbC8xYzhVa3E5RFZoZm5Ka3FKL3lYMHUrcTRrRU96N0hHR3R3MmRaaHVyN3NZSnBldXdLY2QwbFZFbFc0Q2pLT29NTDBISlBLN2dsWFpudk5EaXFPUTVGUmZYOFMxLzhIcFVZYUV1a3NaYlNiZ09GZGdLMkZGMEdmbGxUaEFmbi9NMnBpL25kZUt0Y0xtK2JSR3BpMXJZZ2tmanlsY05LM3NlYlZHUVhINHdLdUxGWHpla3dveTdrR1pWdE1RakRmbGxSVjJycElXWGEwL1VOb3ZKRTRJdzl4ZEFNSmpCOGVSOFVqN0dqNjJ4OHc5eTZPbVBVdllvbi8rK3pjb0J0VXJiTXBtOWdLN1VyZDRRQ0hac2VweXJQUkQxbm1pcXU4WjFUUmNJaFJxM3FoUUJXNlZTM1Nyd0NPZGtwWldvbWJ2QkJhUTljVkx5bm5PTEg4SDdyKzhwcCt6aVNxTlBtalZTU2x3YWpLTk1NUjAxK1BQam84N0twWHFrTHJ6MGxiTnpRSDdSOXlwVlNyRUFUUDUvaUFSOXFZb0pMdjNDbGx2YzhzblN3Wmp5SXBENTBtZ2VIWmhQZHBJdmkwTTZSVGdEYW5NbTg4cXBpTDdqWW0zTzhwbDdFVi8zdXpoZ1ZmallyUGlNREhjYURjcmJnaXVseERJRFhnOWRBd2h3bVg1VnRWYXBKK0ZCeGp5aDdjalVxYkhqaXBnVHRYVTcyVEl5YnJiQzFIak5pdUxEN0xlS0FoanhGRWxnZ3hJM1hqOG9ERHhJeFdHaXdxZk9IZytvWEJUUjUwYlRyYnc0R0FFdHhJSVB5TFJiNVZvQkJmQk5sRDZ2Nm0yNWM4dXpzdjJPTWJVSXRDcDNyTW5wNkdnVUxWeXpxWVQ4YnNMejVhT3ZMMERTMmdXaU9aRnRqSmlrb2tjRTJORWFBQXBzZGVEMXNVRUI3SUFxTElIM2RpSW9sdnBuM0NHM09GbDU1RzV1ZUlOZXVydjdKc3Z1cXJKQUExbEVyeG0xeVVCaVJnaUw2YlE4cXhHNlc1MFN5SDdNUTk1Q212T1FkalZUKzdVVWpoWW5odGpldU94Y3FpU2M3Yk5JTlBMNUN0amYzVXh2ZjljTytlVUdiNDFnZVN6U01Ta3kwUDRMNEpuYVV1T2QxRUY0N3JUdDF3NkIvem1IQUwyZkRzS0JUeXRZUE5PTjl4ODl4YWFDT1RUNmRscmxpa0p4M3BZalBuaVpEaVdTQWhDOXlUV0NuT2pLODlYTTduUUpYaEx3cnlIZ2x0UHV0Z3JlOC9jNk83VmxTZCtOSktoWjRKRXF6Y3FnTG9MWjdDbE1hRkQ1NVRqdmVHd0sxOE5FNGd0Mm8reFd4RktwVU13cmx2T21iMGhaL0ZtZzJYQWRJcXpGYVN3dFl6SFdLUWQzS1U2Szh4SWFBMnlqZGJzVzJxRzBtbWtadHB0YldibjExeUhvMjZaZlI3M2J1azFXVGdXZDRIeHZlbU9BSC9MTDZZUnkra2hvSDA1Yk80dGk0enc2VTdab2pyUXpZNlhZZFhHdnczeHBUUFJ4VFMzdXpQSkpnTUJTeENEUGZpY1JnWnZzeCsweVpiZ2pjKzlWNTFFS3JVMzl1cmJiSmxPNHUxRmVqM2tsdllkTnQ4WVhQdmpsRTlqNDcxVEhFMlN1VE5rVUVzcWRzNXkyeGxmcHZMdFpKV3ZSQ2haVTZpQnlhWklSVzh4QmR1bE9Fc2daanRhbWlLR3N0b0VHSmlIOU50Y0NzYkVwdzZ1MnNIM0hNc0l6VGw3Qm43Z2NNanZsdUhjbFZkdFdGeFV6WUFJTkdvd2l3Tm1Ta3ZHU09ZWWo1bXVWV3NwN2UvdmFORGpPR0xrZGFkdWc3NkhDUWpDWE5MZVNIejNkdkl1bWpucmtIeGM3UmZFR3p6VWxXYk5qSmFwUzZpRk9wNmZLR1V0VTE5K2lmam9KVWVtSlFDRG40UDV0WVB3MEhFMnphUGRQRHZZdzR2WFpXMERjK1BlNkp2aURxZ3M0TlhNa00zbWEvM0lwQkZGZmgxU0ZvMjZCMng1aXF3MStPcDU2SGtLdVBtUTd0TGRGWm9UQnIxcW1vcldCaGJnQjNIRHI2RitrQkpETWVmNUhZSHhLYmZzR1FSS09lRmRrc0phOVdOckI2dS9CRUZlYjZvbWFDcmNMTjRHZTdlL3ptTU5hMk9pWkNhbVZCcG8rRWxZMVZLQUNiZXRyK3IzaTlwKzAzUEE0QzREN0c1Y3Z3OGgxUlQ1UFRMSlZ3M3hUcjJBb1BUcmloVllmZFdRajgyMWtIdDVlZFBBbTh0dlB0NVlOOTBuYlZ5VDVxWlVrU2JlTUp5em1nb3ArdU9Qam5SN3M1amVPdTN0c251c1JNajFoeHEwOWRuN3VxbTQ2akpOL3hnM2hxRHZoUCthdG1Va2NFOE8vM2s2MG5FSndBSHJxUFBRbnMybFRWM2taMmlwMjc3dll0UWdZa01qa1lsenppU1hsRzNPT2JYMEl6NllwblVyRkpGSWZsUzNza3diMEJSN2ZJYkpFdGZ5elR5d3lJeXY0aVNQTEU3aG9ucWVZU1lKeldITUxzdUJOQk43VjRpbzZqOWU0UkhkZk0wOWEyS3JoQUlXSmptMU5maXZmZXNGL0JzQ3ZsL1JCZEZXU1l4ZzNCTGlxdERxL3N1QjRVVnZMekZ1TE5sQlN4Q1pIdnpscW1sOS8zaUtlN2xUL0hTR0JXWVZXbmJSdmpHNlhxeEFyWnNFMFpkQWNLM04yc1pXS0lCazkvU1JEN0J1b3Q5L0tITEJ0SlYvS0F3V0Vhc040ck0xV2RPelR2YU90S0FTMGNlR3dNNXBTYk1vR1M2RGl6TGYzWUk2ZFV2NkNRaGxwR28wUmtEZFlLdlNvdS9wSEsvU2djMlZteG9EYUcrb21TU0J2dkxkTGJXVXpMaTk1T1RyZWwya1pEbnNldmtuaEdlcmZjQ0xDSm13VU0wcjN6WVJlZllyMmgxa2hmT251VGNwWTVnM1NuMStFY0hUWk4yZHpQSy9Bb21nSEtpRGUwWlc1OHk4RUFSVGhZUTRhNlU1UHFYaGxkQWVyenpIekhHbmFUZ3FrREV5T2xlVnJUZ0M4L0xzdWdjTnh1cWJaWjBCNzVVWUNwM0wwNzc2VWN2b3VEU0lGekZlNzBsZlNEVitMT2JtUmFaVEFDQkVUVDM5TEo4SEVVc0t5YzIxRFY5YzRVT3R6aEQ1N0FWSVNzMlcyRDdrOTh3MHVwMmIzMkZKWStZeDNpUG04Zy9oSlhTaGpnaHNKVFdaTUVCck5HT2MzdlY2TmFiSnJ5Zmp5VWh6cVRmejRMUGo0MDdhSVlLaFhLU0RzMkRzKy9aeStpUGpuWThNS2tIaWVCdWgzcDFsZm5waHl2Q0c4VkhUWitjOUsxSEo0WVRWaXhicmtUM2I2R0JHcmcyamxKRkUycmpWcGNhVnRDOEJTeHJ6UlR5N1lLOTMwMFh1ZGJSeDV1djJsakQ3WHhmUEFoYTBJVWJ0dXlkOHROR3JYbnk2NjBUWmkzbUFDbVBnWm9wWWxiUWxTSjQ1UkFtN2lCTkF4a3N3OFE4ek5jQ2Y1d21JRGprWHRqNEV0WDhrRnRSU2xCc0tuYmJyTnhNaFRucW0xMDNBZWNZZWtiUkZ0SEhza1p6S3ZSTi80VVNjaUpTRzJ4S1lPa0xDMEd5WkhTSVhzOFhPTHhSYThTeFVsV2RSWDRaanEwb1owTm5YcFRJQ2UrRHpLZzlQTmxza21CcGZBZnFZNmFTRktCQjN3cnVWQUxoT3JtQ0QxOFdHMTExRnoyRjZhWUFoZGh1SWdBZjdJSjBTZ09ra1JpQUR1dmN6anBTL0VYRm4zemY2KzZuSjVDRS9FRDBQT2N4Y2dkR1E4bWVDMnN6aE1rdlJXNy9WQndxT2V6WHVDUWlxMktTWTZRN3ZBK2xZK1ovN0tBTGRLZHFFcXYwbGxYQWEzd1ZLeERycEdTcFpTTDZzblpONVBkbGxTRmtld0FueG90Mngwa3JEUXhUeWw2blZ2RWlITDBYa0s4WjU2UTJKR3E1QzNld01paUNXZmYrS1E2T3RnaHEyOUNBMmZVRnZTVnFBd3NVVDh0T0N2QTMrcTVXbmZTMFE4UDdWcDRxeXY0djhOK0ppdUpZQkJsOUhGb0JhTmw1SVQ4RTlnL0x6czZSNWRvemVZTWtVMnNUdXdOZ2RzK0cvVkN1Nkh4dkZxYjNhTCt1bWhscEJRVVFodER4NlV1bXpoc0NDZWtObWFJdGcvSlI5bHRMcXFxemNMbVdkMEY4NkhuQUtDL29jVkxvc0docDJvNkYwTmk4LzRSK1VqbGc0Q3pUU1IyRFZHSzVoa1dLbHp0R3ZvOVJqaFpmcmVQbUVpcjhJNWxKTTdjYy9MOTg1NjhvUndHOG4vQXhqakY4RytNaXN4RWZaN0ZjbmJPWkM1WUFoSTFQNDZ3OHBPMkVXRU51T2dKWEJtNkd6cU5jRVhmWDdDQW9vRmxtTmQxelZQbTBOTi93TlYwSFJYNWR4ejlIbXNyWXZTMGMyWStrZjZ6aWVBcUNiVEFjcjZOdjlWNlFzNmg2MGdCcnNURGY1c3BRQjFqZkpqWFduc21rWnBoTVBWTUZoemZKTkZhTmR0WEh2bXkvdXYvcHUzdkZEZVlTc2NUYW1kUmd1amtpVnNTUWlsTjlqdXZSNDVLRjNOckRMdklYZS9pdzdxN3lCK3gvSlNTRmN2Ylk4Qlp5VDRnYVU3dDBSMjN4ZlRTMmRvRlJvZkhaaVBSWk9QQU9EbnVSRVVFckF3TS9nLzZPSkt5WXJMMURxYjRHZjY4UFZabEJoSUFMbno2NCt0TW42ZUZMQlJsdGc0cnlsU3RuOWJXaUoxWlNGd2pFU2RXN1Rud05rSXlDVFpVTzA3enVrUlFGaGp6bWlyRWtKdVdJYUpWWlNrVCsxTVBLZFM3M24vQ0RHYzZ2amswRUZsMEtzM1cvOHRIRVFnMDRaWGpPODM1NVpyRy9zOUpOWjgrdVhPNVBJMjNIMG4rdHZGQ3h4bW1tRzExTThPMklvdkpLcWtDNnZ3OFBQNzZ1bE5ZeTQ4QWRJRTRlTkFPS0hJYzY3TFVTRlhjeXMzeUhWQ0x0MHNlQkd2QVJ1K2hOQ0RaQzI0NjV0cndscHNVaTJjQmhDakdEbVB0WXJFZFIybHZFNjY0aVRnSmUyaUo4Rkd4dklkZHhKdW5BaUwzUUFhR0t1eW9oMm5ydHRHaUYwOVdyVmNBaGdvU3JtaGJKNzAwQndNUFRManNydVRhcXV2aU5wVTI3dVN5SlU3NG5IK3pYMzRjck9Jckh2M3lEcnN2RUxVaDFhYXlvUzBQd2FrRHpEaWxPbXo4NDJyOXVjNUh4TjF4L0N2TDRBVHNtVHNZY29qRldIWEpmNkFrTmFhS3c5ZDNJTlg4allLVlJnOWQrekplWGw3VXZ4Z1lIMVh4RXBvd2Z2eFdsckZhQTVYRXQwMG5BRS9Ncm10NFl0b2JjQkkwRHAwTG9NSTk5dUt1YVNIYUkrY3QxVkdPMnpBelFUclBQOU5FWXVvRTlXZG9JckxONjl4dUhZdjV0NVFHMll3U042V2xBTWFVenprdUJQbldHZ3FEdXhkbGhhMm4wOXRjMjFBOW9LY05ZSWlFTkovV256aEFVdlVsYUtrK3dRQW1KTkdtanhhUHovM0YxMndzT0xMQ2VVTXVLY0lhbGpQM00vSSsyT2pYTTJSN2lRNlFYRGNING8wNGJZMms3MTViKzRucHRoOGR4Q0Z1ZGhwcW5hZVdIK2JuSTRsdnE3cHVPNkVqcy9aS0o1UzAwdHRjTFRLWEtTYlNCQWRiSFNSZ1RJVDVwWUQ1VU1QdEl4SUhUTWpSazluRjU2d0k1S1RxQjlYUVdIK2xqcUgrZzlvRzQ0emxmTk9KQXA1bGFKbS9KT1J3MjdmMnhCSDFsaVlHV04xNjgwOEJCenJQczZTamhUMXRvYTR4MUo1eDJQUjVSRjJaanUvbnZaVXZscjVBYVlHa2l0QXJnUW1aOEd3TEpsaGFwUUQxVXRJMDdwZ204VVRvaEpCYWx1U2VXaDlzZHVhM3hDdVM3WGE0S2FIRm5PazlYMkRhLzVHUlRDdFVzSkhkNFVEdXcyYTNldHpuREhZZ2kvdjJuUkhZalo0dVJWZWtjNW13ZnIyZ1N4Znp6NVZQQTN1QTVlNERWRTN3anFGYTNmcEJ3M2VNUm1PZkdHTUlyQ2VkS1V2c01KUmhjNFlYQzRvZGwvTWxsbnF6YzNlZG9vekZ3dU1ZU3N4dStFMmhZbFc1SWE1QmJyL1JuWUJjejZKL1lhTHJUbXNJenJtcHV6MGFtSVc0cjhEd2dZUVFrdU42WnFYc1BFdzBBdmVPRGQzSitJQzRkWnA0ZVdaSm9PT0tPNm1OTzU2OGNqYmF3a01IcnFFSDBKR1pwV0dVdmJ5cWRscUwzbm1rRnRXZ3d0dnhLcCsvMzVCQVlZeHRUaEw1MVJxYXBJeU5nQTFkTnhMVlFUVHc1UmdJWHNwR0RwQTBEYlE0WTVxdnZDOEp2SXRWYm1BOTRpbElpMzRnNnFvcTMxNjdhR3hSYWdHVTdWRmQ3eVQ0cEhFREhMVHNyVWJuT3lkMzNlTFlpZXdYRHFUNi96dURGUHNDM3hCZG1hUTNkU2EzL1d4N2dCT2JKckFWTVQyTWp1bkJCRTJVKytLb3ozd0xqQzVMaTNwT3JlcVJmcGJhcXgzZ25vUGdDUWtPcC9oV1QvbGFDOWs3WkE1S2FONWYyUnBDUEZ0aFpxbUxmamFwSURwWXpCMW43RVpsd2ZRYUNKSzluQ1cwK3lQdFV1MTlLbll0dXhZN1I4N2ZaUS9OS1Q1a29lU0ZKRThpWGpGTmpMcEsydHRkc1RKZ25ob3dvT21pNmkxcVlQRUlUZ2hCUGhKKzlvQ1llUmZoKzdST04yNVpFOXJIVHgyR1JFTVMwbVo2ejZJN0k0K3lOcWtDQjZqeE9oR2pSKy92aUM3T29VeHYwQlc2aTRhVlpHWERVMWQ5SlNHVStPMFhkMzRuMlh1TGs6OlD8pYhGBOn+5qhCXGnhfx8=','2018-11-28 05:48:54','2019-01-06 17:27:48');
INSERT INTO `employees` VALUES (10,30326548,66,15,54,92,'M','TWNCN3FMMFZRRmcvODc3NnErSTdSQ1JUSHRhSHFuN3NzMGcvdlczWk1RQzg4V3JVUHN2N2d2MC9yVGxPSzBSSEtXOU81dExoaXpoZ3o3L054NHVIMEZlSi9LYld2bGZOSlNtZEhkR3lzVCtERkJOQk9YS3R0cE1OaXdJYm5FendST0RlRUxlbG8yWkhZU3ZMemFxQVZDai8zbW1kM0FPUjhKNmcvb1hrZXVMNCtzbVhHQ2xVL1NLOGxBc3ZaOGQ5S2J5YnJzN1JEMittSjhrTkpMNnZxRHBmNlN3SWRIbWFFVlpXTVl6VXNhSDlxMWhHWktqYVlQMkJnWmRQQVJ5ZElkcmdKMHFMVXFVTm1ocGtOVzRlejl0VFVOR3FmSDg0N2R2SVNwOG1wY2pJcEk5Kzh5eW9SYXEweXVsalBUVXI1MlpPSm8waDU5VFdXN0ZhUVFKQ2lOUjF4anF3UjFrMDZVOWFWY2hBU2xnSTN3c0JZcVZ4TTdrMHl5U2pJUnp6SEpOMFNvNVBVVUpZU3dpVzM0Q2lzenZ0RjI3ZzdzSll5d0pQZ003VUNNbVJpQjUwdVRpMUh0U3dHNnhzc2hIcGJoTUVkcWcwd0VhbjNaRURoc3dJYWt0NkVkSkkxTjBQcHhYdTg1UWc3NWdpSnEweFQxQmNiV2pmQnh1N2UyTXppUVc0RFlIaXZTZWkvdnZMQkRySzhFZ0dGK3lFTGF2NVlpNUZ5MTFyUzQxKzFad0hVZWZ6U0ExUzJzVitPV2JWZ1dhM2d1dmdHaldVQTlMT0tXazdnSHFXNTNOT1BUSFVSQ2kyT3J3V3VvS1NrZlMwN1ZwTWZiUCtqZ3g2SDBCM2d1Qm55SWNJT3pmY1JrSk85aWJTU3M4VE1yTDA3RjFwYTl4dW1sV1Y2L2J6WW5MejdLNmJpakdLUms5SnRnUjRhckF0ZFdYVDdLZ2FtYW5vbE83YmFHSitJY2sxNmM0Z0tCR2JyWkxCUytPVy8zM3FpQUtLTmVaVDd6VTk2Wmhxa3VIeWdTTHByRGEyUVYxQmZkMzErTDVPcVRmV0ZST2ZjV3d2Um5xQU9hUS9pelVzYVQxeHlUc2FiVnZmUVRwWEhMU2xkcVczWGN6VjRWTk8zV2d1bUltZ2lWVzN4aEdGRjVXcHZZU3pWTlc2am9YczQ1YnRvZElqSy9UQlpGanUzNXhyLzFKcnVUb0swMDE0VXRPeS9sUklobWNsUzg0L216SFA5VDdxVnFJRU5wck5uUDFxaFA0OWx4bFZ3OVRyS0pDNE1uckw1aG5CODFDSEc3U0dSMDBYd0JlS093RHFmQm9zSXl1c2h4ck0vMCtZdDZJckk4M3VCTm1LNXBhYUJaaUFjS3hBbmVNd0E3Sm81aFV6OWo3RWRPWGZkTnVKRzZkZ2pYd0txZW9BOWxiSFIzWFpiZk9ReERPNmNRWGlVVk4rWFlWRm5pRVJmN2VYSUd6SFljK29BRUg2K0YyeE9CRlRXZjF0dmNpMjlBa3pRczF0c01uSDU5dm5IZjR1aytIWkl3WFFNMHlGUGxDS3llKzFVNW92Tjc2OC9VK0k0SjY4ZUs1TUcxVTYxeG9YVDJuVVU5dnpVOEkrZFZKRDBsWHQ3cENaSHVmYnpCQkFMODN6T0hlV2tobjNpb3VDMGVTU2R6bTM1dFN3K2EwQk9BVzdzUjBmbEt5cTBMMkRVN3RZUXh4bGkrMlJCWnc2ZFVnd3NBWEM3bzFROXVtVm9ydWgrU0M1VGJ6SVBQbWtER1BZSmpMU0NpUWg1K3ZQU0UyRE1la3h0aThVMDJTeSs5NTFGc1N0MWVBWkFkajE5dUdFckl4dHNIUGkwZWN4NDdIdWR2ZmlsZGkxVHQzdGRVNDhtQ0xQNWl1WUdIeG9mU2Z4T2hWcjM5NE9PQWpabWFvaDhybmpPTzFDbEl0K2hIV3hhVVd1ckJXMkNFanhGbk96cFNNK3NWV1ZsSkZORVNXL1d1OUxrN2cwNEpqN0tBU25GUkhvcTBxNldlZmdzS2RrcmR5MVBqSGU1ay81MVBteThJZlZMb3ZKMmQrVGROakJ2UmhINnIvb0ZFUlc0N1pFay9RWmd1RENwTWRUTDJIR0tkS0hZbmpaa3g4eHhOaVBIeUI3Rm5adGlnZG9qZGQyRXFzMVRMOVpNY01tOGkxTUlPZTUrVXhlS0NZbkgxTW1rYUY2RkJDeUxGQjFnMG9LK0RjaVZ2UVl3MEZoU0FEc3d2dzZOOTVuNGdncTdIbnZabFhvcExJQ3k1OWw5UkRWMUhxSVZ0a2I1N05EeC9xTFpITE5XeXQ3WnM3VXpqTXhPcWp2cnlNUlV2VXlvcWVEVk1XU3MySWlaYy9KN0RpUGliRld0b2lJc0I4KzVmdUtzM3E0NjZnd2RhWUVUMHVJMnpuOEFzR053TzNyMk9LSXFueFJndzVvUlBqdTBnVVFiUnRzeE5oTjdGaXA3aEJZbEJxM1hDUWptREJDVDJ1dStJdWxqbm5ta1luYXVsNkZhOExxTnlUNDBHaTQyNlZVQkw2S2wybXZoK3VBdzQzckxid0VpUUZLaU5FS210TjFhUmJRTm15QnlQdmpEYXRDcjZQUUxnWi9DMnpmcVlDcnBpYnlyZk1ERVA4aU1NMitxOG94SFJGOUxNY0pkckFaSjBDeGZFcC9HS0VZT1dpakcreTlaaTgraVp3eUpja0FaRmxJcW5pNlVqZ0t6eUFzWEpQd2VRd0JLS2ZvOEtBcjg1ZUxpV3FQVGhjUFhjSXlXNGpCQkhFL0JWbHJTbXp4T1NzOXNKNTlFeHluaFg2MUJrUHgxbmpqSFV2a213WWpSSlNNcnVwbkVkY2FKcUVJTWtlZlRvOFBBRFNPeFhCdnZFclFGTlcxMHNNRlIyNk5KRTdpUnRMTVUybUt5eTBkQmlhRWQ4ZWVzN2g1NFh4bnM4dkY1QXkvRUZVKzhCT3gyRjRISFRYR2s4eThFK2RNVTdpM0hFbmFzV09UMEh3YjlQNDRrVSthVjdWcnhiRkZ5dThyS3IrZnBLRFc1VXYxSzBBbFdlcWhKQkVGUmhtQWtiVWR1b2x4MnNJWkdVWjV5dWRJZW1pU3l3VUpyVXM0NFdHVWYydXFmUVVDVk9KZ0NRYUVoalpNeHVjT0RXWi9OeGhoYU1UUVAvRFY5c1dBdnl5aS95VXdEUXEyTm1OenQ5aVIrVTdUZ0hraldEc3hWRlNUSHo2all5Ym1tMEcwcDcyUFdvRlRVdlRIV0FNTUdkeVlKZkNNOE9HVEZiYlN5S1dIZ3lTcXlPZTNGOS9TemdmM1JaQ1k0V0xDV3ljQjBNV0Y3RzcreWJBVi80QjBERHBicUQyVy9RdEdUaVpwL1BtT2xOWmdqbmQrZmZRTXo5M2J6R0lFN0g4RUVqNlYxR2VSaGplbFo1MnpjSTFjWTlXeWJlVmVsaGMvY0JlZzVtNCthc1k5b01Td3VHaVB2bytkYXhXRE55L1lXUHlwNnJqNjc2MlBlUzZ3cGJYeVloazdUT0RMOFBNWUZhUFJscXNqZHhXaEJyRytQd1ltNVd1b1BSdTRRaHQrWDNyKzVmbTR0eml6aGZhS0oyUGdhMjQyTWJ0VW5JclhYaVU5SXBKeDdoYTFaUDM1VXUrOHd1OEhxNzJEeU4yK0V2VjFFVTVIYVRNZ3ROU2RBMjkxWThXRkQ4d3B5VlRIVUNid1dGZ0EzOE4vQzk1UzN3SGpCUnVRYmtjKzJnWEptaDRic09GL3RyUGk4Z3Y0VDFOdUhsQXl2TFhoK2ZZZ0ttZU5xZk1obEJzUjlIMW1JUWp5KzFZM3ZwOFBRVVJOd0Z6UXpqd2lXTzFwVU9TY1h4dVJnQUc1aExES3pTaUVFbXlLYkt2dlJwWUc3L1hYZnpYZmcraGR4SkpLU2ZUekJKQVdPd1lnTmwwaVQ4d2hZZ2hJa3BDdXplMGRSQ3c4b1lubjE0SVpoS2x1U00xbjM2cGI4YlZDUEE3M3Ria3daTDVFVEM3V3RKUUw5dmd0ZUxNUTVuSWFFNTY1S1B3a0tISHF1RGVWOEM4NEZORUloRlRwZ1pmbmFxR3JRbjRaTklxYjl2YlVxWHMrbGZ0a20rRlhzempsd2xKN1U5N2pxeitvbHN5aWFaaDdUMDY4MUtBbTNlS25BakVNUmlNTE5PaTJiakxnaUdSbWNsTmhjU3pnNkxZN2JkMnFZQ1BoWUs5cHV2UkVqam53R2c5bTBVa0dyMjFiYTQwL3RVY0h4S1lWY3dFK1Z5U3h1aDVQc1JjS1NNUVVxaXJEMFBJZUV4U2g2SldTL3NYN2tNNTArd3R6UXVCVXgxVjNOb1BLcEJyZldZTXIzSzhIU0tQb3BzQUtzOU1YT3NESGl5Z2prcUF2Q2xmYk5ZVnFycUVhYjVITEtLWVNLTHlYbldKMDhyNFE2RlkyeW9HREhpdTFuOS9VNlRrN2RaYitUQWNEV1c2RzdMNzhpZ0xKWm15a2Y4T0FnK0VVZzhmK0dNc2o3OER6ZXM5K2RDeFFSZkprYmhjUWxqRlc1OGNyd2Z1OEdTcFhZWGxXb2RxQ1RBOGJ5YkR6RkMxQUc4UEk0S25sK01mUnFQWnllSG0xdVN3a0laNVRzWTl2c0VCWUM0SnVFTjVPd1BnUnVhaWx3Q0VwWnpxMmovT2ZkYVkxYktadHFWcGtuZ2xzSklsTlFZZmxNbGU4TENUK3c0d0hoUnFTbHM4Y2hmeWFSOWZkaGtEZEltSm5EbUdkdEFRZjcxbzN2Q1FRdWg1QmVBNm80eWRMUzRGUmVtcGEyMEhHY1RQWHNHaGJtYzE2THppblZoOE52cElQMTZSTnZOdWExY2Y1dDFoU3ZEY0s1NGpQMlo3dmo5UGluMFVXc1hZcUF0WDQxREJrbXRCOFVLanNsOUFGSHRHdHEyUm9ETStHdWNQc1BpcUxNY3orU1JENVNXVWZVMnVqWXFxUHZ5eHVDOXcvT241b2xTS0NubFJkS1g2NFdBM05jbXVFSWVoNkVnSEdrK0gvN1d6WjlxN25FUGFzTERmWC9kaUZJQWZTU1VqYjFiY2xBai83UEo3RFh6bk1lQXJsSmljU01PZUVqR1piRWxsQzBtTEtyMmM4aVR3UWZOK1F3NDN1a1YyTFZZTFlyZEZ2MDdWMjYyelgvR0Y1QU4xd3hCMHh6cXJCZzJNcDl3TG1hb1BrR3FMdEl2MmxhQ2Q2elZlczBvNVJqK0VNS3E0VVRnNnJxUExTS1VqNjhTL0hYRFQ5UmptSE1lTVhUYk9yQk9rVytZR0tybCtTQUxPcTZHdDZ3R3hJWFNwSWpyVkVXcjUrNThUY3Joam9uRk5yUThGVFJxWkZPSmFnQ0dJUFgzZTFtYTJzdjhSUW5FbEcwcElhck1oUXdTTjEzMFFzdENqM0dreGdYTFI0ZFk1Vks2WkU1V3NXcUpOcDVRSFFzNDZZcjJKZStWRDliL0NaVENFZlUxVS9aMGxTaG8zQjhyRlJHVkt6VjRTMXByb1Q2Q2JZd0NGMXFYeGIvZmRsaGlQQ0NlT20yUyt3WXQ0d3FNeHRwVnZhdWh5MWx0UmJpUThkbHVVVmhhWDNOSzUyOStDMGhSL0U4dFBtTUNwYXpuSXVmeVdsdHJ1Q1VRcnFKT1hjMmM2TnVUR2EyWFFTeHd5NzJibGovZFhxcTFNd09yWFBQbTNUWFEyaDd2M1Y4Yk41QnpqcjVWSUtDM1hCRTRkdmUyQ1h2bE5Hb2JSeFN1ODJmTm9YdVpSN2F6RUhNVDF2cVBCdFdjSTBwdDk0T0FxNU1jRG1TRGcyOTd5NXdPRGNDeTZVcjkwQ0Y0czlQRUM0bWFFUjZOVDhiRmJobzZqSllidEVGMURaVEdFc2ttMmp5SVpWSDJEV2dwaTFKOTJkSm9SeU53TXNnUGY0bk5GcS9wN1lISUJTRDVqSWhpN2Y4bUhNS3ZZNDkxQW5aNk9UMWZkN1dxMmZwME5kSjRiVmdXOU5tSEVQV2wyZ1VmUWVvbjFHblQrRCs1NjA4aEFZZllUUDdOdWZVL2hjNXg5c2RPZzlOOG5kWlBzQjZTUVU2UDBQY2ZvTDJEeXBYWFFoOVQrS241bXlqODFRSXFpOXJYbDA1aytLbzd1THlJOFQwQlBFNjRyM2R1dkdydXN0L08wRW1hWFJkSzlsV3BvTFdMOHl6bGhoYWE3Y3FYejJoQ2FYdVJ6Tk5Vb3JBaThlYjdsVGtMcitQd2FlTTJjUXorMDIxR1B5bFVqTXAvc3F4SEttdGZPakZYNWlSQWJUT2tUdTZBRDhZa2cxYTl0WWpBd3dTeVVMTGtGMCsrL0hiZm4yL21rZE1lOVpZL3BaWjlwdlVudHJ0dVp2K0dPT3cwT2FtWDg5UG5SODFENkVlZVVvVTBiZDFQZ3VnRTNmbEQ0c2tEMlp4R3RFUXMxVkZuQ1lTTk1uZE9hbFJ5cXBUZ0N0T0hFMXhKSEVFUEtRcnRVay9JRDFaWmlhRFQ1S2hGSVV4NGV2bFNDeVIxOEZXbmM1RlpBbCt5VnhhVnp6anhVZ2pGSjZKK2ltajVrY0YrK1JBYWszUVFBQTJuQlR1Nldya3JSYmFmZ1BnTUcxd055OE5VQVpzU1RvdSt5TUFHWDI3YjNrMzBCR1BSTUREalZiR1NQb0tlQTFzYjBFay96NGdhelZtcVd4M2JiQUpPWTQ4dWRVNm82S0NuVmpMVVZIZFpVUzg2ai82aGV0aWUxKzJvRjNGS3k2TnM0Vk9OdGE2S1FYTEhZYUpOSFdEV0hwYUdrcldRZlE4THhNYUlGYUVpMDNMWDdhY2syUWpmaEQrWjNyK2FES0l0Q2t2c1dhSnJtNlM4ck9ucWVPTXV6S2tiMG5qYzlQcWw0L1Bza0tYQXNvK3ZzOUJuVVVwV0p4YWgzT2s3UER6aHA5MER5ZEtpZEV4ZUlQTlJxbVZQR3VONmVvWXMwcnR5UlhEejdhRHlLK3krWE5PZFl4VkZOTzMzT0FoVmRIK1JzNWdZR0xQaFAySmRydDMvZnpPOERpdExFaTBQRDEvWHc5WVBvM2FaQnVaRFRMVHJKK0F5ZWFmYk5YUEhsaXREa1VSWUI1dVJNS2ZSWlpuUFpqWVgwbU5LUTlBNWVHaGt4SndzZDVLc1lidGhBaGo1YVh6YmtrNThiVTRVK2N3ck1QOEZ6QW5BMjliNXNKM0NaMjUxT3B4TkMxMGdPakRvZGlxeU9XVjFxMllnSTlKeGx1VUZjc3dROStsM0c0ZVpHWGVoTlhySVgvekY0aWNQS3dOYWQ0cXFWQU1JQ2NvalJoTitGZ0UxUEtVZHJoK3B4bXhZdGgzUWJNbThVZ3p5REphZzdIZnMvU3p2dmpqYWhrcFJ0aWNyb29YeU4rVzhpOUJsVzNZcGFoYkJIb1kyVDMwbjMwOElDVjhCcTF2YkQwbmU0UWhpRnRaOHJUNDlBdmZRU2ZMU3BBbU56eDlOMDFRSUJ6MGdwWUFQSXdQRENaV0EvVXdoQUZya1Q4WGFnaitvc2RVS0xieDQweDNWOGt6UlNLV2hvY3pYbnJzU05ucWo5RzM5SWdwNkVZSmxlbG9meGRqdHRURVlrWmkxQnpRYmVTTkRuM3lpSys3OFZ1TnIwcjBHRXVUVWNwWldYRUtEaEVjVXFSYnplVno3Qm1icHVvRVN2NFRaWlF0aktra2NWMVVhVm0xdUY5c3JJWHMrbzNPYmFUN3RaRVYxV2R6U2MxbCswNVZRZHdFdEhJVDgycHV4OUkwSjVkNWh3Yno4UXhIbmRZTFYvdC9LVHlSSVY2YkxlNUU4WW9Qb25pSkdKRE1TZm5LR25rampMTng1WmlrNmhNdkltOUlmS0RraGZNbWk3THVTVjJ1S3Q4Z0RNSVIwMVNWaGt2bUhDN3F0eUlHbmF3Si92RzRORDYrcXVMeHI4MVY0cEZrYzduZG1PVERDdEc5WFh0NkdmYmZyVFMzVmNZZ1ZpeDNYaWdBRXYzQ25QdHl2NjdHajl4UEFodXJmK1F3QjBDNHpxVis2SEV0WlJTVmlCWi9vdUI4MVoxR3VFQnpFRitsSTAyeTliL1FHcGdSK2F6S3V5dzF4SU4yczgwdGtaR2xrSitBaGFONE5MT2NuZmdRNmFIc3FXdWc3UlFMWFhhWWdRYXdpUVRJU3RndmFObC9vcXNyQkJPTmN3VzdsUG14QVZWRDMzZGp2dy9iUDhVODhwMXBLNEZMZGx1Mm9QOVVXU08rWlFoalBFWnhMd0VESjE5ZitlVFArRGlhWkIxaVVJNDFZZTdyeTNWalJOR29UczJGOVU2VzlBSytQTXlZY2JoaGUzVXREcmhsWUh2SGFjMis3WmZuaUlIUTJBNGJDOVY3Q0I4V0tDaXRVWUlaQmZTdVJzMGZBcGhhbGkwcHBMUnVyUm55ejZwMUU3RVdwNW4rVUZEbmFiWGJ0N0xzZUlFMmdUajlHd2NkZjEydnVBUlBJY0ppbUIrMjI2WmZ2RG1rY09kWVNsU2NZWmdmMmdkYjBCMlVIbmpwakYwRE5WZjZJTmpHZUlzemRkNXlNcW1zSlM2YVRTd0RJa0h1WExyZXdSd1VYZi9VMWpPa1hYNlJILzdQcEFTRXdNcUpPcHI2L2RrbEoreUpoYy9xdjhYVFRpSWJxUUF5dkVhaGVJVVkwdm1sZjF5bkJRc09tdVpsOHJWV2lQOEtFaFlvSWMySGRMZmFIaFJidzgySnRZeFFtZkg0ZVhmYkxiYVI2QVcxMUZsUTlqc0dtcUJTM2MxenRpRklZckxaaGUwcVBXUWJEbVdtWG5IM2xYUGdJbXVISlVxTEp5SVQ3MlZjNUF1NTVMaVdnY0xaaXV3SXFwYW5wMlpoeHpmZjFIdkZGK3NhQXU0T29oMm1wTFhURzVYRWZPeGpKaTJ2WDB6WlV1UWo2eFJtNTdscmlkVjVCelpVaE04WEVyNW9Pb3BzMkpFbDhFVlNITjlSeFBPbGZmb1Z4N0JYLzdHM2wwbzNkOGFIdVdpUjVjQkxCeGd0WmxqbU1pQXRvcHJEL0tiTGh6YlV5QXFNQTBhLzczOXZSUkh3QVFKS1lEMWEvL2N0UVlzUFlvR2Uzc3YzVHBqRFRiNkd6WURLOFNVY2tWUGNGNVRYREt2aW5ZK2llQ1hnYjI1TldWb3BZWTJkMGx0WWNkOFQrdXBhc0grUjY2SFNhVXZOWlhYL1RmZGNVZklRZVBjOFFuZ0RlREljSW5xN1luejFlNkg4OEFwMUNxUnJxTnl0UGlUSUswV1pJMWxXa25VWnNUekl5QzJVRGtiNy9yR0dKbGkwZjlaa0JSa09BZFdpOW9oZ2VydEIvOStIOUhrVVkrc1NqZ09QMVBIK0Y1bjdiUjFsa2s0cGN4SzF0ZlhsaFN3Z2NCRVBKQmJkaVlPMkVHQmtzYWxkMitBK3VtQWJmc1VYSlhWeE0wTTBTQXd2SWF0VEpjRjYzSktQSFdJcEZpbUZDUVRJVC96dXpmVlE0RHN6VEN2Vk1FUUY5QUNaRUxMV0VCQ0dybkhEdWJjNkhKbDJUZU92Wjk3aVJDV0VPWjlGZk1adzlLRXd4bGcxeEY0L1lrT1lqRnZUbUJ0dm1qYThyUlpTTUc5ekh3K1lHNHpBenM4N3ZHcitiV3F5aXJSWlhRSnVOalhEMVdSZnBQTmpFOXZSbTdRY3ZUTFU2RVlIeWlnM1ltYmZGRFFtM3YyUGh0Z0gxTUQyZ2kzS2EzRVh2M2l0cXdjUVpSN0owbTg5akdhU091b1NGSEJUd0ROR2JTWTJ4NHBtVnlwMHdVQzV5YlB3MUM3MjhzZEtBVmFkOW5wYk56NU5BUzJKUWxPTytlM0Nhaklwd2FDT0Uxek5mUWkvZElvdXBVS2Z3ckNEUHZKV01scWZJSWtBQW5NTDByU08wYWcwbFdEUlRlazgreTU1OTUxbC9xSzhQQWVYVW1mOU5vQW9tSWsyWmFkVWhBQnhtVEM5enhic1grZnF3cnNDV0JsNURING42Yk1TSFZadWJydDVFZGhVMnRTSVJjdlMyejNvSm80YWpNcWRib21hR0NiQU9hWlo4akZOK3M3RUxHZXVsVFVwR1pkV2NpYUhRZ0hTd3lmcmRsaE5ha0NKV2FHTGNGZWxwQnFPeFBGdm92dXdySEIxSlNIaiswRS9GdExLbWtTSVIxMlZyNDVCcGZ1NzRid3RKeXNxektXRUZaWGdSSkw3QkRZRkFuWVJBajdQd1A5WnJSSGVuYkFqcEt6eDUyWm1yaUxuZGY4WWRXQVE0b0xiajlBOTYrZVU2MU5MN29obW9yZEdFbDR3NFRlRGVjUFgzUVQrUWFydkRPNFRGb1UyM2ZBWU1JVHIwVFI4ODU0cnZVVWRqTGw4ZmlVOHlRd0dFaDI0KzhudDREUFJjdVgxMFovTWRRTmw4eFluNmNEam1LNkNqTTV0eHUyVGNZQ1NiN2VSQ0ZLMTNCUzdYejRVSHpvRzBoM1Y3YWxvSkFuSVBqVzNkZGdOeGdrcXZ5L1hQMGNLTUx6NC9Tck9kb2lLMm9jcnB1YStoN2pxTG81M1VGU3ZuTmd5alR6ajJGaTk2bFJ2UHhsTVRORkNMTlpCYkRwa0tKMVY4Wm1WZENMR3ZNTWJNbjdvUnNNRm1NSkdNWHc3bUhweUdsU2l2WmVybGZtYWhuNTRHcVRIc01ZaElXUkFHSFAvQ21PT3lJT1FoZGpQaXN6VjlHaWZtV2h0VTR0RkVOdmh3ZU9TMFZTUSt5NnZUamlZMXd5UU02VmZxMkhTU1JJUDdXR2hYS0k3MEFJOEUvNno1bWlFYUx4NkRaZE44aWNpVlFNdUhiR3p4empmS1hjUDFCcWNuL1dPT0VzTlNMVnM3UlBYVkh4K05DeXoyMlFKYnlwdDc3Z2I4dWI5d1hhK0JWYWcxaGk0WVdGMDFpLytiQ1p0ZklUN0RkNnZWd3ZKdkw4TUsrWCs5bFM0cjNoZXMxV3JLZXpHMWp0NlhwK3dBNXg0ZGZya0lJSWwzR3ZaMWVzVXdiOEZKWnZnQ2xMdlJLTEhsN0lDRC9WTDBCeWVtQ3dmVk85ZHNVRktpQ0RxMFBUK0VGRFFYWURpc0t5blZ4a0JobzhtRTBzR0VYNW1idWlTWHY4eGRlT0pCc29zREVib3MrclREcC9aWUtxZjU0NnVQWmRFejFrYmltemVmZVlJaVNIdVpJVXI1UVprb2NlRmFoajFUUFBiRFJINU5MTm9yWEkzd2RCTXdjeUszY2MwM2s2SnhFQ2tVdFMxQkkrVnpycWdhUTJ3c3ZEc29YVTBxekJocFQ2WWZhNHRLMk1mc0JNMExNN21VMExwUkl6QklrV1N3Y1JweU1MaFZRRm11OWdCaDZBS2pGdk1OMGxuK0U2cEJOZUxvNlBHT2pYMW9rU0lJbEd6eTJHSDFsMDJCeUlpSGJyV1JJL2kzSXppcFp3ald5RUhSNjY0K0x2UVRFdEJab0c2TTZCS0h3R21MbGRTS1VpZysxbmd0cWk2aGtKTHBuSFlLWW5uZGZsNXJmVVBTdEh4ZVhWdFdTaFpvd3ZmcnlpNGVhYnd6c0pIWURnalROaDFUNGVpNjBVRlhnUmtsMDN0V1dEb2U3anBuQUF2MzR4ZjIvRzRmRXNPU0IwTGt2ZHdHTTBsMHRpVjNDTzVpVzArRE0vdE56M3c4eXZ0WmJMeDE2M3Y5V1kvejlwdHlaN0RUd2tmbUN1M3BpbEV4SzEzR3pBZzFGZkZCVGVXc3hoaHMzNUVUMmdIL3drUTd5N2M5R05vZ1k2b1dWTnZXNitIYmdTS1ZmNUE3S2c1TkROSUR1bHliM29RVlZmTTROckZFczI0eU1LM1VJbHpqVXByUWNiV2E5RnNhcFlpTTg4TllpcEZzN3FBNWRGT1RaMGNLNVgycGJFU1kxMmM2SzV5RFRraFpYbGc2bDhKS3FkSHBWVWFSbnFURWY4cld5bDRjeitiZm9HSThxejdkeFRqNnczWFNDdSsrcjhkVExTR2hMY1JUQ1pRcXQ0LzBKWC90VkE2ZGNVNXVPN0hQSWVENEFWWGhaVk8velRtTVphUTNxS0lwKzhBUmQxM2U4MCtQR2U3VFRQdmRud1phTVoyemUyb2daemhQb1JSaVZLNDdyZ0xwY1E2NEFZbUVXMStOK2N4YnJNUFZlRUxpenE0bDlvOGVpamNsMGNzVVI1UXg0c29qK1R2SkxoZ3YzcUc3anVtMUdaU2MrOW4yN2dGZ2JMQXU2OVR1TDVDckNWQ0puM0VvdVZzOXQ0VUczTDYvTjMySkJERW9xSlp6UTJwWnlCZU9WNWd1UmUvMHl3MUt6R0YzbjkvREh4eGdMYUdXSnU3VUh5cWpXcVEwUW9EYms2SU40bGZkKzdPdkZqdzVrM0N1azVUdWVzQ1ZOZWx0dXlGbTZRTHRZRFo3SjhLalYvbElyVmZ3bW5tZWh5OTdVS1diWFlWNi9SSGthc1l2REkzWGxyOExQUkNpWER4bFZwcS9RNTBWSFpWTU1oek9JNmJnWEEvMHZFdEh6YkRVRm1qUkNVN0xNbGxLNVlGdG9CMEs1WHZuV2lBUHVadGE5SkpmUDdzMjgzY0tVT3lJY3BCVEtUZngvS3R4QUpkaWxIVzZEQ2RDeENXU2RPVXRyeDVpZlN3enFRcVZocDNiSnY1d2JaU0hhU2graEZlb0ovR2JwbHZSVjdFdnUxSHRhK0M2ZzR3QkNCYnBzUW5wazJKRWdmeHhybU9JNGVidWZVYWJMa1BlRk9XQW1yWHhuUnNRR2FnRWZFdXZ4eER1TFJ6N3VtWnh3VmpMWWdtT3F4KzAyUkVNR3M4VnNxWSszL3pNTkpJQXMrUGZnQjk4ZUJBajNRMlE9PTo6Yg9834ebD4+JCLxpf+QrHg==OTdLclRhOXd4Q3MxU2wrNHMyTGxtcXVkTDZSKzBLWTJFRlVvZUpDTHJFSitrWnpSazE5eG5yYWZkcEtMWkVPMEJrRVh1RG45eFlXZjVJVFdWKytVVzI2R1JlbXE3bFZFaWg1SmNEY09EcnBhOGJrNWZ4K3huNnVSMktNRmxBTm1pVTgvVGlqa0t3WFE4dG5aLzV3YS96MHZDVmpmYkpDN3FUclZ2L0lxQmR1SlZIYUZwZTZzL2tPWk5vS0tmbUpEYklBaGthak91a1FxMDNaWU13RUtuaDh3eEQ1MDFmU1FjaDNyUER0K1lIR1o2TW5ldU81S3g4bkptZDdKUDE3MWg0UHdac25YQm9KSmhoOGwvNVZTWVN3anp4eWZ6Tnl2ZFlGSmtjRWttTTVsRjl3N1RvK2gyZEltSG1xbCtwaVRwajlDYVFiRldWOVdmTHNsa0VRamlMTUJ0amo2eWYwR1hLQ0I3blVPbll2VVBLTndORjI5WUZiZzhWQWV0eFlhdFJ0NFpZYUFUcnJCNXBwR0hldGs0Y1h4TlllSW1KdlFCK3VJOHdITGRIVUxiRURkd0VxQ2I2dXNKV2xLd1VJb3JvVElYbWorelMyWGgxa0RIRDVFcVdRdTdqNml6ckdvL3luT3dJZEIxK1gvTHBxK3pFc01wS3RNRy9jSXFHM1VmSW8zMTdKdS9zOVZ3SGNaa1BSN1FaUWZZR3ZFcFNsT1JzYjBaa29CS20vT0dSMGpPODV6NXBGbkJlUWRmWkczdXl5cDlYNm9xclBkYVljVThPZ0Z2a1lXcjdwNE04VWVJcXRVSUwvSEhRVDJLYXVmU2xiLzlJNjYzcFdJTDVodktVcXNJTXpQU3k0VkxjQzhBbXN5ck5vUkxtNXVmRmREV0k1TW9xc0lTTTZBb0hTS2tyUXVRdUhSdXJtSXdwUUMzRVhHQUVyQVFoSURvcUVVQkVtYWo5d3U2cGJWQmpWSy9UU0pHcEdsMjQ2OTFibUFkdHFEL1g3UVdJR1oyVUs3bVFueVFnZUlhY09jcC8rNjdTYXRCZHkwZGpIRDdBRkloWG4rZDAvOERKQ2tQNmRNOEVueFI3NmxMNkwyOWpMK2pQdkNTaFN1OGpaK3h4TmZKUy8xaGcyaHhNRzVGQ2YrSkpzUEdiNXZiWWNLcVNvY3dGK2hEVE95NDI2U0JiZW1Bb1JYdUN4TjZTbmREMXZwZEh5Ri9OR3dWU3g3Rld1OEc2aGpKL3dHTTVHV2VuQjgzTWFTblRWY3FCcFRqTis2VWtZZ21VODFFTGlYV0xEUFFuQnFycnlBRWRQY0VaYTRFN1o0VFF5MkRuV3FvU1BSYXBOa1NtZ0V3RlpPblJPcWJEb2o5OXNOVmJLYTFEUURuQnJOdXljSFNUazU1Z3h0eDh3YWozREJUTmhaR0tHRXR5ODJCQXBLK2xidGhiMUlGcmNETEZLK1B6elgzbDZnb0dPNE9UcHpFbHBiYS9BY2pPZnAxMXRQejhqc3BWdE94YkdXRmpSLzYvMmIxMFNyL0YwbXl1MDNjdnZjQzV1RkovcHZwamsxNklBUUNzdzdLK1p0UkRUN3A5Uk5ML2xYTnNYbm0xbkxSVjBPdktBUGdWaW9uUE1Vbkg0K1dXbW95a3Vabk1pVzhaTk0wV2s0dHZzNjRYZE5zMFdwUVpUKyt0dllNc3BSeWI0Y2hxVVFpcFJHWGNiYTN3anRuOUt5NU93TXViR1RXTVZjWGZkU0QwdTlZUHpXRTBhTzQ5TFFvU2IwWnNQWGFSSFdOcFJFT0NzSW82c0Jabm9VY2VvZlEvdi9nQitCdTZuYVNrRVdyVFhLV3dSRGZYa2ZKb2Uya3lYTWNGMmJyUmJuZzArTWg0OG0rVDFWY0tIMFZKVFFhUCtvcndkS2pLczc1VllDeENGMi9ZZzVzR0xpbUFPdTNVbXY5MTlTUG9xeHgwNm42dWlqakNwb1RlaUxQTVVTLzdHV0dQVDJRc0hXcnp3aldSaWZpd0tFRHdrTFp3NXcxMHcxc014MStKY3I0dTcvYlRSQzJEbVRMS3BkTkZBcWRqWDR3MGlqQjgzb1dSRU9mWG1Xam1oYStQNWl5dUZiTDZuWU1Ramx5TVUzcHg5SkxmY0JQT05JV3JBcHlRdzZNSWJwdzZaVXNFZGNrcjg1RVgxN0xqd3FEd2ZlT2RTUnEvN3ovWGxmZzR5M1o2YXZkMGltWnVDVWE5WmdBenZpeEtkcG9JTkk4UEk1akY0WlUzQngwUEtJWUN0MUx5V2k3VHNQOFRnSTFteEo1bXEzRHExZ2dudFRkRTJZMk80Ty9QQUJtc3pSOEFZdERHNkFvQVI2TFVLQWN5OFlkbURycU1reitJTWxEOGxiWkFITGNrYk5VVkVsZHd6Q1c3a1FMeGFNWEJRV2dOQkhwa3o0cVFYNVRycWo3Z2kyNVdiMnBpejFzRnRMNTBNWlVmaHlYVWRHSEp2d1plbHh2cUhEUVFNODlwMmkwYllpMjJSaTFNcXlJMTJuWS9aZTBlNGJtNHJhb0VKd2FGSHpzdWFYenZqQTRCVkQ5akxXZlZVd2NrNXBVOHRvVldrQjlsRzR1NUJERllEMk9aN3NzMlhtdjNXU0Focmw1ekY3M1ZvaGJDOE1qQlVqZFY2K2tOK1RxajZTVmhEREs2QjhqLzRRUE1RdENkZkNrZGR2eXcxNE5KSHRKc0dXT0pqeWFFWUx0VVVTVjhLOS83S2JzdmdyYkdBN3FGaVIxMTV3TlArSEJwdUVHQXVWZmRCWnpabjhBSzFoZkwvazVkZVg1UW0zK0hQb2RGWEhreEdUeHNvbEkrdldTeitHQUhLUzlZRHlmN3B5L3kwL3M1dWwrUTRycGVBckYwMWlrR20yNVIyVk1GYU95MWtGZERCb2lIY1FpTmVJWURvbEp1aVRrbjZHZ2VWbkJQYkRRU0ZkeEJOTWNJb01RRk82NVk2Slh3TDh2MEkxT2RUaDRUNWNMUi9lZXhBZmFrcTgyWnZ6R2tObTlFYTQxcU1wTXAwRVpaamhmM3hBV0p1RklZVFhZeElRbFpzZVV1L3Q0ZmdHeDcrdzBwTzQvaHdIa1JoZHo0OWRVMTNEd2dKL0xOMkE0RUZzMjBVYm1ZN3UyR3Fla2FSeXJ2bU1JeThNRmhYcER2YmxsVWZLZEpnQTdUODUwRmRwRFNhbEMrU21URFN6a1BFVmpTTjc5RzMycERyNkhTcSt0VWo3UmhkVldSc0MzcVpXdCtHK25Oc21HdWtPRjZoOFZvUWNBWG9IOUxkL2tYRi9HVVlGRFRTNVdxenh1TGtMOGpJRUVDMEVVTmFjTVdvR0xETnhSYUhDamRKUERBNUphS3BzOFprWlZ3amJuTzY2NVo3ejhNNjNpbXJHTE1iVUFibkl2QVpRaUN4bkNtTHR6bjRUeWMrSFBzT3hNQkpZdDh0VHQ1SEZlU09JbUJJUWNJbmxab2JPTk02ZG5Uak5BUGRkNDZGMUpjQ1lTeWRCeWo3Smp1UEtjMVJVd2k3NXhZbm1vamZ1c3dhV2VCSTlRVGs5QUp4ZWsveTh3eDdMdDZkQ2E5NkJFUkRGWEhiaXNtT0dnTDdleXRWVXhHTXlobXZDaVVOQytTZkNOS081eFByNEFiSWRYWTMvSmZXWVZMbTZpdFlzWStrUEkva2ZHSG5UY0hUZm84NlBSZWtESCtKMDM5ZWEyTUd5TUVEWVd6d2x0VWg2dytNNG1IeXRRVVh0SGNiNTNSQkcxM0hXSjFMLy8wajVVM1JmbWUwc25UQllnRTN4TkNBaDM0Z2U0Wkx0TU04dUZyUWp6eGdrNnBPSVVicDFkdElZKzVHU0djMGVRdUowZFJmNUt5Y1o1UHE0aGg0SHdEa0pHZkZIZ0dIR3lqdXNHc3o5Q2x6b0FQVjQ2NHpYRjA2cEpBOElyb2xqcnA3dUVjQlAxaGY3NUZCb0h5QkFySHgrR1BFNElNWEpPVy9mSlBHV0FYeE9jYXRFR0RuaUZ3enVzbzR5L3Fod01pcUR6TEk2UkVJWVBNbU1EUlAxQ3liN0Q5ZVhwRjZvZk5LN3k3OVA5R3gwUEJrbDlZNzYxWXMrYkNiOTloUGFmS3hiem5RaVZHMDRlbVVQN080dFNML2tZRmlHeE1DaXYra0ZxellsUzZJOTNMVDhqWDdYTERnL3VkVHlQWmVGSnNMQUJKM1hSSzZGM0IvM2lKbThtVE1aVWFZNlBCbUMzTUJTMkc0TkZRaHF4NENWVlBmbitUQXUrY0ZmbmtCNGJXNU1ObWVRcS9JOW9Jak5weTRhWGpGbTRtY1Nyd0hXY3NBRGRUOUIxRGpGc0pQL1lJay9rS2puYXpmR09RcmxoNlZ3NmFmSERRd2ZrK3gzUzFacnZOclREWmZNbm53NXdpMUQ3L1h0a0JwR2VKOWRucXU4cTlZZUtELzJSZUJYQ3BJQzA3eWJXM3huS014ZGpnbXczMk03MlZNcTZlMTBxazBaZjZVS2tDWUpKRHRPalc3MFV5enhOVU51NUJCcGZQL2IvMVQveGdLczdxZjByMEhkMUFTOHh2enM1cXQrbmMwQnN1a0Fkd29Oc3NmZGJYWmRidmFuVk5SaVJoRmYzS3lWekNiM2pYSFNhb1dkR2JQc3dnZ3kyNno0TWs1cjhnQjQzZkRLcjg5UjIrZy81ZTFZbFRyaVdGUlZ0d1lDQWhESElBQkhLZ2hDZnc5RXg4NmJsMzMxYi9yNHF4dHJOT3JrWEc5bWtyVHZ4QkVxeGVENUw5OGZsZlQ1VzQrYVBvcmVaRjNDcTNyWlBGaXEyUTYvT29OTE5IcjdzZUlHZHBzbHN2ZFpVRlBFR0Z0T3JFMjAzbkt1VWJXcldMNUgrMkUzMHdKT2psdEZYTlFvcDJsUjkzMHJiUGZwT3RtY3NVaVdKbWpHTWpmbjRYQmpscGpsRnE3N0FxZ2tkNm5WMU5Bb0YwZzVnWUpzUThMVi9VVzBsdjAwWGI0Z2pnQ1BFeEFKNSsySVRlcVhnYVJVOVJaMlNneW9JYWhUNGdONWxseW5CaE1ydHJoalpXYlpTZWdubTVSSkMzUENlc3QxZ2Zjd3BqdnEwWGkyYVpkcW96ckh3WGtEVWdhd1JOaXpKZWdDT2Ura3JUY29FcmFQQnArR2NUNmRSOXl2NzRnMllveDdvM09jUXg1SHprdjhpWUVVdlpYakY1aFZUY3R2aGZlSVpSUm5KOEdzck9HYklkdmdsbFVYYTdsajlMdlowc1hYYUdic0J6ZDBTR1d6TnkxV1UyR0h1VDlhMktDQXJ3RjdDWnhmTW9FS0VNWEhsZDU1QkZWenJNUXhFRlRQTXA0NmVrREFXM0lGTFlGbzBNZmQvbkFyMlRMWnB2WERVc1YxeUlTREtyTmo0bDBBVGdtSkVXckFvbFo5ZUlaclQrR21uVHBYM0MwY09sQ3BJdnozbVJvTjZIa0hSL0V3dm1aRDVPamRLSGkrRTJtVXdDcGxJVEo0R0FkcFB0Rit6OEg1UHpPNGUrN0N2THdnd21jdzY2SVNERjZ4NHcrdU52a1dsUEE4N3ZIM0xrN1BRMzdOS3MrOUZvcXprMDgyYTR2RFcxWjZ4UWlzb1NRUmE5UDgyREU3eWRmNE5hKzdzc2NOUDZKSXlHOW5qWkV1Wko0c0NrMWlmekU1SVlwQTBaQ0dNSWpIVHpoSTVDdEsxd0VLVXczUEdCSUVqVUF0WmtqWGgxNDVqZUM0bEhwNHhRb08zU2tvTmk3Q05SaTBxclAveDNWTm84dTArUHp6QVU1SGwzdXpUVWdGeUtCckNMelU2ZGlsTjdJNGh1VnhKQk9pSjZMbGlJeVZnY3U2VzRLNlpDQ3FJVEhqSXVxRVdQZHhTb3gweTNtUGRydloveXJ5dTdBeHVHZmZXa2huS0V2dDVUUzJxbUtXRGZDMmdvL21wK3Y5U3hFT3VIOFh2SFc3bFp6bzlqYWJGdWlJYlhyK3YyVEVBVEVVaklML3lyQmQ4NlVUZlR0VDdZejBhMUdhaW9RcEVaR1FzWDRockJBNzNMWjlXMlBTMWxRRUJ1SUNGZzlvQmpzKzBzdTJDdG9vbUZKRkh6TjZNMUlIQ2JhK1JzU0hJN0xZRU5INFIzOGI0NkNwYlhjWGwwdGhTeUtJb0NlZktpSU0yQ1ZBTkdZVVZCSGQ4SjgzT2EwOGMrS0ZsSW9GWTIyaUlVeElNdUREZG02ZnZRc2cxbDRQVWl2ZWpZTGpIMHpEMlNsWTI5YjNUcHpjMm5wMHZWYXMxNCtkZVJSYjJKTmpVQXNKS0pLL0drdWY5c2tXVDF4NDV6RGFMYUxuVlFEZFRIaTRmdTV4VG0yMERrR0J5ZFQxbC8xYzhVa3E5RFZoZm5Ka3FKL3lYMHUrcTRrRU96N0hHR3R3MmRaaHVyN3NZSnBldXdLY2QwbFZFbFc0Q2pLT29NTDBISlBLN2dsWFpudk5EaXFPUTVGUmZYOFMxLzhIcFVZYUV1a3NaYlNiZ09GZGdLMkZGMEdmbGxUaEFmbi9NMnBpL25kZUt0Y0xtK2JSR3BpMXJZZ2tmanlsY05LM3NlYlZHUVhINHdLdUxGWHpla3dveTdrR1pWdE1RakRmbGxSVjJycElXWGEwL1VOb3ZKRTRJdzl4ZEFNSmpCOGVSOFVqN0dqNjJ4OHc5eTZPbVBVdllvbi8rK3pjb0J0VXJiTXBtOWdLN1VyZDRRQ0hac2VweXJQUkQxbm1pcXU4WjFUUmNJaFJxM3FoUUJXNlZTM1Nyd0NPZGtwWldvbWJ2QkJhUTljVkx5bm5PTEg4SDdyKzhwcCt6aVNxTlBtalZTU2x3YWpLTk1NUjAxK1BQam84N0twWHFrTHJ6MGxiTnpRSDdSOXlwVlNyRUFUUDUvaUFSOXFZb0pMdjNDbGx2YzhzblN3Wmp5SXBENTBtZ2VIWmhQZHBJdmkwTTZSVGdEYW5NbTg4cXBpTDdqWW0zTzhwbDdFVi8zdXpoZ1ZmallyUGlNREhjYURjcmJnaXVseERJRFhnOWRBd2h3bVg1VnRWYXBKK0ZCeGp5aDdjalVxYkhqaXBnVHRYVTcyVEl5YnJiQzFIak5pdUxEN0xlS0FoanhGRWxnZ3hJM1hqOG9ERHhJeFdHaXdxZk9IZytvWEJUUjUwYlRyYnc0R0FFdHhJSVB5TFJiNVZvQkJmQk5sRDZ2Nm0yNWM4dXpzdjJPTWJVSXRDcDNyTW5wNkdnVUxWeXpxWVQ4YnNMejVhT3ZMMERTMmdXaU9aRnRqSmlrb2tjRTJORWFBQXBzZGVEMXNVRUI3SUFxTElIM2RpSW9sdnBuM0NHM09GbDU1RzV1ZUlOZXVydjdKc3Z1cXJKQUExbEVyeG0xeVVCaVJnaUw2YlE4cXhHNlc1MFN5SDdNUTk1Q212T1FkalZUKzdVVWpoWW5odGpldU94Y3FpU2M3Yk5JTlBMNUN0amYzVXh2ZjljTytlVUdiNDFnZVN6U01Ta3kwUDRMNEpuYVV1T2QxRUY0N3JUdDF3NkIvem1IQUwyZkRzS0JUeXRZUE5PTjl4ODl4YWFDT1RUNmRscmxpa0p4M3BZalBuaVpEaVdTQWhDOXlUV0NuT2pLODlYTTduUUpYaEx3cnlIZ2x0UHV0Z3JlOC9jNk83VmxTZCtOSktoWjRKRXF6Y3FnTG9MWjdDbE1hRkQ1NVRqdmVHd0sxOE5FNGd0Mm8reFd4RktwVU13cmx2T21iMGhaL0ZtZzJYQWRJcXpGYVN3dFl6SFdLUWQzS1U2Szh4SWFBMnlqZGJzVzJxRzBtbWtadHB0YldibjExeUhvMjZaZlI3M2J1azFXVGdXZDRIeHZlbU9BSC9MTDZZUnkra2hvSDA1Yk80dGk0enc2VTdab2pyUXpZNlhZZFhHdnczeHBUUFJ4VFMzdXpQSkpnTUJTeENEUGZpY1JnWnZzeCsweVpiZ2pjKzlWNTFFS3JVMzl1cmJiSmxPNHUxRmVqM2tsdllkTnQ4WVhQdmpsRTlqNDcxVEhFMlN1VE5rVUVzcWRzNXkyeGxmcHZMdFpKV3ZSQ2haVTZpQnlhWklSVzh4QmR1bE9Fc2daanRhbWlLR3N0b0VHSmlIOU50Y0NzYkVwdzZ1MnNIM0hNc0l6VGw3Qm43Z2NNanZsdUhjbFZkdFdGeFV6WUFJTkdvd2l3Tm1Ta3ZHU09ZWWo1bXVWV3NwN2UvdmFORGpPR0xrZGFkdWc3NkhDUWpDWE5MZVNIejNkdkl1bWpucmtIeGM3UmZFR3p6VWxXYk5qSmFwUzZpRk9wNmZLR1V0VTE5K2lmam9KVWVtSlFDRG40UDV0WVB3MEhFMnphUGRQRHZZdzR2WFpXMERjK1BlNkp2aURxZ3M0TlhNa00zbWEvM0lwQkZGZmgxU0ZvMjZCMng1aXF3MStPcDU2SGtLdVBtUTd0TGRGWm9UQnIxcW1vcldCaGJnQjNIRHI2RitrQkpETWVmNUhZSHhLYmZzR1FSS09lRmRrc0phOVdOckI2dS9CRUZlYjZvbWFDcmNMTjRHZTdlL3ptTU5hMk9pWkNhbVZCcG8rRWxZMVZLQUNiZXRyK3IzaTlwKzAzUEE0QzREN0c1Y3Z3OGgxUlQ1UFRMSlZ3M3hUcjJBb1BUcmloVllmZFdRajgyMWtIdDVlZFBBbTh0dlB0NVlOOTBuYlZ5VDVxWlVrU2JlTUp5em1nb3ArdU9Qam5SN3M1amVPdTN0c251c1JNajFoeHEwOWRuN3VxbTQ2akpOL3hnM2hxRHZoUCthdG1Va2NFOE8vM2s2MG5FSndBSHJxUFBRbnMybFRWM2taMmlwMjc3dll0UWdZa01qa1lsenppU1hsRzNPT2JYMEl6NllwblVyRkpGSWZsUzNza3diMEJSN2ZJYkpFdGZ5elR5d3lJeXY0aVNQTEU3aG9ucWVZU1lKeldITUxzdUJOQk43VjRpbzZqOWU0UkhkZk0wOWEyS3JoQUlXSmptMU5maXZmZXNGL0JzQ3ZsL1JCZEZXU1l4ZzNCTGlxdERxL3N1QjRVVnZMekZ1TE5sQlN4Q1pIdnpscW1sOS8zaUtlN2xUL0hTR0JXWVZXbmJSdmpHNlhxeEFyWnNFMFpkQWNLM04yc1pXS0lCazkvU1JEN0J1b3Q5L0tITEJ0SlYvS0F3V0Vhc040ck0xV2RPelR2YU90S0FTMGNlR3dNNXBTYk1vR1M2RGl6TGYzWUk2ZFV2NkNRaGxwR28wUmtEZFlLdlNvdS9wSEsvU2djMlZteG9EYUcrb21TU0J2dkxkTGJXVXpMaTk1T1RyZWwya1pEbnNldmtuaEdlcmZjQ0xDSm13VU0wcjN6WVJlZllyMmgxa2hmT251VGNwWTVnM1NuMStFY0hUWk4yZHpQSy9Bb21nSEtpRGUwWlc1OHk4RUFSVGhZUTRhNlU1UHFYaGxkQWVyenpIekhHbmFUZ3FrREV5T2xlVnJUZ0M4L0xzdWdjTnh1cWJaWjBCNzVVWUNwM0wwNzc2VWN2b3VEU0lGekZlNzBsZlNEVitMT2JtUmFaVEFDQkVUVDM5TEo4SEVVc0t5YzIxRFY5YzRVT3R6aEQ1N0FWSVNzMlcyRDdrOTh3MHVwMmIzMkZKWStZeDNpUG04Zy9oSlhTaGpnaHNKVFdaTUVCck5HT2MzdlY2TmFiSnJ5Zmp5VWh6cVRmejRMUGo0MDdhSVlLaFhLU0RzMkRzKy9aeStpUGpuWThNS2tIaWVCdWgzcDFsZm5waHl2Q0c4VkhUWitjOUsxSEo0WVRWaXhicmtUM2I2R0JHcmcyamxKRkUycmpWcGNhVnRDOEJTeHJ6UlR5N1lLOTMwMFh1ZGJSeDV1djJsakQ3WHhmUEFoYTBJVWJ0dXlkOHROR3JYbnk2NjBUWmkzbUFDbVBnWm9wWWxiUWxTSjQ1UkFtN2lCTkF4a3N3OFE4ek5jQ2Y1d21JRGprWHRqNEV0WDhrRnRSU2xCc0tuYmJyTnhNaFRucW0xMDNBZWNZZWtiUkZ0SEhza1p6S3ZSTi80VVNjaUpTRzJ4S1lPa0xDMEd5WkhTSVhzOFhPTHhSYThTeFVsV2RSWDRaanEwb1owTm5YcFRJQ2UrRHpLZzlQTmxza21CcGZBZnFZNmFTRktCQjN3cnVWQUxoT3JtQ0QxOFdHMTExRnoyRjZhWUFoZGh1SWdBZjdJSjBTZ09ra1JpQUR1dmN6anBTL0VYRm4zemY2KzZuSjVDRS9FRDBQT2N4Y2dkR1E4bWVDMnN6aE1rdlJXNy9WQndxT2V6WHVDUWlxMktTWTZRN3ZBK2xZK1ovN0tBTGRLZHFFcXYwbGxYQWEzd1ZLeERycEdTcFpTTDZzblpONVBkbGxTRmtld0FueG90Mngwa3JEUXhUeWw2blZ2RWlITDBYa0s4WjU2UTJKR3E1QzNld01paUNXZmYrS1E2T3RnaHEyOUNBMmZVRnZTVnFBd3NVVDh0T0N2QTMrcTVXbmZTMFE4UDdWcDRxeXY0djhOK0ppdUpZQkJsOUhGb0JhTmw1SVQ4RTlnL0x6czZSNWRvemVZTWtVMnNUdXdOZ2RzK0cvVkN1Nkh4dkZxYjNhTCt1bWhscEJRVVFodER4NlV1bXpoc0NDZWtObWFJdGcvSlI5bHRMcXFxemNMbVdkMEY4NkhuQUtDL29jVkxvc0docDJvNkYwTmk4LzRSK1VqbGc0Q3pUU1IyRFZHSzVoa1dLbHp0R3ZvOVJqaFpmcmVQbUVpcjhJNWxKTTdjYy9MOTg1NjhvUndHOG4vQXhqakY4RytNaXN4RWZaN0ZjbmJPWkM1WUFoSTFQNDZ3OHBPMkVXRU51T2dKWEJtNkd6cU5jRVhmWDdDQW9vRmxtTmQxelZQbTBOTi93TlYwSFJYNWR4ejlIbXNyWXZTMGMyWStrZjZ6aWVBcUNiVEFjcjZOdjlWNlFzNmg2MGdCcnNURGY1c3BRQjFqZkpqWFduc21rWnBoTVBWTUZoemZKTkZhTmR0WEh2bXkvdXYvcHUzdkZEZVlTc2NUYW1kUmd1amtpVnNTUWlsTjlqdXZSNDVLRjNOckRMdklYZS9pdzdxN3lCK3gvSlNTRmN2Ylk4Qlp5VDRnYVU3dDBSMjN4ZlRTMmRvRlJvZkhaaVBSWk9QQU9EbnVSRVVFckF3TS9nLzZPSkt5WXJMMURxYjRHZjY4UFZabEJoSUFMbno2NCt0TW42ZUZMQlJsdGc0cnlsU3RuOWJXaUoxWlNGd2pFU2RXN1Rud05rSXlDVFpVTzA3enVrUlFGaGp6bWlyRWtKdVdJYUpWWlNrVCsxTVBLZFM3M24vQ0RHYzZ2amswRUZsMEtzM1cvOHRIRVFnMDRaWGpPODM1NVpyRy9zOUpOWjgrdVhPNVBJMjNIMG4rdHZGQ3h4bW1tRzExTThPMklvdkpLcWtDNnZ3OFBQNzZ1bE5ZeTQ4QWRJRTRlTkFPS0hJYzY3TFVTRlhjeXMzeUhWQ0x0MHNlQkd2QVJ1K2hOQ0RaQzI0NjV0cndscHNVaTJjQmhDakdEbVB0WXJFZFIybHZFNjY0aVRnSmUyaUo4Rkd4dklkZHhKdW5BaUwzUUFhR0t1eW9oMm5ydHRHaUYwOVdyVmNBaGdvU3JtaGJKNzAwQndNUFRManNydVRhcXV2aU5wVTI3dVN5SlU3NG5IK3pYMzRjck9Jckh2M3lEcnN2RUxVaDFhYXlvUzBQd2FrRHpEaWxPbXo4NDJyOXVjNUh4TjF4L0N2TDRBVHNtVHNZY29qRldIWEpmNkFrTmFhS3c5ZDNJTlg4allLVlJnOWQrekplWGw3VXZ4Z1lIMVh4RXBvd2Z2eFdsckZhQTVYRXQwMG5BRS9Ncm10NFl0b2JjQkkwRHAwTG9NSTk5dUt1YVNIYUkrY3QxVkdPMnpBelFUclBQOU5FWXVvRTlXZG9JckxONjl4dUhZdjV0NVFHMll3U042V2xBTWFVenprdUJQbldHZ3FEdXhkbGhhMm4wOXRjMjFBOW9LY05ZSWlFTkovV256aEFVdlVsYUtrK3dRQW1KTkdtanhhUHovM0YxMndzT0xMQ2VVTXVLY0lhbGpQM00vSSsyT2pYTTJSN2lRNlFYRGNING8wNGJZMms3MTViKzRucHRoOGR4Q0Z1ZGhwcW5hZVdIK2JuSTRsdnE3cHVPNkVqcy9aS0o1UzAwdHRjTFRLWEtTYlNCQWRiSFNSZ1RJVDVwWUQ1VU1QdEl4SUhUTWpSazluRjU2d0k1S1RxQjlYUVdIK2xqcUgrZzlvRzQ0emxmTk9KQXA1bGFKbS9KT1J3MjdmMnhCSDFsaVlHV04xNjgwOEJCenJQczZTamhUMXRvYTR4MUo1eDJQUjVSRjJaanUvbnZaVXZscjVBYVlHa2l0QXJnUW1aOEd3TEpsaGFwUUQxVXRJMDdwZ204VVRvaEpCYWx1U2VXaDlzZHVhM3hDdVM3WGE0S2FIRm5PazlYMkRhLzVHUlRDdFVzSkhkNFVEdXcyYTNldHpuREhZZ2kvdjJuUkhZalo0dVJWZWtjNW13ZnIyZ1N4Znp6NVZQQTN1QTVlNERWRTN3anFGYTNmcEJ3M2VNUm1PZkdHTUlyQ2VkS1V2c01KUmhjNFlYQzRvZGwvTWxsbnF6YzNlZG9vekZ3dU1ZU3N4dStFMmhZbFc1SWE1QmJyL1JuWUJjejZKL1lhTHJUbXNJenJtcHV6MGFtSVc0cjhEd2dZUVFrdU42WnFYc1BFdzBBdmVPRGQzSitJQzRkWnA0ZVdaSm9PT0tPNm1OTzU2OGNqYmF3a01IcnFFSDBKR1pwV0dVdmJ5cWRscUwzbm1rRnRXZ3d0dnhLcCsvMzVCQVlZeHRUaEw1MVJxYXBJeU5nQTFkTnhMVlFUVHc1UmdJWHNwR0RwQTBEYlE0WTVxdnZDOEp2SXRWYm1BOTRpbElpMzRnNnFvcTMxNjdhR3hSYWdHVTdWRmQ3eVQ0cEhFREhMVHNyVWJuT3lkMzNlTFlpZXdYRHFUNi96dURGUHNDM3hCZG1hUTNkU2EzL1d4N2dCT2JKckFWTVQyTWp1bkJCRTJVKytLb3ozd0xqQzVMaTNwT3JlcVJmcGJhcXgzZ25vUGdDUWtPcC9oV1QvbGFDOWs3WkE1S2FONWYyUnBDUEZ0aFpxbUxmamFwSURwWXpCMW43RVpsd2ZRYUNKSzluQ1cwK3lQdFV1MTlLbll0dXhZN1I4N2ZaUS9OS1Q1a29lU0ZKRThpWGpGTmpMcEsydHRkc1RKZ25ob3dvT21pNmkxcVlQRUlUZ2hCUGhKKzlvQ1llUmZoKzdST04yNVpFOXJIVHgyR1JFTVMwbVo2ejZJN0k0K3lOcWtDQjZqeE9oR2pSKy92aUM3T29VeHYwQlc2aTRhVlpHWERVMWQ5SlNHVStPMFhkMzRuMlh1TGs6OlD8pYhGBOn+5qhCXGnhfx8=','2018-12-18 17:35:09','2019-01-06 17:27:53');
INSERT INTO `employees` VALUES (11,2147483647,67,20,55,93,'M','aDlINnJCQmpPSUFVNlZoUStJdHZtZXVkNTdibXBXaFg5Mi8vM2k5bFN0M2lVNlBZTmtRY0ZaeTZwRHY2cWVZYUZoYXJMdjVjL3Fld3QvWXNwaWtXZWc3MW84VXhXRy9teXBXYllyeVN6WW9yaHd1clZzK1AxZm1wcEVubThjTUNuek9hL3RkaEFqOVkvU3NFNjNDcVhmbXN3d2hsSVR5N241cGlqTWdTUkdKY3N5RGpJSHhldkFQT3BvTFl1ejd0SjRIbUFUQjMvemZDQTBNdC9BNEcrZkFtcXlXN1IxSU1heXhwK3VWd3lENkpPOG8zd2tKc0FiYm9RRFNrOHFzNnQ3Qyszc29vV3BsVkJEQ2RVNERBcDNFUFF1UGtlVzJHTmhhL0M1elppWnlMRldlY1dNcm52R1V4ZTVVbWVUSCtNdWhiY2NQV1hkT3NOaHUwZytMWktCNE9FSWRmUW1HeEcwb0hMM0g4U1dlcndzakQrUGNoTStUdzNXeUsyRXM5NGpFUW5KaEFJR1VqdlR6VUx3OXRMSTB1WDVVQnFVNEpWcVd1UDJodWFZQ2QxcmVkNU4vRFFFNFpZQWZneHFMS2hWVklaV1BMaWZJeXJhUTNsRzhxUzdvMmR3TzhZM1BsRldLOUVFMlVlNTlUQWFRMkV4TTJ4aXBuVDBGTFIrRDJVaGhEWUFEY0dRVnMwTXF1VUZyeVIwV3hUVkNkNEExYWlMK0VMazlEK0lKb1FUUmpBL2JnWkJHZWgrWU1mTFd4aTVtd1lkQUZhdWFnUDdOVXA5UHFCemRwNmd4UGRMT2tsYWVjL2lYUUgvczVCdFVPaGFMblEwTjJEN00rS2RScnRad2pua0lTai9DVHhubnFzL2JWQW5LOEVJK1VyMG9HamRkb0c3Mm93OEpFMGw1Zk5NWDE1RENkY2FjTkt5dGs3WDNtKzhHZGVFM3Rqd2RDcEhiV3E3YXNMWUZtbTMwNU5aeWgzbjQ0dEQraXBYaWdOMkdPRTNtSGNpZFYrWEpwN1J2Yk5EeTNUYU5tZ1V0bGNNZnVkRW5lN211SW5VV1JleVhyZHpBV2VBc0cvdGJmNjRMOXk3a0VWYmJoVzJNTWtTZUt5NkFtNFJ6Rkh2TmhnVlk4ZElFZ25IdFlYd3cyckxmN1RnL1VHdm9hQ3pTMm5NYzFNSVNPRkhWaXZQUTd4RWNFVngwMHl1MFlJRk1ieVZPOVpFN3BtVW5MM1pCb3pRS2xZVmZhYjlhc2h4WGlYU1N2MUw4S2pubHc3UlZyWDAyNU9IQWtQVzNmTUNTVElGZUNBeWJWRUJOUnVJVmhkWmlDaWNDd3VuYVNEbDVOOEwzZFlSSHJrZldhU3pMK3BQcWhua08wZUIwV3RJM3pXV3dvYld0TjZTZVFqRTM5RmxEbnpZSDdZTUREUWg0RXZ2Y1ZDcVl6R0JZM1BOekg2YnJuR1dOd3Zsd1BNQWh5VWJGQzJRQ3ZRaHJkK2h0Q3IxRG5VOXp3RHJoUVBkdjJtOVRtbG9PaUxDZGFNc0x1ZU1QN01FRk41eGtoZmUwTmd0Zi9rT1NEZCtVSmlDRkw4Ky9UcUtrQm5NWHNIM1NBcTdoZU4xdGEyL1BDY3RoL0Q0WmxZMG14M20ycW0zOCs5UGxPeE4raE9IN0tLUVZpbjV0RXBUc3FaYXdNM0Y3clhHbUVraEhYeWxQbUhHT0dabmtVS0diRjNLQVhQckJyZmlmMnZvMXZSS2pXWitJUDQ4VEN2Ym5XMHBCa1R5dDdJNzY5OUhCOVhrQmlCTHo0Nm5BLzZzaHRyRWllS2dybjhZanZwQzhvTkxTMysrZ2xTazlTU0ZLdXFyZy8zalVJZTB4WWptbWg5UytjYWVrQ1BiZm9pMS9WZnlHcHpKcUJWa2lDWjMrUTNJbEp2NHJLZ29FeVlGYnc2WVp6aXprTmx6aWxoOUZKR1ZYdlBoQTFSUGJJcXVudUUyNlBaR1dZYkNrUTNzeW9HQ01xdEkvTHlvYmE5R2RnbFJlNTFyWjVta094UFRsZys4QWpsRXhtL3pOMm11RGY5UFI2VjBvY0xBZ3JGazkwRlUxSmUzelJrUkFUOVc5VUxjSDZVL3dpdHRMSGtFaVY0S0JXNWZMM0p1MzZjL1dieXlWQXJ6c09yTEFFS1Z3d3hJNDh0UlprckpTeHRCQUF1TFliUnZqRDI1Y3JqMDM2cmZlWjU5cVdiOGtSbUVySlJJL0ZRVGtSeEdDQzRudElCb1UzTTE0U2pvNjR2NkEzb1FLOTNNK2RhVTV0b3MwZ0pvQVpnOFF1UVltS3Z3dWFzZlQybVl2aThyRzZqUWlwVDJqMU1MOE51WlFIeWU5K2xRVEkzUy9OaEhzRGNPYkpMVFZwNUxWZmYycjAxMVlidnI2YWFKbFV5ZkdCaFBaenpoN1VOYlFiUlZmTUphb0Q1QnRTd09hbXBjUnQzUHdSSnhmaEZrK3pjZzRXOVV3Slo3Nyt5S1dVSEVOM3RwM21nRnQzMVkyWHl6RFRIMjJ5WGNWSGRRemRtSXo0TlF4TEJkV0hBdHI4QjFpdWh1UFFPc0dHeVZySWZyUCtIZ2dHam4zOFloWXluSE9rV2dBK3JOREp6N2wvbEtZODhraEkyamVaRWxBSmNIYWYrYVJ2dVkwNFpJSWdTazZDajlsdlJwTm5MbjdUSGtPdm9JdFhBSkRNNlZSOFhnWXVvd1JjanFPRW1wMXhSOGJSdm9sWWRVQ0VhYzdvbnNUamo2NW5QTi9RNWg2ZjlDRTF2eFVYcWxrdWU4RUxOM3R0TmpzWkgvbXpYUmJYeFJBdkhjREJ4M1RuZkVZa3lCbUNrVDJPVnk4OS8rSEJjV2wzYnpwYW1lNk8wSUVlUnNTNjliUUZZWUlHWkQrdVpySUUvNUc0eENlZjA3a0VhTVNLanJxVEZKNld5eUZ6aTA3dUU5b05NbG9XZEhqa2tjdStOellzZlp5S3lGTWVTY2UyMGNhVGpBaG5PU3J1WXlKR2xaazJBS1JzRXFrVTFtK2MwZlZLRmlKUWp5b2tNVFF5Z2Rma0xqVDZyU2N2KzJYZ1ArYmh2TFNwVnBNNC9ENjVlMUpLWHQ2UHZCQ0h3RGgrazZqbTd5WWdBWklQRXhnY1Q3K2F6NjRFU25tVSs5NnhPQTIvK0krb3BIUmZlKzhPaUZIR0o4NFVaMVB3cC95V2ZzRDREb0FiNEt5UFhpcXVDYUZwM2poLzlnQ0U1dVhBU2xBaEozMHhRdW4vZVdSQ1J4QzZSY1hmbTFWZzB5TFpJREI1cE5tTjdtK1F5WHN6YytIYzN2Qi85cFkyUFlZVEF1Rm9DWHMrNWNhVHFNVk9qVzZjMXhidWFnMU52ZUpuTmY2SHIzYnVMN1lPWjRUQzN2UWs2bnV3Y1hMTmNQRHZCNWhuMHIzRWx4RVhSRTREbFM4VTdnQ2NBbmY1QWl0UVg2Z09lb0VhTURXYWw2QXdha3RzZlhtR2NPU1dtMmxENGZwY2h4QThYNEYvalFQSm9iek1RNlN5S0RXZFVtdytBd1p1d3RwSW1CTE0rMFArZHdNaDVPYjg1TTNvQndrTm1pYlJWYUc2Q0FWcE9LQ3R1V29UcXdlZjVwVDhtdlREVmt6cjN3OXJoalNBM0hyOHhvaGNabzVRVUE4NWRReUNUZE9mSjNJZ1J6dGVXdU9TTUp2OVdlL3h2R2p0c3JKRUYyVFhoYXdrQ0poRkthWGE1LzFoZkFoU3h5Z2VlUEVmeW5ub1RaSmExZGh4VzA5MWhHSFBFeTkwS3NJcE1FVk5SeHFXNld5blo1eVpBb0xORG82Y2JHRFduYm5wQ3FQYVowR0VPSlFTbUFUc2NIK1I4MGtPV2dINGJpZjEvSyt1YjFVeWwvVUZ6d09BcDNTdjdhNXo4dTVKVDlvTDVxUWNDczVFYVprNWRQVUMrQ3FCMUFXY3pDYksvNFNEZXRjV1RGeDhOZTk1WThFYnZ3eGx3YUhLWVJBT0NzVVlhTWVia3J0aWpIL1hJN2dxc3ZhRTFpZEgvNkp0N3JnWDQ2NnBlRUxJNnZwVjIzbW1aQzZxSDgvbXVSQnAzdGJJZDlsS1R3OEswSDI3Tml5RzdMVms5T3dRck5GTE5Qd2J4ODlDYk5kK3pTR2pOdVIzV0NFaEhacXVZd3Z5ZVFJZm1uQUlQeVMvVGRnOFd1MHpMZmRSbWROM3lWNzQ5NUNpbHBPWFJyTm5IcFY5M2ZtOGNobHpKMUUrTmhPeEFjbHRvTGRzcjFwU09SRXBrR2hEc0hoMXZMLytiSThvM0JJRlAxWkxlMmJjeVcxN0YrcUNZajRlZTFraW1HSW5VU1pPZFZEUk8ybmgvbDJQYS9wL3laT3RsQ3FUdmZvb1lxZ2JnUlhJOFVwdVFPbEZZYzVCSGlhSUlFUStTYzY1TmFyMnRwZEFqWThyNTZCcnFBRkNYWHdGNUc2bkhsNGNGdWRPdGpESWZ3dkFkOUc3aFhNK0RWU21sQ1BvM1FmcGVWVUxBaVBVcnJXM0tzVVp0dGNQZ3dKL0ZZUUtWM0JUNXMvNkJaWGVPTW9jTVJTc1cyWWxLdC9ublNYRElPR01DK0NOSWVLb1J6RDNmQS9xMWlnNzFWMnZ6dlhYN1BxUUNSZXRUT2NrSk4yTW11UEdGMXZpa250Mk9uV0xPenN4ZXRrQ3J4UUJVcHVDMVpYNVRlN1pjanBBa3U4cFY3MHNZZmw0WktWT3pqUDlSYUtyR05ORUg3dElJbys2akJQb0R2YjZzamNVSlpkTHVMekJhR1ZIM1NEODBvWVNIbTQ3a1dVVmVDTmp6ODJJNERucFlHa295K3lmajZYR2Z0akNCcHhEZGpjaHpXTktuU1J6YVY3NlZ1UjZPQ0tacHBYaVk3SnBEYldpQUVFTERsNGZZTFpnb3BYU2FvVTVwOUo2dnVjK0crWUdac1pBNnB2UlltTDI1aDhmMzZpQVhuNlNyOHJjbFA0VzQ1Uk9PU3MxbWdKYXN3WnZHZldjU2F6czNGd2JDeFRGem1uZEQ2cWloR1dJNkc0d3NOL3NWRWdRZWVtSVBmRy9mRk5tOEFiUGprd0JaUHpGQWV5USt4blZvc1dVeWZzalZVVC9mK2kxRWxDcElGWkZ3bWpjNy96WTA1UG9iVFZQblJ0bXpmdXBzRDJjVjEvWStySlNodGtPd295eHdGY0NWbmFoYkxMRHdIRVRzZUh3dlFlUmE5enpRZWZySXRFaFdWa1k3RzhDaFdiL2xzb2hXUWY0SEprem0vL2x3N3lOWWtnb3lnejhyTVhYMkpVNkxUV052VTBuYkM3UlBGQ1U5MXk1VkFiQ3F2YzVvTFVGL2xWa0FyUWFwUWswWCtWcDBJTXQ0ZmhRbmttL1ozdHpHSFdMNDhGSUQ3UkIzWnJCVlF3N09QQ1J1ZEZhdHJ5dUoveWp0RFZGOXA2Z011dS9lRjF5c001T21jdjVIMW9zdWJtTURyMHV2R2MvVjZZM1hObHJoQjhSWXpqWDd3S1M3QTBWVHBjS1pYUithbkRjSnJqUGEzcThxdGdOcHhCNURaemxqaC9nbmZzQzVVVUV1SjdQZkZpeWs1d2FLR2pzWEYvTVQ3ZFdCNVBCclN6NUhScU44SVh1eGprUVc5bkZCem1ER21TMktBcEExNm5RRnZsZExtZERHY25FSUpFL1llandoUWxSVmRSclhsSlN5ZC9PblRoZmFyeVo2UTIzQW43MW9JNHFoR2U3U2RFREdHakYvNDcrU3VEMmIvZmQvRXFnQ294TDdNekt0VGJSNVQveUI3WWxuWkFseCsvYk9vYXVIODBlWEdzNExUT2EwQkRaSjFId29SMkhxWWlSR214aFpMc01IL1lmYk5HdTFWbTV1VWNTN0lxS2VBYkt5WFFPdVlOaGxEb0xEVzQ4WC8wWGNXRnllVzEyRm1jenBvVWdBaTRoc0EwK2RlVWFoVzJQcTRtRllMdC91ekNyUHRDQ1kyYmpZWXNoWFVCYWdTNDdFWEZyQ2I5MFVxbHpCSHhqMGJ0Y3VBYm5lOFpoUTJ1a3RNZmk5WGhtczRoZm40anFyZHN4cFo2clFTbkZXMDFkZ2liNm1DRVJTMWQ2V3BkTTh2MUhld0ZkU0NRUEpOd2hyeGNyaFFrdzRXT2RrTHM5b0hFVlV2MFlldEF4WmUyUWZ6YTN6Q3o1MjlKRkFzUk4zeUZMRTU1cDRMTzlIQ3R6V0lodlcwTlJsNTFXK3ZpSWtWK3I5QUV3NDJQSUR4cGVYSFAwY0RLU1U2VGVuWVVNOG8vZjRkVTM2a0ZIUEtJNnphRnQzdWtHUmVFV2FERExMTTZ0S2NtdnB3eUhOMlV3bUozTDB1Z3gwRmRnV3FZbmQ4OXZydDdmSkR6V0ZkWWtXTko2TlFTNXllT1gveDdkbk1YN3N3STVDMW43SkFPcjJlZVZ0Wmk2VXdhUjFNMkUySTZ0YUx6bU5PUi9QZXdEWTgvcGRURVJqOUl0YmFqUFRLNk1BcmNuOU1lWThNOFp3S01ISHB3Q1RCYnVQN25mUC9iOVFuaElpMWJiWEhPK3ZsblpZN3RvL3RUUm5qLysvbEZRWS9HYklycENhUkdtOFJQNVljM29INHdGWU5Xb3JmNWliSlkyMkdHSmIzRXFSb1V4NCtMa1V3aVZ5ci9qTWEzaUMrbkdHdDdqZjJ1K01KNFl2b1FKRWJxUUF4NDc4N2JXb3pRS3p4bnE5OExIaXFvRFpxTVpZVmpFMzlaSzNGNkxuNVIyeXpBRElReFBuK0RqZitKQVY1dUFGeXpJa1hrS21MMUhYMTVDczMxVWxYQk9XWWxuL3dQU25vQ1dIVVh2VkVSN2g2cVpVY1NKbFVINWdmQ3pZZWdxbWlQNUtsVDNNS05oU0l2bllqQ1RnU25scml3aWNyQmlBNE1QUng5Zm93alY1c3RDeVVvZEZ1V2d5bUZ5Vi9VU3dOMmdZVVFpMElTL1pPUDBHNDZiOGo5dUxDSXZlVmVDUWVzUnk4empocWdla3E0eTlTWWZGbS92ZEVISGFGYytTUVUyUUhXMW5zRVl3M3QwY3laS3NlU2NDamNIcjgwSzc1Q3k5aFRlOGlmTWRUY0kzWUdWa3JKUlFnQzNZSi9sUHVMQmhmcUI5MnFxK3U4dlRFN1VWY0QyQVovY1pTKzFpTXNpaEh0S3lRNkRaRXFmdlh1YnhFVkZ3U1J6UlB0VUxoOEtiKzBzVnZYRmtIL0d6WmdxY0NGS0U2ZzJ6ck9OTjlGQkRRb01xSHNqUFdqRHEvR1BNMkhWaXdQTjR1S2JadUdsZk1IZGxLREE4blh5aHVHYWZ0enRKd0plUXpGUXlVdEhyeW1qdmw3RVlIaW9LNUJlakdMQjBmbXVWa2JHZFdvTytKUlg2bUlhaGZSekdqY3h1dDJNcW53c2ZsT0d6RkRtcS8xR0lPcVE0K2NQMkM5QUhQRWpOUGdtMG5LU2NTeTIrL3h5QmtYUzhrN0NGQ0tMcDhWMnpFeGNabmw5aHlDSE5ZSStGSlM2alVZTDVxb2ZXajhJcjFmQ3VuSDE0aXpIUEZ0dlNqdjhsamtJc2E4MURMa1k0ME5TRFJSOG1hN0ZFQzJxSy91SU5keisxempMTzBqN0JpWUJESGN4ajVoOWhkQzd1UTQxNllBcGJxOHV5UHVEd04xWTk2b3grMjBkdVN0aldJNWQzWVpsR1NVdDJ3aGZsOFJpUHZRSUVaNXhLVE1UeFhrMGdyWTJKVUsrdEx4dDZTVmVmVVNmaFBJR3YrNXBmeHJoT0R5YXlFU0I0RkxILzR4c1M5emo0ZlRLRWhjbmlKUVpZbjNmb0M4RWEzZjR1MEljalY1eUZMVE5XNW1VZ2xPZUJ5a29qckxWU1VnUmo4cGIyQ2RpV2FOWkRpS3IyMjJBdkpGUU9tZWRMWlRoUWJKN2d4SUJzMkNra1doS213SFU3RnJtSXFVd25RVTZZTjFXa2szK00wQnd3Mmxhd0w0ZHlESkFQai8xanVXTXVHV2lJYjRMNmwyTDUxOE8wNkEzZHlDUWhoRnZXSUo3ZHhJNkVtdUFMOEdFOUZQZnVhR0lsaGxRUFpyWmFPM0ROVUlHa1FtaU5zY2wrZG5GaTkrZTUwbFJHWGNvbUtWNzF4TWpVVDdySlNtSlRDV29zR1hPYTB5Yllkb2dlYWdBVVNEdG01U0x6NTRYV1QwdkpKblVxL3YzYWFYOHhZS3JEUWJ1RmhzQTNiWFEySDExNld2Si9CLzNqZHBYbXZ4NmJMZ2w2YS9MOHk4MVQ5Ri9uNFdrb1AzQktlelRIcmsrSFlXYTl1WHdNS2ZLUGRjN0JNRk1lcW5DMTBObFFnZGNuNUh0ZTYxVTJPK0hHdVIzTkU3dldDMmdYd2hWcmVJTjhTcmt6L0RDaVJpc0poWU5HdUt0VzVnT1VkRUc0dkFnVXpyeFNIeERIbitJelVHSURnTGFSN0pJVGxJZXNSMEdIMWV2b0dncUZUVEl2MmRZOTliQitOM09aZGREYlNYY1RISVJLNVhNOUlzeWZOMFNyS21aNzF5Y2ZzN2xOa3MvUVh1aGdQRnNjOXpSSy95eHpQR0lYNFZsNmNYZzltaU9jMUk1U3U5R1UrZ1pTNU9rSktjZDZwSEpCZG94TmVTSDVyalFUQ0h1RlFpdHZYZkJvalRUMlMwRFJIUGhmQU91TEx6OVZrRXlXMUN1SjZXM2UvTTlCc2FqR3lBa2x1RjZ6Mm9WaHJ5WEpDVmpyeDVTcitpMG41ME1hTm1OTU4zZS9TSExmWFVhbWFQV05LdEI0a1MxeXlqek1BOENoNDRmMmUzZE5VaFpjVWNPZVhNbkdaWjlicUM2bXZqVzlJTXpYeUZ1WDVhZkhRbmVBWnhqR3RHeGNsVkpHVzNTbC9EN3M3bHd5clRTT2EzUzFxREtDV3k2UjdUa0VPVWJ3Q0JwMm5lbGs4RHVhV0lvejB3RFdUU0FzMjlyV21zZThvN01kV0N1OUliZGIzK2NkYU5PVXp3UWppaUlWTDlTczM1bDJLUVBsZG5uSm5SNjZUQkdqRXFsQVhGMzVMcWRkNU05KzM2UkYxcmd0SDNSMVJaVXg3ZnNYejZEYVAyOVNSTDdQajhoalVMelZGdXRuRE82K2plV1FqeVBZQ1NnN2Jud0JuSHRrZXV3Kzk4OVh6REFPWEx5NENMdys5NGV6ajBaS0s2U2VraGhrL2NXTHV5djNZVS9CNHVFcktVcjcyeWtiaFFpc1E0MVp3T0lyeUV0cHp5T0lOL3k3a01nR2FvQkhmSDk5ck1xRVRsa1g5eDh6YkhGZ24wdHNLZEF2ZC9VMGdGbDhsUG9DL0RvMVFVeThhTkNPeUZ0RTBuRkhMZG5QeDJWbmVxQytocURDZytrYVYrazRNRmluMk16M1EzeFNaNDFlZHlJekloVjVhVEhtTks5UWNZdVhNejFmbGtQN3BrZk1xSG5CNTNERVdMQ1EwS3FjbVB0enZuSDUzTk03SmsxSFJKdHNQZjdWckhTU21lKyt5OXpaRlhadmJvYlZ3SnE2eXVCZG9TWUlQVGVPTUtMem5sb1ZUZlowY3VKUG5Bdy95Y0tUMS9LQlJ5dXFDeXNnc3dtUWxmaGE2RHl4WWozSkI5dmtGUjBMZkcyUjFCayszSGVnT0hTUGo2S05CanBpc3VlUkNMQVNQZVV1TlJ1NlRWUFc3Z09kZm5EdmFaM3BoM2R5Q05ra1lCNk83NVQ1SXFpcGhpY29FNkVpbVY3a3BJcTYwM0RBOWVMdlQ3RTdzZWJibEI0aVNSQVZyRUoyY0J5QzZ1VGZGMk1FelRaYlRIaGFjL0I4VHV4V0FuTCtyMjZZNWlKdXFKdHJGa1VJSnFzbGw0WXR2Z1FmK2t2NmJ0V091U2dtUHI4VzF3OTI4MWxIaFZNblhTNmlYUlVoWDlvb3FuU01kK2p4dCtnRk9TYVFyeEdlVXlhK2NXTWNTcExaaWFwQnpiV1UwVThiNHVha0NXNGV3WnBWNjFqMURjR0c2TmZwNjBGQy9YMVhiekY1eGZpbkthWDlyV2tHSS84N2UxTVhHMlkwZUhlb0I0ZVlSSE1vQURzMmtqTzFMVjA4ZzBZK3ZlY2lMdjFBaEVTNm1JS3dZeE02SysxR3RRS1V0WXNmRGRHc2xKbUxQSWEvVDhpUDliVEdRSHRuSzFzVGxueXZyMjRHZ2taVnlpY2tGMHJzcmFzYkVXYkJIVmU4MnJXU2F3U2Nuc3F3MkE0VFM3RnQzN1ptN1RPM2swK1N1UjJBVHI2L2NIaWxoRWMvVENpekhTZGJydDdFOXREV2J0SHhBSkJFK0pPdkptN2pweEwvQTVpeWRqSUNRMGlSaTI5dndtS3FRdFRoUWNuMG9XNnVvYXIzdklxYVJBNEVlSE5ObU9tVHRvVlZRWWdHZnNvL1d0NHlyMWszL3Y0VFJ0REl6aW54c1VLTWV0MFFyN0ZaTDJCN012N0wxQ1RwRzE2L1ZBd1FnUDNmYldVbnZLalNXNzd6bWtJclAvZ05hNmR2Q2ZzRHBZN25qRjBiY2hKNGtOdElMUHorUVorZmhWbjhjYnRzSlRXb1hGOUNwQnA5M2k0Zk1oWTY1L3hDWjMvb0tqLzZaT2NheDFZZXJtYUl6bW13Wm1CUi9uUWI5NGREZ0l5dmE4K25FeEhuaGtkRTNqckhRcnhHbmR5bzdtL1EzcUhUTnZxcE1EanJXUTN6V0NpZTFNampXWkV1WWRPTE41Z2M3SEZ6VHBGMWJsLzRvc0FYdW5rdVo4bVhOaHZvN1NPWGkxWTRXZ1M1V2luUmJ0TkJxd1NBZC9zay9VL3RYdGlFK0dtamorNDFPb29SOHAvdnNMc2Q3MWt4aWYrVXYzU2xuNnpVNXJTeThUYVppdXY5YWt2bHN3YlNjSUFHdTdKL2dtcjhNSTNNSWpHR2pXV2gxcWNZS1VBa1QzZFNkMkhqSFpuNTFlbWtndmNhcXJ4OUR6cXpUK0FOWnBBOVBSV2E3azl1dnNZc20za005YmtONGlwNHJJYnZLK25DUGhqSWdTaU9ENzE0VGlFY3Q5YlJ1RXpPR2cvTGJpNDdzSHpidHFWQmpkdTByanVXSU1HTGZqWDdWWXpFNlJHVHdUdmppYXlicWNvSUJ0ZWRSWHRPZytUbkZvVmFsWXo3c3ovYllYQnpXdXliVjRXcDJaSUlEQ1ZEb0Y0NStwaWpJMklVc21ES296T2ZCSmc3dHhwNTVKZTdXTzROR1cyNmlyayt5cCswbnk4ZU5zSjFldE1sbVdzS2lJUDk1a2xYOVpKZXUyOTB4aHBTTXY3VHYxbk1UUDdabzA0RFUyK2UyS2IwOFY5bUJGcHpqWFVKb3JvSThlVVlRclRhVkRmd1AwbnVHWE84Vk1rL25NUXp4ZGE0WWNtNEdoU2RmZzdjdzJINUFubjlPN0RhbE9pZExwOGJMSy9NMmEyYVdiZC9LaUdjMDZ0OGlhdTRzWm80Qm1xc0g2VFFueWdGOWFQYlNlYzBWVlFVZ1NjQW9PR2xXQU9ici96eE94RWJ0RGQvdnhYSEFOS3RRbTFCZzF3Vk9xNm1paXVHaVJRZFBuZzNzSHlWOUNUekdoYmVtK2kzcW1MNnVNQjBNbmUzcERvVTh5d1F3VTVnbWxJUmppY254T0RYZllJSGMwUHQ0NGd1Ym1kd2tSNCtsY0psVjZPaDZFdFR4azZuNEYyc1dYVzBoRHBKcDNyRFJHdE9HbUFYRmNPNFVKc1B1MmtrbS9sU3VQLzM4OXFZb29RZjNlNWJXSWZwWE52MjRFbi9mZkMvdWJMOUlBN2Zja0ExQ2NSbU1qellnN1FqTUxITHhoQjN6d1dseUlpQnh6Y0dXRGgzNUtiRTRvdjZVcDlPaG13Qi9QeUhEY2JLaURkTCtuM1orbjVwRERwZ3NSWkpBT08xT0JnYUVYcTA4UUpSeFlIanU5U3hrL3JiL00rVTlHK05kSjRLeHZER01TdzZNSEF0cmFjM0plZlVsTGNzNFdPK1BGZXFwajVJY2hMNTNYYjdod0wxQnhTclFPWG5DNHRCQUhGUUpOOTVjMjZyMCtMMGtPVHhWazdZNjJkay9lTzd6dDNoY0d5TitvUkZXL1Vtc0Y3NFAzT3V3NzAvZkpqKzNaUzZCc3lzdU9JZ3IxUWY4WTdkblBKZGI3RXFRaDVrSWNNT0plZzl0NHRhYVZVdGpFMWZNRHMwa1JzM0tCNURweXhIczJzdXRmVFhqZUNtdFRjanZCbERUQXhlYlhITlA2aDZKY05kdjJ6RzFUWWxteFlxbEhSSHJId0ZMLzNnSllyTmRkd3VGWWJCUHI2S0ZpdjUyZkk2MXlYWnhXcm51cjh3MHVIN1VQanA0TXJ5cXFMVkNnTEFsUWJxK0tBNEw4Vld6OTNtVlJ2M09GRklDUUVCOWJpNFJBRDFZVUZXRGRMd2VMMUNqeW5MSW15eHpCQkZFNDBFeXhHdlZMVnBOM1RCL1h4NlhrZTF1L0VIOFVqT3JOdGQ0amVLTlpPb3h0L0M4aXI3K0NBT1lxRDRkU0h4V2NqcWdaUHRTY0dUOGlpV3FoQWJrUHU3ZjlML0prWFI5dlBlNFZubFdQQUJVY2V6SXN5TG9SYmp2bTlueVRCM3pjbnRMZE9CYzZ0S0p3Z2JHU3lQTUtZbzZQWXJ5ZTNjR0dkOWVCVkVhaUFPbW9UY1pIUCs3am9rZWNVNWI3elIranFpZzBEdTBacllkazI3Nm1tUDA1OUloZ2ZYeEZkZmdsR2Z1bEp5UTYxTExvS1Y4RWRseWtXOEVmZUpyZGRJaUZWUWhEM05iV2Y0eXd4MU5MVlJoSjUvdEszdWlSUHBFWEo5QngzVjRNaGQ0clFwOERseFZzbnRNb3p3RFQ3S25BeTUyZEVHRVpkRzZHVWVaV0dKWXV6UGNjZ2g4NXV0ZmxWMXh0c3VMODZjOHJ2QStKYnNNS256WHNPY3owK0VISXFnNjlBY3dTNHFvTVhWVkdNT2JnWmI4YmhGcmlxNk1qRG5FTlNaSmROTFgxKy9nYUR0S1U5VkYvYWttMnErOXJVL0N3WXhnY3JlRW5mM1dSUVQwdURtZzVqMUdpbDd3c1ZwNTNqbnEwMmtocnU4ZUsrbmNFUzR6bGI4ekpLWlRwUStwUjlFeExFYngyRGw0VmdvWk12a3NNL2R1eEZDcVVRNFpuZjI1WnpsMnZVSzF6VEN0YVBQUHpqZ2JnZ3NnUlBHeG4vbzExTVdzeldhWGhMQnp6ZDJaZ2N6aEUwamNmeWdkNUJXVVVab1VTRXNZMnVYWGtiUXFXQmtvN2haQ3JiT2pUTFRRM3BDc25HenBYM0N4N1ZCbmlYbnFLQlBOU0hsdjRzTVgrU3h2VzNQZkx0bEtxN2tFOW5CNUExZFZDSWpORWFvYnFqbzlmdEs1Ynk1dGhrTks4OWpCbGRtM1UxZ0g1Z1FOYThsQ1lwdjc5bzZGcjB5eWdQTmU3V2NNemppTjViKzdaZjl0Y0RrejgvY1VvbzdPTk9uWmJKenZUeWphQkEwWlU4V0g0Rlc4eVVJTEtnT20vM2tWbXFmOGxDczgzTDl0M0xpdU5KQzltTWUxakVONnZDemNvOFdKU1BBWktkbWpwTkY2Wi93Q0NZMEV0RHBiajRKVXQzMmUwUlVBd212OURtSVVPMUwwMmJuMm93b05pOEFsbzdmUTJtNG9McWxRN3l5NXd3L1hpaVNlbHdnREc5dUc5RUV0dytBTTJnaVVtcXhuY0hQR3pWTTNGejRLRUJyS0VwUVN4ajNjRXNMVlJYNjdLeUFJNkEydGtWdnNUam84VC82ZDFIcCtiR3E0MGlWQVViU1lwVFBNTkFBUXlSOXUwTW40QnJxejJtaEh5eWNXWFFYclNFYVVyY09vdEM3U2hla1dwd0RiQkZ2RnRYMlJodU5vZnV1eDBMeVVQeTJPdHh2b0s4U0UrOWNQYnVyU1I3S2N6SVJFR1hFR1lzT2pRcHJaUDZRN090dkNmZmFSNXE3VStFUjVRM1l1WGhLMzB0YThLT0RxOEZEUT09OjrpLhSLxQsCzM1QKz7zWfNf','2018-12-18 17:38:59','0000-00-00 00:00:00');
INSERT INTO `employees` VALUES (12,123123,68,21,56,94,'M','WmdPY0MzSEhXSXRMc3FSY0xWVDJQeXdveXNabGtWUGw5ZUtBMnRUWEY1VGV3MGtmL0F6QVl6Rmk5U3FNeE5JMU9OeVBuZE1kWWZiclo0OHVMSW4wOHVJVC9wcWh3NlllUmhFN2ZSM0d4eFZxdkF1dGpidGNYRmtSL3lTZW5UNXFzVkpJdmsyVkJxRHkwN25PVlhvUG82L1ZZR0NTYVFPbDBhUktuUlR2SGptelJqaVZDcnJMSHltWi9mWnVzc1VzRDR2RjB5RVRjeUE3blRtclRPbFZXcmZPemc1L3FWUUhsK2pObWFMWkFUYkRDa0dNZWtqT05kYkNodlJnYjE5VjkvaWQxb2JLWSthcTdxdlZsV1ZUa0xWSlhBUk9rbXc5K1hYZXpYMXNJd2VkbUVVRUwxc255RlBtQ2hOTmMwdWNzaWRsR2s5K0FIMlQ0VEZIck5MQ1p6OWM4QVMwcG9JaHRWY3BZK0JVYXNkc2hLUUFUWFo2bzJSSklSQ3YxSjNUNVRYdFZ5UDRVRDZTdTRobnNaeXIzMjMvYXVKbjRtbTlwWEY3eE1qRmhVdE9KK2F4b091TjgzKzNCVGUwa1FiMks0di9mZDFlU1ZPbEFHQTJDTnpLWlRHeEtObUdzeERYUmh1UzJ1RUxRcVk2dFRod3hDTmhRQ2NnM29CTXlXK21JdFk0UWFpelhpM1JvSkRRVTdDTmM1eFhCbnNsbExVSFBudExCTlUyTDZpWk5LQUNlTUpEZnpXellyMWcxWUF5dENVSU41dzdVVHdwMWNyVnJyY3A5L2ZWUnl2Vi9ycGpIdnZQOXFPRGxGU3hqdU11MEdISUJZaXpMSlNwekZxd1RYZkNpSGVTTHU2eGszQ1hEbmV4dHZnS1VMVHdDYXBYc05jdWYzU0tYcVJDTGVuVTk5NG5NWkFjSCs4WjZVNFdwZndFZENVakhNM0dmY3hBYXQzRysxb2RXbWFFQndpeklCdUN3ay85ckJibkZ6NjBjay9ZRkFuVFpIQ21XeXV4TWVPbFZPZzdQOWhNWkUxKzZIMkRqdXlEUm92cWdrM2llalpQNE1oYy9FUy9Ic0ZHSG0yVFAzcWtzT3h4ZjNwNFZiQXVWNHU1Q1FsbHNDYkZaK2phTXV6c2JSTGxQeFMyOXlDSHAxT0FwdnBBaEdyNnpPRnBxZjcvYm9ua2RxbEw1OUVtZFBDYU9RZ1BDN3o4bFYxRnhWd3Vjcm9kbmszbXJkNFZXZGJpcXgzTEpibHNORTFSYkVTYVZ0TzhOV1hWZmZSbVRKK29nVjlLSVB6NzhVYk4rU0k2UElLWWo3Y1d4TjNIdldZQ2tKSE5kRjhRNjA1UmNOMy9Pem0yTTJDSnlZbUlQU05OdGJtZVJqM0EwTmpnZk9VZ1dOdnExODRhUXBGTlVmdWR3M05pQ3ZBZWhaaFdOR0VwK2hhd2QzTVdoT3JPSzl5Sk54SElHSEthQnFGUDJ0UXg4TzJCSWxKelR0ZUFiTmNreExIY0UyWmtBM3BLMjRyUCtBdmY2UDhBeG1rQjFmUDg5dGloS2NSSTFpTmxCV3ZLbGQwSmY5Mm1KdE9vMU1PUkZXOVU5TkNGazJKalUrVTFPZVRtY2x5T1dKZFhqdzh5YjhuQWdxR3o3SXpDUmRKd3lsUGJhWkhDWlliTTJEbW50QmdaS2sxbVZNeTRQeTBrYWFYMUZsYkQvbkxtakU2QVpRRFRrTDU4NmJ5Ymp5UVkrSVp2UWFIYWZlRHl6YWpLQkRBUjdGdGZoalNYczh2T3NaVU5WaXdFNzFpZks1cStweFNrYkVFTERtMXZTV25RcU9RQWJmYW1LdThhOGoxNG4zaEVnSlJQR0ZKdGVMNThRUTFWNWo0MmowcVF0RSsrVytROW5ISkFaaFlYcDE5TUZNbkpNWHBkSW5JaHIzWlJOZzFpcXlhME8xbFVWQ1p4dkgzQUxFTnVWdUxoWDdDcWp3VXFRYUdNOTRxaVZzWGZCaFVUMUxsVEdLNitzeW9teGpVdHpYTk8wY2RRWFJBaURnU1Q2NmRFWGsrRmRmWnF6ekRERHRIMnR5VGxPVVNUdElmUHNnWDJxQWFLeEJibXJ5V1BaWTBLUEdhL1FQbHQ2UG4yK2hxT0xNM21lU0UyTFNPTmlxeE45R3dGNXdlQkdFWFZraGhVcGFrYW12NWdXUEllOE5uK3R3UFhXSVNKQ1ovU25tbDZzcVRFRnZUUFZJM2VIMzlrcEppK0NzNUwrYkVGZndLbysvSHpoTkt6YXFqOWpITjNuTlpXVjhHNEVPT2tRZjVyRi92aTdRSHJEaXdiWEJXT21pMmRiVG1kNFkxYmN3Tjh4Uk1zendzcXIyeDZ3QzB6RWFZdXJmTHlmM2gyU3RYb0hGRk03WVBKMjZoNm0xU0Q2WnZDR1dnbEhJWnVMOHdra2gweldpMnljMm5Pd0lQRjdOc2FiWDBMa3JQc0tJdDIxWEpZUW5HMGY1YU1vTEJsc2hSSGpZcHJQWHpNaGk2dFFTYnBJRGFndkQyMHJvaHJUT2EvNFBVZ3FnSkI3dVBxWEpjei9KTi9NSVQzWXZ5SnhJQVIxc1ZVbUpsREcxOUEvREJVWEE5alkyT21Od25aTDBNQjhBdUpxN0l6OG5JR2lWOHlNL2xhOENNQlVYM1ovbGhGVG9HY1NqVGxHSmluOGtRRnI0WHNBcWJsMzAzRXFCSFNCajFIRFNaQURRTXU3NEs2NGo3c0hQelRqaXdMeWQ4NFhTRjh1SmNzeTdCNEgwOXpYU1o1cUNMNDd0d2NLakNWb3VHamY2RGx5TXExL2orNm5FVElwdGxMT01EUnpxQVBMVWV5dDlzeUE3Z1dOTkxQcEZmRkVJeWpWaURROFNQTlJCd0QxMzZBdmZQRitOWUljWUs5dXd5YngxNWhwdVJ6UHY3eFMva0VaSzhFZVh3N3pDVWdEanFUYUVmcFVZeHkxOFQ3OWxHYzlQQzd4RzEwc2RRdXFTa2k4b2pyMWxNaUVEb1N0eE5lSDVvL2lQbXBxTTNHTkdSZGs4K0k5bDZTSm5ud2QzbjBIME9XandFNE5QR0I0ckRlRTdoVURBMjhrQVhsZkJUMncvWlZQRjlVdVRqbHEyaWpTU3dQbFdHOGc0SytqeGVwQUY0MUFPUzBEZ0krbE9PV1BxQnZITWM2amxCWkhwZDVWazdtbFVwSFFjREJYeGxSWmI5UHdKcVNNVlp0UlhDWElMOG5DUXV2OGlBcndaQ3VyOEtyTU1nRmZFT2U0LzFhblRmTmZsV08rTG9YSzBDWGlGdnpiTThwQnFqbDdGNlFHRHVvRSt6Q0JDL2dyM1NNT1gwUVFEWmlIcTRCdERYdVMrZFBCSDU2WjZMS1h4L0xUaHNsZVV5ZXlDeGtMOFFocTBtMktuZEptUmVUa0s4cit4Nk9IRFVuMXh4WDRBeUhjd0NOelduRjRtR3pFTk41UWJHMTFyczd4cm1PVHovSVkwZGNCa3Y2VUFlN01vUXFXWll5MDkxUU9Kakt4UFJCUlhhS3hMemFpSzhKbXRUc0x4QS9zN0syZXUyN3NsYUtqY2Nob2RnRDhNTSt1RW5XZWVmcllhRmdpOENzdXVUWlRFa2ZQTjJkVFc4OGFzL3hTVzJOcXhLOEVJeG96MXZrSFN0eENkem9jMzBZOXQ4UzBSTmY5TFlzeXhvcGpKY1h3ekJiTHo3Vm1pR0lkNW5VdlBQMkxOS1NhV3B0YVRtTmVESzRXcnJBV0toYnVKcGpQeU5pUXJJS1lhVFRmYUR2N3FLK3VKcGxQUGpwMEJvV1pkZE0zZG83TDFrbFNEVXRWWXdvQVJ6SURKdkI2b1hPVTh6TzMxQkhUUFNuT3gwSXJpbVN5TVk2RWc4VWJGZWZET1cvQVRYWVlydjBvUW8xQ1BjRXQxKytVVC9pQi9HUm9zRUczNHBMOVgxOUhUM0xMVFlaK2dNZXVvamp3SG41TTc2eHJvQm9lWmtkek9rTEloVWY5aURwdy9tbDlKeVhQd1l4YjJyM0hVQUk3K29ESU9aYiszd0JxL0wyeTB2NXZYWDVGVXNIUjlmYUFxa1ZhQ01Dcmt5SzJSWWN1czRLQ3d0TUkrQVhobDIzbGJNeWl4QStPeWVMTEJFbmVxL1RJSU9SSFg1Z25wRXBObWhxZG1BcDBLYW5sSGlEY1NWVzVLYkdzRzZiVzBrREM5VmhkbFFnajdLRVpkZjlMUTdCMHk1bVpWSjJleU04Zm9vTkdVelhsQ0wxSG1UU083bXBDcTlHTy8rUHZ4V0dLV2V6OGgwa081ZUJVVmFKZmJpMTVOd1Q1MU44aGtiMmxIamRPOWRmeUorcVNXQXNFaGVLV2YzKzcrbWE3NlN2OURKTDNrRElLaHhMeEd3QmY3TGdhNVZhVnVtTDROZlFObWw4dHRFcUIrWDRBVmFlV09pM3dDU2lHdkIvVUpObVR0eTJDUTJTaHM0djRrOWxSTnhPWEdpOFNvdENSWWVPUncxYmRKSkVkTk1IZ1Y0V2NSQkNob1dWZnZZOHlXR2Fyc2dEcHlzanpYRnRnckN5WkprY3RwWWgxbjQxajFZWWlmcDd0RUxxNjFVNE1iRDMxWHAxRGxzNE9JR25zR3NOQ3hoQXFKR3FZbDdnbXZQSDRsNFY5R05jOHA5MmwySlFnRWpsdU4yczFLSFVBd2tGUW1DTUlqT3R6Q3FXVUgrWTh2ZWs5U1hnWDFpTzVsRWdKOUdKdFRjRW5pd0lDY2R0cDZCOVRRWGhoWFRVbStJOXVMZnB2aDhBbjNmc3E4ZHV5VlB6L2FmeTVsTmZlNE8xRG52QTlncW83SlcyTlBtQ0NqcTBNcmtPbjB3QjFJTFlvZmxCS2xzeFdsMVpYMGFkMmJTdm9acGdUL2NiYS9LV1U2bE5Jc3B4V0pob1RBT05Ec0IvTjZTazdjeFpzSi95dERZZEZiVFRSYmtwTzZWVXVhRVo0OUVCdEFZcE8rd0VjTTZpMjRZdWN4bHNRVHU2VkRZR2JsTmxPZDgrbTFoSTVrWnZvaURxaTVNZWdvMFBNUzB3by8wUVh5ZGZVeUR5VWdVYWVvcU04SVNmOVZTMHRzdVlKWENCbDRwbzFIREpwT2FHSzBEdGtqMDZiRE1NMk1YbXcwaG1CajdxTnNXQ1BDb1htMGVvZ1dKZjY0ZUdoMzNmUE5TSG0xQ1JBOEJPOHlFV2JzaHE4a2l5ZWJGbVYwSTRnNFhJZ2FPZFZpcHpWcUtOMDVtUTR5c1E3Q2w1TzJZcWlmSG9KcE1CK1A3Tjg4THg5NVNEb3gvdTVkemxJK09VU2svRXhNZ2twdDZuQ2dlaVIvK3FrNWZXWWRhUUhUUWRkMEd0SW9wZW9rNVZzNElrSDZhdWx1a3VKWUNHcXhtc09JSzM1R01rYkpPK1JodWNWd2V2cnpMakczdmdBSEFHNDZobDVjTVlReG5vNDM1NmFJbEs5QU9KUEFKT3A0UUphdXZNUk5saXFVQmRCSWVVOEZkMVcvZHpEMXNyUDk4bk5acHBtWHR4Nyt1cmljNzNhM2EvZXV1NHVOakFpdHB6NHFTcTJjSDlNZWEwSVNRR2d6Qml2WTZVKzhYR2MzMzZCUW1YS2NnWENtVXJCbkk1eFB0M0dHVUkwUDhvb3VxSlBuUklCWjdEanRMaDROZVVBaE5sMTQwWXZmYmtEa0lyRDRIeTRMdVl1bFRYZEVwSGJ5Z1J4Q214bjFoNGc1K2UxcFZaOUFSVExFK3Z4eDJOazRCM1BHNjlTY1hCc3JlaWhpS1k5RWFtNXkxTngzUjg4bm53d3k1WlRwM3R6NkZEb2w3UHd3cXduUHU0aUJXc2ExcXh6U2FrSUxtL2xxakVRZllWNlI3dEFhSkY3UVlhRXEwVW9Qc1BhMFpCSUNFZ3BzMlJ6UTI0cDhOUkwrNnQvcmhNMk4xNllIZjJmZUh6bU5tVW4wWFloeklBR0RyZUdLdXBWQS8rZHBUMzVDZEdtL3RqK2Q3aEtOMFJiMU1xWmpRdHU3Vmw0RktBQkN2Z0NvazhFejlyUFhzSFdURE92dllCWXdNZU1JUkxPMmpqclBUVkZlSVhLV1V0OG9GQzBrejB1NEtuR3hNSkhMTFNwY1JhSFUwemd0V0M3aE5sK214ODlORXBzRjNBUE10VVNSZDRUVUl3M3hlU3JhMkRZeVdGVGYrRXZIOHhhbGFqcmhXSmxnZHdBZDVib3lnSFdBY2VkNm8yWkhxWXFIRlRBN0FscWlhYitJQURYMy90azFoTlBJRjdiMDg2K2plOUw4MVR5UHFsRHpjTjJTNmcxV05zRkdRUHdDdWprdWl0c0dIRUUvdnFEd2NOQU80ZTIxZzR5cmhOcWV6VjVUMHVZUDVHT3prUWF4NzdZWGVvZVJTcWN2YmxkMEN2MjAyUHJTdWZDZkV6RC9id1RPUzlFckFiVjBmWHp6NVVEQjQ2azFVRkxwZWZkNEpHYlIwSy93TG9LdU1vVlRWUVdOSnE2eEhTZGlZUWQ3ciszWEhab2hXeXJhbGwzSlk3dWFIdjBJSFUwV2NnUFJqRFk1MWtiZ1lIVGMzK2wzYVJPL2pEUTQrMVovcGhxUE1lNXRkbE1hUTNNZ0FUMDYvNTAxZnJvMDNRTTJNQmZQOUZqbmpCdnB3ZnZVSnM4a3FsVTNFd2xVMm1XUWcvRDM2a0ZjNEovRGRiUDN3RlFFOFp4RWxJeUlhNmU4SlR3ZmV4MUxYeFkyQjgyd0trSTEzNjdYd3hxdzBqYUg2bE1RM0lsWDZzTHh6VTBkSndHa3hZSEdFZmUwRi9xcUJUSVlITXJUblBnZHF0TkVzWThRTEFFTUhCSnFRSEJkcnMrWjVzeVFoQkRPeXAzTDRlSVlFV0tDWmFnVFdOQm1EU2lSYkpSZG9TMnU2UEJselBKZ1VEb01XbnJzWGd4aXg3dTBnN1FEblZGS0ttR2dTMGVacGs2TEozZ1hJNnNiWU1hdytOSDA2TVY5MkZ3R0c3UmlXREdVYmdlR2xxeEszM0VhSks5NlEwd0p6N1dTTTRyMVI1dFNEUFVLbzhtbzh5d1dlZ0s0WlNVTjcxMGtvNWZXWXRMOTJIbm5BK3ZZcm5HRmU1S3ordEp0eWN5SnVQNGlaK09jRExCcTFacVdUWDExckNrNDkvV0k0aUZqdGJkdVFoY0lGVVQxbTlFRktNaFVSeldUcTUzaEk4SzhoNFVaYUZGcXBKR2FLMnJpOVNRb0Nqek5HYmdUWmZ1dERNRmpOUjFqcDlXMzhIZit2QnFmS2lqM0lBN0pic0VqaVJ2bnFpSmhuYTBQOUUrdGJlcERWUVFEUlNzc09nSEkxVDZWRDBGSWRuNGdtL0x2Z2RBcE1ZbWxVa2VKalJtSENHSzlCQWkrOENuTHdvSkZiSGJmeUhpQVJLTTB3Z1hjeVNFNVhIVW5hTTIwZVdhZU5OL2NmQUVzMTBXWDNWclgvSlZtZ1B3K3B4R0tNVGYvNTJ0K0d1ZnJ5akRqQ29QR05VMjFaVFF0eXVKV1F1WXptL29EWkxiZDQzazlqek9rWUI1RzlrelN2WlFhZUpZM3k4NVpUOUVnQXp4VTdYcjA2dGcvcmd3SHpKRFhRVDVQRlFoWlcwT2ozbEk0bVdsSktnQktFbkFlSnBWTVR3WEx4WVM5YTE4bTlZTDI3RnExbGEzSHA1KzkvbWMzUEtXY2cyOVVSMUdaWlAzZmxtbjFqK0lyNHM1YXZRak9qTXBodU1GVGIvVWd3eEpBL0F0VUJkRWJXZU90ZUlhMnd6bjZYR0lEa2Ewc3JwNFJ3Z201Z3E3QnU2RFMyd3JHbVNCS0djS2ZaSlIxdloyT0FIR3lYNVd5VE1VeGhpOEpSVnl3b0JnOThCemY1ZFpab2VEcVM5T2pPNWl0aGpxdnZiejJwa0FBZTJUVnZnMkFMaC85N01YbDVHRVpVbFkzWDlIYmwrYTZGbHdRT3BhbjZPRTVkN2IyVW4zVG5WYXdmSFZMajA5STFEQTNrcGR4Y05vdXovWXdubkV6Skl2bW9aOEhobGhJR1hENUJldDN3bmgyVDFBTGs3d1ZneE13T3I0Y1dhSzAyVnNVVE1oSnBoTXdSazU3VGFzVEl1MnFJUkpKeHRYM0REMWRRRzYwM2x2UXpLWllNOFJhNVBjbFJqaGVibDRwejFGT1pycnJURDNMOWo2MjZVU3NCdjUyWkwzNGdFSEpOMzViTE93c2d3Vis2MUJUakw4L3NWZ0JraHkxZEpHc0tEUUJDWXM5MnJWY09hM1Z5dlQ0SWdDZ1JjRUdBZEtySCtscW1RMGV5aHZxeUZCR1Z4LzhBZXlWeHI1MElmR2M4Qll0M2VObWRTeHFNUmQzVC9sb1lHL1hhQ3RkM1UvUTlOMmY4dGRKK1N0OVdnR21WNGJLSWxQTktienVTWnFUaEVWaWlka3hLdDlMZmhOVmNIQi85TFB0SENobWVrcGw3eVdReHlhVXFGbTE4VGZlZE51QStLOWNia2ozTEFZTWxMU0t1YnhldXFUNkpDRkt2L3lLU3BHUHEvT1F1ejZBK0xwK3F3TUdySFRyTU50QkRxVlFrcGttelBqU21JUDJkb3RXcGVvaU91cEJrVTFPWTBUekdNQ053Mk93L2lXT1lxMFJsUm11WXBFWmIwRGRuekhPYlZuVG92WU9HZnhpSmE0MDBFWVAydlNiV3hoOFJJVWQ2VWNDY0ExQVdOalNGRjdzcElkY296VnNCUjMvaWdZdnd0VC92aW9mWDNxcWNuclc1REtFQ0hxTlBFZ0FWNHhqdGV1c3J4UW5rNzgxNGJVMkhHWmhLbStDaHBWbkw2KzFZUEZFY0d4Qk0xMC91UXVydjhKZXBPYjVqNXdqVnd4N1EzQ0RXUHNyTDNmKzNLRjlueDNnZ3dHQlR1SzY4VmMzQitIbWhoWFU3MXU0K2R5UWIxQi9DVGxPV1JRbjN4VWtjTlBvTjdyRFcxVGVFb21ZVk9TQzJjdmxlZ0g0WC9RS1VUb21xbXUzTCtHakhsQU9uZmlSalNhQ25aRU9HQnlGQnp1aGlZVldIOTNNYnVrTUdxenE5RXBBMkE1L2VHZ0U3VG1UbGdrZ3BGNEo1RUJ4amk4QVdDbHBMTCt3L2NrK1g0bVlKREVOQ2xvQ0pGWHBTUCswT0NtMzQxd1JzZ0FLeU9ObUR3a2NEN2R1aWZYZlpJTnMvN2x5UDRvZjhIamtQTHltTzlNUXdSRUZlSktqUVpTWjBzZFBUeWxoRGFPVDQwVnArd3h6YzlieXQ0OXpaWUo5ZzVuWHRvV3Z0U1RVWlBYMnpmK2pJSzVISmZRRFhITVpadjdzZjl1UE5nQ1Z0cVRuUHpOeGd2WUtHK3U3V01qYWtUcG1wTEZyNDVtN0E4eHlaUmgrZFVXYWlFK01rMDFNQXdRMlRXSm8wTFAwNlNJd2g1R0pyek1EMWxrVTRVeTdMSWJzWEpxQTB6VHVsUDZnT1lFNFNxbUxXVkxKY2tMWGxuWlN0aFh2QUxNVUdhbXU0K3dybk9zTFpUMFB0L1pnenRDY0Q4VlB2YlNjVnRKNVFJMEgrQTBZdzlVc1VtOENGUTQ1RlhBSFh1VGE4dDltSWhERTc3SHNIMk84K3VBVStaU2ExWjh4MFJYUmw0Y2QyRmJqYlVYcHF2dXpURTdGWEVFRHJpREpUbnZVKzJ1RGdCQU9VdHBLWTdnRlNVNS94RDB4K3ZieHcyQlBMcVMxMmJ0RlhzMnZ3RmM4U1k4RzJ5aWxsTktmK2UzODNvTHdXek5pZHRsL0VMMzY0aDl5aGVLYTRmb3YrbWEvRWxOSVVER2VBSFBrMmhKR293L1JnZW9tL0FnTnlHWDM0b2xHWU5yVmtWM0d1YnBqZ2lTaW5HcmM3UGxONnJCSGJrOUIzaXRCa3EzSUx2Tzg2ZnBzZ3ZZNEZLdEE2K3piTWlwVitHc1ZISGZBS281K1pxM0ZPb0tSd1ozc2RCRzUvZmRiVVlwVnVqQXN6M0huRFBsZmpCRGtVM2Rob05FUStwWVpOSUlLTzk4L2Q1UElvMEJ1aHI2amVZUXNlYWRWWTZXK05TVkw5UmpwWG5vQWNOTWY3QUdYQUJnTm5PVTgzc1VmeHUvZVQ0V3RTa2d3MGYrSWNWem1SZktUUHpVN2QxbHlzSkRmVUtPYThJZnNaT1VQWFVIOUFTYVRJOVFRSko3SzF3NERZMmhrb2JoRWFwY2ZzZUVMMTYxWkVtUGsweWQ2dzBBZUVvdW9keEpiWFdRcWVMZXF0NDB2b2lRMGxoK2xKQ2JadThJNlNGMk9rYTlTY2dUQ3hKQURidHBCRHdTc2E0Sk5EZ1dHeUdvYUw3NXE3aHpwSUs2TGVScWxWUmN3V0poSUErOUJqNWV2WXZMVWdqMTFhRDVzMEhnUit5NFN0YUkvb0R1Q2N6cE1QbkFXZUw2SWpWNWhBcTFsaXNHbHlwU1MvUWNqcjQwSm40ZEc5NXRmNG02WXp3UDZDbXovMHdPcTY0MzhxaWRndzhBNUhkV2ljWUUwcnZJWUxJcTA1LzNKRDRITDV3bXhRTkF3RW5TS0F5VGtoNFJzem5HZjFjWHJISGNHWmp6TzF0QTZCSjI2QmRVUktFNjJEL2FpZW9YanFNa1ZoKzdORVAxclJDdnZjeWQyenFnVHV1ZTRlb3R2c3l3c1gyRzdwYkFkaW9sREVNMHRRL01ydW5nenhEZXpLOVc4d29FamdVcng5T3QxR1R5R3hvS1JXSHNrYkoxUjEzSUl0MWcwUkVKVExyS2tPU2N6azVyM0J0NGIySDlyNVF2ekZXV2J6K21Qamt5T2FNd09PeVR2WVFUMUpNZ2hPdUlqcU54VWV5UVloZzJ5ZWhoZlRyVzMxSWFHSTB1d3F5WkVBMitXRTd3cUI3RmhUNFVad2ZuL3pwc3NaMVE4YU9oYnJpNWxZNytRc04rOHhIdXFNNVdLYzBjWXhYcUZhWjRWcU1wckhBVHpOaEF0TE1aSmd5Q09tTjUvM1B4blFIQ1JnSGhwd3BCR0UwR0IraFpzUDJzam52RHdDM2Q0dHdiRVMvSGNVYVVRdGZDbkpRcDErTnBRcVRYM2I2ZFozOWFuUU1EbHd1NnN4NUhjbWdaSzB3cldvRmRpc3o4MlJrci9hRVFNaHR3aDdZY3hxQVBnSWJPZzVBd2paSFRLMkhEZnFiM1lOb1BWKzhIRk1JdHVLeVRQaGcvakMvaDRacnF2NnowZzVxQTh3MUQvVHVpZUVIdkliZzc5YXkwRE9LcDdxQitwTlM4UEdmNHhsOHdsSUUxcGlFMjhOeG0wM01iYlA4RUlhOTY4LytJRkdEZXIvSkxiSHRvRGR0a3htZXJ4U0R1c08vTTRCYTQvZENIUWtidDdsQllPdzZrWVlRUHZJSC9wZERxNHhoM242eWNRVWtvWlBOK1NvRklvMlNCdkdFaE9tRVBIa01vdGdEZ3M3RnZSelZITXNiZGJEM2RiTnFNZ3hHU1h1YW9ESkpZdldWVW9GTmNaSXExZHJrZ2QvSzJhekNHQVdLTS9jSUNQaHJ4SkRONFJIbXFhd2Z6VWY0QUR2Yy9DUDFjWVBVL3lBWVU2V2RZY0FVY1A2b0lnVS9IdmhuemhtazJjbTlpblNPUUo1bXQxUkJHdUQ2LzNUQ2xTZzJIY25FUDR3TE9nRkdxU3d1eVVYem9WWFBKY0NFeDFVUkRGVmJsRWlPS0hJdUo4UjZyekxhaWowUTNCV2tKYTBoOFlReUNvdzNDTkxwU1RUNzBFNER4MDNxTEd3MXZOVVdQdC92VG1ta1doNkpIcU5XUWdqaGxxNm84R1RMSlF2Uk9od3ZIZkhZakFlZW1LVlhSVmZQR0hvWW14S2NiOVJ6N0ZMTS9kV1RkUVo3WWduN1lmTE8xbXUxQ0lEUm1BK0xJM3gvUG1zbnZqME9nWDZnRU5aS1l6cEZTRUp3Vkh4MFEzd3VnS3ZibWx1ZDBGc0xldG16QWx1OHJqQWtuNHlDVVBqRHRBL1lnaUVVVVBTTHQyNDJ2Qlh2aDZVSU1nRmVEMzlnRWQ2MUcySFg3Vmx1ODdaRFJqSGpDc0E2WFRTakdwVmdmTnNhdkhEcSt5VVF5eW11dEJtcERtUkJ2RE1xQ05xdEVkaEdCL1Z3Sy93Q0RWWWQ0YnlTVml3YVpEVXI1VzdaRVFnL0ZJNWllaG5KZS82bjFlSDVrTGltb2tqL1g4WjNFd0ZJQ1A1Wkpua0Q3S1JLU2RWcUhWaFliYWVLVE5ONlhvV1NaSXJhaVJIeG5IcUdPMHBDRkdNbFdrMnBQQmQ2Zmthd3gwZ3pXdlpUMkpGNkp4dXlNRkJUZyt4TFowL29rNkdISXJ5SFFacTZOWXkyNFg5V2t3NExUZmZEcjlyOG9Zc29GNm93dVV2WG50TzJMZVJMV3I3VXlHZ2lkaHMwU3hCdlFVOU95ZjFHdjFOOGd3R1JrN2hsdmJIKzB4RGFKVzFSaXFmWDdLRm43V2phWjFQSmJxaktPNUZyOVEwM3dYcytBbkdjMFNBSG55ZjBZOWZIeDZBeitUSTdWVzVFamRZbEZJYWZ2TmxIM3FNMllvbVNtdGZHSjhFK3dDZU5CU1hBTE9lT2lxTmF4MU1aU2sxZDZBb2ppaldrd2NwN1d0U0VhWlVmWEZTWmx6MzM2SEJWZmVWVWU4b0E1OU9WSzNwL0ZuNmVET3lyQTVmOFo5YitFWEFBVTczOWNNV0FncUxVaGh4ZitGNDRCMDBqOEFkaGVEUzV1MmwxSDZsZ3lVaFJmdkkvMXZrZXJ0c0RoN3U4Qysrc1d4N0ZCTmkzQ1JudEJXN0NaV2F5cWRrZU4zV29EQ1Y4SkJDMEFoZFFGRWVmb05TekJ5Qzg3d1BNcU1jc09OWmNhNzNUalVCeUVrdk1BQ2VieFJKbC9GRFJoSGFvZU5iRmY0ODFZNWs5TW80d2JyNlVuV3pHM01HQk9nUnhTL3NhUkd6b0lsckhxclZORkMxYXpYcEV1MjhqTDUydi94Y0t3RHN5VkIyY2ZERnNxaVVPOEFjWTFwOUluRThBOCtYSXB4YktNSkU0TFNVdWVnckU4eXlkZmtMbTVGMEIwN0hadVFGWklFaFB3VXdaamJSYzZVODMzNW9LMTlOYXMyemIzRFBvRU8rWlhmTlJJTkNYb3ZHb0xLTlBVV0ttUWplTGYxNjJZRFFtOTUzT1VreTFWNmgwQ2Nwb1kzL08xZE40K05kMS9JdjNqcVVVcXFtdEd2anpWZ2ZjVEJoMHFheFRKWEZHWFZ1QmNZK2ozOVBJdGplUWZGQ0RMcXowcjgwblhHYnZEczcwTzZTM3RDZXkyRnU4WDB2eG96WE5mMFpUYWR3MW9rQWJJVXFwN0FCRll6djhiL1JkWmlFSUR2dENKZElPd2dHZGVFSFdlMW5JOU81ZUhNQ29tQys3WGkxT1NHcUJBVUxTSlJIb04xVVJUU3ZIeVlzZ0JBUFZLSjlsUFhPMXVLMi9HNnpFQnlmZ2Z0NURnejhoWVZmc056ek42azljS000QXI1WGREYTlSQkhmOSsweWtTbFVmcmFwalpGK3RsZzVraTlMZzFiTE43cSs3ZFBTak5RajBPU3RIRURwdzEwQ3dYRjZpWjVpWWRVUUk0RXMwNklqWUZ4OUJMZkNPYUJTNlRUVktGa0QwMThVN00rd2JtMitaTFNFdG9Cb3BZU29kREg3Y2NNMThPTnZsUGFtd09VQkJWQSt3UTQ2MU9zeVI3d1ltVlh1YXo5ejM4NHB4OE1OMzBtWURyUVdHOWN0aTd5UTFwdGk5eUkzYUhpMHFOYmlHdjRzK2FuY2xQOVZRVC83cXpsNDN1QkJvbXJEYmw0Ni9haFBJRWQzM2JsRzhSM3d6T0ZlU3gxb2hob1k3UDB5Y2JBaDd1eXJNcllCWUFXR3l3ckVwUDY4R2wxcWhvMERlZWxyb1FIbmpDdW1FL1I1T3pmam1qaTBiSTlIZVI2QzlWc2szUkl0WDRQTG5Pb21vMStWM0t1eGVyakFnY1N3d3VQbDBvMDljclh5ZkVDVjdENXFyMjc3OFhCVXVsUFV5VENncTlxUTR4QS9qVWNISEpoSjIxNlVkN1EwbXVBSHdrMkxDLzBmSDNMeFVreThjSCt5SEV4K2s2enJ1MWozZ1VnTDl2MXo3TjdYMTVGRVlJMEQwd1EzeDZ4ZVNhRlBwR2JQOEF6VlViOEsxVFo1cUFQM0VaMnRpMlpiK0N5MElaZm43MnNxNXRsN3FNc2ZuOHBNWnlJSXJ1UHU3b0NBTVQwZUl0OHJVci93RGZDUk10ajllY3UvZVY2WFF6bmVSK0syV3g1MEZhSnkvQXJFeWNmR2RoeWFQc1NmRy9IbWJOM1RmMndLK2NBOTUzcEV2Q0VETWtrMkRIZVByS1phMkxiVXlBd3UrM1lBdldpZjhzSzZwSG56MmtRTWdFbjJCeVBDT1VtYnJoRXB1RVZWNnpsWVB6WGpFSlZDU0dMQWJZeTlKNmxQOEdTWmFYYUVmRFVpeVNlaktMWXJCNDhMWjhVV3AvQ0VsSHhSbEx6YllyUmk2R3h3RFV3V2x5K2pLRlJvcGpjL1RSU3FNVCtrZVdhQXBOVWhLeXNhNnRFUGpEL2RFcGQ0V3VoVitRL0FpaS91SHA1NnBDNUZ6a2NmeFlvM3VrdXNuZWp2b0pOSW5ZV0JEYUpVTTBZT2duWFl6SnN6cWlkaFptV3krMHI4RU1GRFVSVEF5Vy9zWGVHMlc4ZTVENUZSb0JoZFFZeE9aUUhJbnBMMEErNXhYUUFtQUM1cVFzOTBrZHF5Zk0wZFBkK2UzYUI4cVI3Q2hPY0Z2NUQ2NmdKVVVBNmdrek5zQnVvSUlpa0J0dlVITzNvaTJLQTE0bUYreG5wYjY0TEtzZXNzZkFGaUE4QzlYWkVTd0Q3cXdrSEJHTURQVHdMUHFLSXhqcUpFQjhpSzRvZkJEYWthbm9WK1FHb3o4V01oNkJwMm96bWM4TFp5U3JJYVY0MnZ4SW1McktOaE8xUUhuNTAvamFPWlNiV2RJUE1UM1BlRVFVdnBocUVmR0ZPNXZ4TXNLTXRuZzEwN0VTQVcvVWdEeUtBZG1kcllOd3NTWlh4RlVOMkF2UUJIRGw0RkhCZWU3TWVjUHZUYnhGWXZOS0pEQ3FnTmttMEdpa1hvdlVEeGNDYTE3Z3c4Z1JCM3IwUGtiWGs5SEJ3RWVqTjh0RFJ5akt6cm9pcS9DamR6Q0daeEhtalJrWm83WDBMU1BTbU5wd25yTUNPeGQzWnBUalBjY1dBVDRPazlYcG91OVArc1VQRkZsdm5lV3JtYXN3ZG05eWFJRjVOSDVZd0R0WmxpWkR4Mk14TUdwT3RvaHJTbHE1enZlOCtxdXBNWmhCcHNCRUd1SWxEU0dBN2RlcGorK2l5bW5HQjRMZS9YTXpwbVJUMC9mMjYxeFU3b0xGVmNNQ2EvUFRXQWgwM0xJNmhac2tXVzNmeDFVZkZOcE1QY1Y3eE5rc1hyaFVKbzdXdXRQOCtIZ2RRZFFCTjZ1TTltbDZUb2J2RzhGekxWNlJrTm9ibjZBMjV0RVZVR2s1dGpFQ1A5RWg3ejdOSm93UmQ5SjhrRGx2M1RMY013d0FySStrdVlQZEhwYmdjRWtOZHpzemUxNENJMjd3YlJNbDJUcWxZWFcxWnpOaU1jVE5IOGIwV3JEcXZnZ25BOU1hRElOcjljOVdiVVBFRUV3NXlRRkRXL2NiY1lBaW9jRXRWbmF4czMzandRVHlUa2QyUDF3bVRtSXhrVk9qQ3JQYk80b2JJU3hpSEg3OU90ekdHY0lFMWgzS3BxZTRlUyswanYzNVdXUVoxWHlackdvZ3huYjJXZz06OtrWw/3OD5xYQ6COggXCUzI=','2018-12-18 20:44:13','0000-00-00 00:00:00');
INSERT INTO `employees` VALUES (13,98798788,69,22,57,95,'M','Q0czQlZuQUw0NXJmekFTWXUzclA5eWF1d3o0QkZJVlkreXZ0YklLZGJ5SmlONUh6ditIdmVZaDVybVhsS1lKVGxKVDFTMWJPVUtaRlZZeEEvdnNmL2VFZk5CYUNpWG1Pc3hsOHc2QXNWNjRRR0dSakpXeEdlUG0rNlhjRVZ4NmhMMllILzZ2cHJvcHl1cWpHY0xQZzlxeTV5ZkpJamxzT0lMaTB0Q09PV2JnMTk3TVl1Q1FaSzc3cWlDTEZYdWZJK0g1bXdwUzc5NHRFaGloOTN2VWxBY2g3c2gxRndvMVZIR0NXOWV4bkpiYWNMUERYWm81MnZCN24vN0JaYXhKRnlZOGNHR1dmM0pDMmFQRDRPMTdySzQ5NGRrYXRZM0pWampSRE5rYVFuc3hCOHh1WHNXQnFxRFFIL0FaY0VhbEFpV2hTa0s5QTE1UVRKQ0pIVzJwOEtNNXFhKzFienZ0NVZaSm1WTHQ0RmcyUWx1eGpkVWxaaTR6b2k3NDRScVRoUWdWcFJEa3c0VnQ5NW9SSjcwNUJVNXM0ZndnNHFMa2RlNzBoVndYZzR4eUxaek9LVzYwMzFZUFJoUGlrVU1LRXltVGNicmtHN250VVBac09hNlZRbnVmcDVaYWxxYTN0M2xzQ2NQRkkrNHBOczZaWkhIejREQXh1aGFFcWI3VFo4ZUNwMWJuWmZBK29pUlM1dFdQbGZWUkJoS2RzalRRcTB4WEh4M2dJU3RodGNvSUZWRmt1ajlmM1dXUkZLK1VqM2RMSjBjNTVwUm9ZQWZlMDVxMitBRVQraHJRRkV0RGZLYkcxekxMTXpHMm5sbXpveXkzc01YR1ZhZEZ0VHovY3hIN1EyQ3oxQVdhQzBHOTJWZmhMMG1ZVTNlYkdUc0N5WTd0czVydWs3NU5RZzhaNExVVXZQekREK0tCdmFvTDd6MkV1NUF0aHk4YzZEckhhLzVzWVRLbHBScGZYdzhqTkVpWDNwS0JxVnZvbnJUR1VyMmJXUjBwaFkyOVZqTGw0QkpoRUd2S3E5SHJmV1hYV05scVducjZkU20xdGM0U085dFkyQVhrNkRQZVJMZ2RJVE5LcUwxMlpiMGdmalFldThKaHZVVFh4WFhoMU0vU2hwU0YxL05SbWtMdG56aEVaSFdJYnJJLy93Z0NWb3dkWU43eW9RSWIySitFZ1B3VmlmeFNvTXhDMmZRWGlpWmdxVlFlaDJkdU9iajR2T05vc0lIY0ZMZ0VIa0ZEQzN3UmxOS3pMbjZKOXdlR1VuL1VMVitQYUlEa1NPWUVOVk5wUUNzaUJEMjFqOFJnUmVBVnFtWmJFTCswMGczbU5wMzFoTmJCNkg0QlJmTGk5SHc0RnhYK0wwOGpMNFprb3QyenZpL0ZrUFVLMXVEeEVDSkIzWng5bVN2OEt2bHlPNWxyQUZmdU4vNWVoVEF6NXRWY1hEbUN0dTBmdjFlSWNTYmx1WVR1SSt6djlQck1LeFg1Y2JuSlF2cWkyNmNLajRpU1lCbmgrTDZIdUdOdDQzeDg2cTJjYWFZaVJsMkFUY1FRcDVuV3A3QWRFSHgyaEVzTEZEeEFFczBuNlFVTmVRS3o1S2FQV21yaXYwdXA2bVBJM0MvWDZMRmp4WDFEbzNQLzV4OWd2RkNYeW43THBUZ3VUaS9aS3Q0cXcvZFYvRmZmcklENUpxSUxVdjREWEVmVFpBeXYwYkFSUDRRYWxTbWJCbnA4U2ptdG9MY0dVam4wblcyYXQ3blA5bjViWVh4MXVwUm02THRSOXpZMk5lelhLbGw5R00yUEpxZWM0cGxnSXl5MmJGdnh5c3Y1Zis4Rll5bzVWVlR5MTkwTXRKeTlGT1ZHUXd2dDJqU2JtRStGaEs1aVlRelF3Vlg0ZCs3V0VBTk4yL3YwODdwNVJsRmVjUmpqOWRCSStsRHNteEcxT1ZWb2hhR00zZ2VXeFJTMXlJYVZBQVh4SEJsWFVvT29jcGdOTXdMQ0ltbEV4VUZQdWxxTGFiN2JmVmt6S0xkQk9FbGtGOWE5RkpCcGpFK0I2WnAzRGxvK3VPQm12amtUR3E0cVMvN2JnNnF4WTRBWmVVTU1jd2VJRUpuSEg0dm53OTc5aXdTdzRFVmo2L2d3MjFLREpFa3F2alZoVGx5YXVKL0xrSG1CRkltWjlhVmUzRUFCaGZ3M1hWR0tuQUZVUG9FM2dDYVBKVEVNRlErdkQ5eThPaVo1K2doVWZDZ0h3MlVyUWhLZVpUOHYwK3RGS1FmYjliZ00vM0xpTlJ0NSt4aXNUemRqcnAvZFZSTnU1WjBLY0pLUXpDbXV4cnRBVEo2RFQxK014ME93RHQ1Sk5pUUg4NHNOZzlXVFlTc3JSbTNVSU5DRWFQK0FJVDU5REt1eWlnYmlIVmNXc2FXRXJJUDJaNk5lMng2QjdSMlJ3c2Q3SjNNdXhpNllFcGNmMDlKbjhTbkJMUkZHVDN5MEQyRUhZVkRvUDJnZ212MHQ2Z2xOOHFhUVR1aURNdzNHQm5Wa1F3d09nSXExeE5MajZKS05iVHJwVFR3WjNaZ24xaUZCYXMyYmhFS2lTWGd0RHNvUzQ4bjlXTFd1ZlpQc3ZpY3ZUbExVQnZxd0t0Zkk0L0kxeEVtVkRJVlh0SUgwYUR6SnhISkdPYXJjQVF4b1hiMTVWeXdoaTZXVHlSY2ROTXlrd0R2dVZoT3FzT2FGWVpZeXUyQTJnSHJMZEtUTlc1azd1SysyM3NyaEgwTkJFUzhHVlYxSXpoUFFZdFJYaDhTb0V1aFk0Tjc4czhNQWEwUktYRStObkd4ZG82dHAwbmxYcmhpV1ZZWEk4U3hsbW9oRVFkVXNRbjVXbklMSzdxTklUK21sT2I5NWxFeEh0L2JxcE5KekZxd1ZDUDUwSjh0YVpkTHBPNi9WYXNnWE85Unp3REY5Vlk3OXdocmJZRHl2Mm9kNWVEZ0JuZ0V0T3plVnhUbFJyT1E2NFVoN1hjWjYyYnhTZzJBbzdQSE1uZkhtZVd3RmJzMFQybGdXRzZTL2Z4WkdWS2pYQWpyaGp4OFl4SzhPcXNkNUNrNTNyUk9UdExDd3kwVHl2aEdXOWVHSUd3UU53YndZdzRPcGRkOGVjSGRQZVNPSDRYY1A2a1FjeDBVWDV3aks5R0RtNGRNSnowYjc3VjFsYTZDOWdPSHNnMmpkNzZacW4yaHFRaVdLdWFSM3VVbTJKd3UzTENmRkZ0NEZubUVxQlFGbmgzODh4TFlZdlNGYU8yZ1lBU2w5c0kzYzhGTVFmVVE1MTVZcEtya3Btc2EzZlFkNzJSZjlwMjUyOVdTcmxJUkMxU1FZOFFPZytyc0dmUjJuSzVrUVZaaVVmRngyNHBqUnY4b05XZFdRSUh3akxLVVQxRHZnMVdkejV3TUFrV3ozekI0dnhRU2pZVjhiekFHbC9OUU4zNFFIRlFYRWM0Mm1FSXpkM0RWTWZXQ1NuTGRzL2s2bjZxWU5oU2JnWURGSXZVYWs1cEM2aFREVXBvSjgxa3YrRjhTSnRBa0FWSjZ3SDRid0E2aTlPV0Z0QzdMRHR2SWVaU0dIRFlQT2puNkdTOXdmRkF5SUViVC9URWIxQ3ZDdm41WFVkYWdIOE5oNDJqZldNTVRhZkdrdDNYZHdqSXpVbHV0cXNtS09sRGd6bENsSGZFaS9neGNMd1plOHd0bzVBdWd4bjN6M0RuNjM5Z2N3ek9zTi9rMXIyYWgzbmdWNTRWZitKUzRkTXBxM1l4SnpkZ2ZWOE03TU1VSk1vb04vN0RUeklhSVc0b3lPVVhRYlNzNVE4OGhGaFlSYjlhaWFnRDM4RTBOSjhXbG1OUXlTWUVYK1FvTjVGRWNOLzE5ZW44bEJXcElqR1pQSHNTT293Tld4Ulk2bjhTVmVCSk4rR2tqL3pKNEg0dmw3b25CckswbkFYc2o2ZmM5ejh5eWhiY09BWVAvMUJNc1hyZHJ1Zml0WXNNM3NReFZXcnNnRXlkRktKZFFsTG5ZMDNTSVdhNURSejlRb3RLY3pPdW5GNzBSYUxTVWxQWThadzJTSU1LSnNqM3h6aDUrYXdzYWFSQ1pINm5XZlEyc0Y1YTBSbEl5NVo3cmJRc0FoTUxSRnBBSWhYZEJpK1h1L3NKNWM3V0llT3Z5a0xMbkZHS1RyS0FvL2JQSXJ1S3RrYjJjcGxOZ3poKzU0SVQrWnFEQnJqN0tzelJPcVdXSUtKdldPenR0cjNBMWp4S0tuWkRGM250RzgwekJZK09ZaXp2SVFUV0xiQjdrRElOdFhSZ0kvTE1FTnRLYWtWYjcyYkV2SEpIbDhKZDVyZUM4Y3czQnNTYXEyaCs1TDk4VFBHUEdJMkdUYU1pTUhzU0tiNHd5SFg3WXJjd2p2Q3VobDlmKy9vVjJLZkUwRWYzZFVsanNKT3BOTEluTWYxY1JtT0FQaGROaDY0SkpWMVdhN2Q4VTRwbWdVYnFGakxodzRNa3VqQ1MvcjYyT0ZPcXhDVXE5bStjbmNyeWZYMVp3Rmw3WlM3UFJldElJZEc3cFBRd2hIZW52OXpFZnRrTllhSDdUaU5qK3RSZlJPNi9yb3JsZEpTZmQrT3RCM3cwcmxrWDh0NFBQZnIzZEI1cy8vTkR0Znl6L2M2VWxYTFpkV3FvVVZtYzZHbEl3b0NETUIrT3h5Q1V0clVVeEUxVitmQkJRMTk1bHBkTkNOVkhZdXZNMlkrVXZ0U2xPOG40bEhVbDdieVhsd01xSHZXK0xWekJiVUlwaHI3eXNSMTlibFJTVjZneEpLcEdBN21DWjV4cW5XS2tNOWhHMUdLV0ovZnVwRGxuWWQxT3JiSFpoSmlobEFIUk90dmZidnpRYnV2YitvSUl0elNCMkJWRHRIRi9OamxRUENlaG1PdVFxNTZCc0w2ZFlIcDVLeFB4REw0dDZOODhhVjNtVXI4bUlwdUIvUDI5eURLY2xmdDFmTS9sL2dPWXd5b3BpNHp2UGdJbVZHYXNTN2FzNkhoUjgvK0Y5a3ZSSGpEOU91d0p2SmVFU3RpK0ovOU1kSGdJclFIZTZxZUxqTmpxZzBuVno1QkM1amZJMjh3NTBwTnRZTlpxaXlzSWhSU3lsNnR6NkREbEFRN1BhMVhMVjlhMDFBaUVzdFN5Y3dMOVZJOUVod0t0Z3R1TElGY29yZXcycmd4cTNpYzBPQnVpV1hWb2dVZU52dDltQnNDdDZDWHJlSmRBVDFVV0dGcG5mNmJTOWhhNTlrdTY4Nit6Q09GK1Q1Q1Bwc1E2UHhOTWJERVpIYThZNFhML2VJV0VPTjZqZFZBa3NoYkhRZHp4R1ZKdXVndHF4ZjFMdFFOZGV6Ym8xUkJyRSs1UG02ZkZCbFVGU29sMklNTGhQOUwrU1k3aDMzMzhyNncvZmtiR3hlRkVOSkVORStuS0pLbzM0WDBobkxaZjZ5eVNSV3hwZUtsTm5BZEUzRkxVRGZ1NFZaQ2VNbjdzdVU1RmdOdkZ0UFUva2JVVHdudnFROC80N0R0OXZBazZabStpb0QwR1lNcFhXWTJ2K1BVd1o3am1LZkJhUm5WaTJNOW5kUXVET2MvdGlGcVczU1JlUjlrYTFVZUtlK2tqdXdqRXlRZjJ6bUJ6U0l6cjhBcE9aRDFNRVl2Vm5QYStrZE5FRGlaczdnNFNpa0dPSjlMdURjdU9HbGpXQ3pvdm43Z3BrK2NIKzM3UjIwSHZ3bG9Uek1VUXBacXdCa1J3WEcwZTZnS0VDSG5GZ2ZTVE5QMDMxWEh2UUtCMGZXSk9zdlZ2Y0xmMUNWWmJsSEJDSFVyL2xQSEtrYjhzQkYybkRya1IveGs4S011emNnckpRNGhlV2RQVE5UTVVScEhqQ0JDeVJLajQyaGhiY2YrSll1bmUyMlVOWVFEdiszcTBIUnF0MnZCVFBURnRHcGxzeGxlaytTVnZxcCt1ZkFybjk0RXg1UEsyYm9DZmJJZ04yb0hkeVZBUzE0VE0wYjJjQXpwYXdURmFMN2k3UmdLVHhNaElwb05VVWNNaGVIcmZYRzJBdjE0dDR6eFVUT1NXYnBVTmp1VUFwUE93eEpqd2FaQ3pSVnlVSDUzbTBxanN2Wk41ckoyZ3NxOFhYNG8wN2FlZnhrVzZCN1gzSnVRMWN1aStpUllJSXZnNWNpVW1CVGh3VmZWSUZKZzFaSkgwaTR2eGdpU0p5Yk5mVUhOSU45SEJncmludEFjanF3NHJnN25jQk0wOWkvb0hKNXRzeGd4c1U2UFpvdzloMWhUS2pRZmRxN0pkaEl3L2F6ZXJzU0ZnZG5GQWduK0I0RlFZdDZJTnVKTTF1QlF3Mnd4RkwycG9XU1JLRWlwQW1KT0tha2M4a0VTZmEyK1lnY2NQdy9nUHVYMWxMNHVOVm1pWjQrWjZnL3dlL1hXeXFVS1FHUGd4Wno4N2xqSkxGN1lTeXJKdTBKMkc3U3h0LzRPbCtMMm0wa29Kb051cFVEbkU0eDNJbW12M2ZHQllMODJoTWVzM0hwdWpFdHo1eU9wVmV4Y1d3alpoYnNSVW5lSXNNTVl4M1llVHNwUEx3K0ladkE4UndoOTBIeC8rdGJ5dU1tYjVtS0hTdEtpVGN2eW5GQUhZdlk4VStmYW9OUFlqMi9DeE9INWFDNnYvWll6M2xhQUc3K0h6cnBwMGo5WHlRS1ZSdDZCWE5DZTRub0dWakxVSEk5KzVEcDNJYlAzUHR6a2g5b2lHVFVJVFhKS2NTZ0E4MEVtODE3ZzJDNU1NalQwTGM0ME9aVWRYYXR5cG9LUFZia1BCd25yYkptQTlzNkZRalZVZ0hYTHRpY2FkeEU3YnpmNDlPbnFvalhEbS9wdUhZN2cycHZrUjdzbHRqd0Q5bEdMeC9ZOVJpYkVEVjlHaFFJYUVlWmJHcW8xQXN0MFNCRmlRVWhBRE0zS0xwaEFWNzRrNllySTJUL0lzMU9KNTVpWlh0RkV0TWhEOGNpd1F5c0JyZ0l1MFpUMG1TaGJPcHlWcVNNY2Uya0tqWGNLdmxxblJnMWVmelJqTkVteVR3VVBtcjN5bEREaUNxZHlzWS9rM0Nsc0xRbFFYQUxGcDFYYXpYV2pNNzU5MXdiQnFURG1FUmlNeWhNcUdNZ1FkSzJQUXBJQXBIZW9PZGI2Yk91c0hTeWNkYXBBM0M0QmJ5ZVovSmErVGlhdVlCVWYzaTFNQk0wYnpHSjBOMWhVQUFhMFRPdVlFQWlQUkdWK2p5WTg0R05uUmlCTUVBcXhLR2Z0ZStySzBGNFd6WUFFV0NvanFLSk80S05lQU9ZVWU5OFZQc0lKYjNKcU1LdzJKZy9Ya1cxSmtuaVBoRExUcVBNVHZyRnhBZytQNlZGaDRhK3Z2Tk1odmM3RGhZb2ZuMWFtY2luK1FIT1lSdUxmS2tGYW9PUjB0TmxDaldPNklxUUpLVUtOejhUeUgyVVZFbHdZUFJBUUdacm83MzBlL2x4SExNYk8rWThaTXpZRlNrekp2WElqZUZSeU9UT2tSeDhSenpNQXJwNFU5R1A3TmdtTk11SHpUZFlXNDNYcDZqYThnY0ZTdjB2U253dXVPQUFiREZjRi9jMnljVE5Wd3ZucTB5S0oyQStFYVpkbTU0dHBHZDdGMU5jNmRSM2EwcXFsVjVadm9hci8vT0UxN1lkcmZtVkZmajZtZ0NTUG1iVGU2cFkvaUxvSUpZSG51cTlad0RXVTM1d3dPbWg1d2pQZG12dnMwdFk4eEdqVy85d3dvSjRhUS9XbFhXRldiREo2SjNmcS9JVEh6bHpNMm5RbFdJS1JESW5QRVc3UGM1cms3eG4xNEN5amtmWkZLbzc5R01iREl0VklGdkNsSHFHQ0drdHdNWFJyMHBKR0w5ZWZUSTJSWk5rcWNsT2g2Wnk1aXZmV2x6Q253Z09EWmpzNGlzSGhZWGJ1VG9IbVJ6WUNyWXZoM2IyS0EyZklXTDA2dTVTMlkrazBocCt2R1k2REhhaTFJSHNrWmZMNU1Nc0hNcFo1aVBSM0tnNnpxVVBNNmd4UVBZaDJvS0VsMlVvR2doMVhVdmMydHpPWGkrMHFYTjcrTzl0QnBkcEZIOEl6c3lpQjJFbHBrWnRNUFc0UnREckkwd1F4aGE0UXgxNE9IOWdML1c0YlBaUU5ueStDYkZ6VFVIZlFDa01rcEJIeFlnZWMxTVNFU25WYXZ2SGE0TmFkcE9TeHpJaTFVeXVCRk5SaWt5RTJ1NkIvQldiTzgyTEpHRU1ObmZ6THFET3RPZGlJMEx6OTI0K1ZGOWpETmhkbnFpMW84dE03MDRSOWJ6QU5BMGxRUHV1czdUTC94eEplYlJMR28rUjBOM005Vk83US9WTFNOMlRlZTJDR2lBQjZsVFdFcWZ2dzNmVHMrY0xVQXUzVWRHRWppc0FnRFR5dDBpck1oanpuamJsREpLUzNzZUhkcnIydDQ0SkJFOStFcFJmSzNrMFZlcHpVWEVBTGp3UjNUQjJOZkdaL3pmYXVZSGV6S1JlNko1N1lDcERnTkJyTk9GMUlvdVQycjZsTit5dURnRGRmcXp1dnd5b3c4dFQ2VmFscmdPWE81QnVSQjNuNjlBVHJUYTFuM2tzbkRVa2dQWUNXQ1o5bk1WcmhlaG1MU2t3aG95VUZFWVlYNVZpWjhLNFF3ZXc1TUFkN3dNZFZDVHhyR1Y2UUdtdHVEaXkrcU9BbkJSaUlqSWwydDMzQ0NOUUJEc05wN0diZ1dyQ3dWUk9lUkxrdk1Hb1pXN0NoTThyRHJHUnpqRHZLNmw0ZlBNSktncUxobFQxOGE4TFZrOEpMVjhiSDUvVGFJY2hqb3o2V3dRYWdKM284OUVGQ3ljM3U4dmpVSU96SytSdWJ5bkZMUUZidTh2bTlHcVp6aXZXL2lJNDJramowY3EvRkUzaE84RTVUUnRVdnpiR3FxR2hLNWpadkpkRFF4UW5FNS96NmVzdzYxUDZ5SVVHbzZ4em1UWmFsWS83Rk0xY3UzM2JaMVYwNTRYRnZrZVJ4K285UDZNU0JsTmRRVXVSUlhLRC95NDRWYnViNTFKNjhWMGU1c0N1STFMcXpacnRESWErcEE0Qlk2c2UrbC9CUnhrcWR1dWlxNmVJTzFYcEdjUzd4UGNhb2x0Ymk3cllYM0l5SzQ1Qk5yRWZlbUVDeXNyRVN3YWJLWDFid25MS0Y2MnRQVlNqdXRVZUFWR2tZdWVTWDBiWS9VZlp5NE93aGoxUnNMaC9BOGpnOTc2bFRQWFBXMmpuK29zZmNpMEcvQ3VmMnpqZ3VWU2N4TzloeUlFOEVFcmlrRHFhRGdlNForUzczdkw5NThjR2xhYmQ2NjdFYjNDRFJVY0o5ZEdoVFJISVFMeVQ2bTMwVGtUSmZZWGllZjlPam5kMVlaMS8xRytHQStRclNEelVPMFVIVk5wamp6ajE1MVdxL2R5MjFmSHRZaVIwcy9IVmpLMXRqOWJBN0c5N2tYSVFmZ0lxM3pJMjNnaW13VXJFREY2UVAyZzFNMXZaN1RyNisrT3lERmtmTG1MYnJySUVVNTkxS3QydmNLZnRsY0diTWRqSnFXYitFdi83c1JwQXRXV3Q4ZUh1aDRDWUpKODNIVGFuOUdMMmxZVFhkTXhPRnd5YVVGanc4QVZGUXU2VGVPWTM4VHdmSmFTYXhMaWh4OHRqWS9IKzJObG5vOE8wOHBPc1JlRXJCMHpYaTB4N2NQaDFUSHJCeVYwZlcwZDA0VUw2dHgvbTVHWmUxc2I1S3lka1V6Q01yWlJSVFYxMUNXMTJnRHNUZExGeldrWHpnS0lQR1hJN2pJaUZ3QjBEQTg0YjhmdjlDd09GZGVrQnhMZEZKRzduaWE1aHpobHE5UytzYUVwU1cxaDRVWWJNalpHb04ybU5nRUxEQU5WREpFSHNweVVqc3V3ZnFpZGZqMERsMjEySHVFK2RwYkFvOXBpRXBEMDlJbHhtK2liNjM5OG1kb25hSHdzSlpuS2tSTzNWdTFBbEdUdz09OjqsbAsxG/JfCK8WmJFZ/bHR','2018-12-30 02:35:18','0000-00-00 00:00:00');
UNLOCK TABLES;

-- Table structure for table `event_types`

DROP TABLE IF EXISTS `event_types`;
CREATE TABLE `event_types` (
  `event_type_id` int(11) NOT NULL AUTO_INCREMENT,
  `type` varchar(100) NOT NULL,
  `created_at` timestamp NOT NULL DEFAULT CURRENT_TIMESTAMP,
  `updated_at` timestamp NOT NULL DEFAULT '0000-00-00 00:00:00' ON UPDATE CURRENT_TIMESTAMP,
  `removed` tinyint(1) NOT NULL DEFAULT '0',
  PRIMARY KEY (`event_type_id`)
) ENGINE=InnoDB AUTO_INCREMENT=4 DEFAULT CHARSET=latin1;

-- Dumping data for table `event_types`

LOCK TABLES `event_types` WRITE;
INSERT INTO `event_types` VALUES (1,'Contest','2018-11-27 23:17:04','0000-00-00 00:00:00',0);
INSERT INTO `event_types` VALUES (2,'Seminars','2018-11-27 23:17:04','0000-00-00 00:00:00',0);
INSERT INTO `event_types` VALUES (3,'Program','2018-11-27 23:18:32','0000-00-00 00:00:00',0);
UNLOCK TABLES;

-- Table structure for table `events`

DROP TABLE IF EXISTS `events`;
CREATE TABLE `events` (
  `event_id` int(11) NOT NULL AUTO_INCREMENT,
  `event` varchar(100) NOT NULL,
  `event_type_id` int(11) NOT NULL,
  `attendance` tinyint(4) NOT NULL DEFAULT '0',
  `recipient_department` varchar(50) NOT NULL,
  `recipient_year_level` varchar(50) NOT NULL,
  `status_id` int(11) NOT NULL DEFAULT '3',
  `proposal` longtext NOT NULL,
  `requesting_party` varchar(100) NOT NULL,
  `account_id` int(11) NOT NULL,
  `date_of_use` text NOT NULL,
  `inclusive_time` varchar(50) NOT NULL,
  `event_img` varchar(255) DEFAULT 'images/ssc/event_default.jpeg',
  `created_at` timestamp NOT NULL DEFAULT CURRENT_TIMESTAMP,
  `updated_at` timestamp NOT NULL DEFAULT '0000-00-00 00:00:00' ON UPDATE CURRENT_TIMESTAMP,
  `removed` tinyint(4) NOT NULL,
  PRIMARY KEY (`event_id`)
) ENGINE=InnoDB AUTO_INCREMENT=20 DEFAULT CHARSET=latin1;

-- Dumping data for table `events`

LOCK TABLES `events` WRITE;
INSERT INTO `events` VALUES (4,'try 1',2,1,2,'2,3',1,'&lt;p&gt;123&lt;/p&gt;','Orlando P. Vincolado',1,'[\"2019-01-04\"]','14:31%12:31','images/ssc/event_default.jpeg','2019-01-03 10:39:48','2019-01-05 11:26:37',0);
INSERT INTO `events` VALUES (5,'try 2',1,1,'1,2','1,2',1,'&lt;p&gt;123123&lt;/p&gt;','Orlando P. Vincolado',1,'[\"2019-01-04\"]','12:31%12:31','images/ssc/event_default.jpeg','2019-01-03 10:43:08','2019-01-05 11:26:37',0);
INSERT INTO `events` VALUES (6,'try 3',1,1,2,1,1,'&lt;p&gt;123&lt;/p&gt;','Orlando P. Vincolado',1,'[\"2019-01-04\"]','01:00%13:00','images/ssc/event_default.jpeg','2019-01-03 11:02:36','2019-01-05 11:26:37',0);
INSERT INTO `events` VALUES (7,'try 5',2,1,1,1,1,'&lt;p&gt;123&lt;/p&gt;','Orlando P. Vincolado',1,'[\"2019-01-04\"]','01:01%12:31','images/ssc/event_default.jpeg','2019-01-03 11:07:28','2019-01-05 11:26:37',0);
INSERT INTO `events` VALUES (8,'try 4',3,1,'1,2,3',1,1,'&lt;p&gt;123&lt;/p&gt;','Orlando P. Vincolado',1,'[\"2019-01-04\"]','12:31%12:31','images/ssc/event_default.jpeg','2019-01-03 11:25:40','2019-01-05 11:26:37',0);
INSERT INTO `events` VALUES (9,'try 6',3,1,'1,2,3','1,2',1,'&lt;p&gt;123&lt;/p&gt;','Orlando P. Vincolado',1,'[\"2019-01-04\"]','12:31%12:31','images/ssc/event_default.jpeg','2019-01-03 11:27:16','2019-01-05 11:26:38',0);
INSERT INTO `events` VALUES (10,234234,1,1,'1,2','1,2,3,4',5,'&lt;p&gt;23&lt;/p&gt;','Orlando P. Vincolado',1,'[\"2019-01-04\",\"2019-01-05\",\"2019-01-06\",\"2019-01-07\",\"2019-01-08\",\"2019-01-09\",\"2019-01-10\",\"2019-01-11\",\"2019-01-12\",\"2019-01-13\",\"2019-01-14\",\"2019-01-15\",\"2019-01-16\",\"2019-01-17\",\"2019-01-18\",\"2019-01-19\",\"2019-01-20\",\"2019-01-21\",\"2019-01-22\",\"2019-01-23\",\"2019-01-24\",\"2019-01-25\",\"2019-01-26\",\"2019-01-27\",\"2019-01-28\",\"2019-01-29\",\"2019-01-30\",\"2019-01-31\"]','14:34%00:31','images/ssc/event_default.jpeg','2019-01-03 11:44:18','2019-01-04 10:35:03',0);
INSERT INTO `events` VALUES (11,1231231231,1,1,'1,2,3','1,2',1,'&lt;p&gt;123123&lt;/p&gt;','Orlando P. Vincolado',1,'[\"2019-01-05\"]','14:31%12:31','images/ssc/event_default.jpeg','2019-01-04 12:14:39','2019-01-06 11:36:35',0);
INSERT INTO `events` VALUES (12,'try 7',1,1,'1,2,3','1,2,3,4',1,'&lt;p&gt;123&lt;/p&gt;','Orlando P. Vincolado',1,'[\"2019-01-05\"]','12:31%12:31','images/ssc/event_default.jpeg','2019-01-04 13:23:22','2019-01-06 11:36:35',0);
INSERT INTO `events` VALUES (13,'try 8',1,1,'1,2',1,1,'&lt;p&gt;123&lt;/p&gt;','Orlando P. Vincolado',1,'[\"2019-01-06\"]','12:31%12:31','images/ssc/event_default.jpeg','2019-01-05 11:38:18','2019-01-07 10:18:56',0);
INSERT INTO `events` VALUES (14,12312,1,1,1,'1,3',1,'&lt;p&gt;123&lt;/p&gt;','Orlando P. Vincolado',1,'[\"2019-01-04\",\"2019-01-05\",\"2019-01-06\"]','01:12%14:31','images/ssc/event_default.jpeg','2019-01-05 11:52:06','2019-01-07 10:18:56',0);
INSERT INTO `events` VALUES (15,1231231,1,1,'1,2',1,1,'&lt;p&gt;123123&lt;/p&gt;','Orlando P. Vincolado',1,'[\"2019-01-06\"]','14:31%12:31','images/ssc/event_default.jpeg','2019-01-05 12:33:32','2019-01-07 10:18:57',0);
INSERT INTO `events` VALUES (16,123123,1,1,2,1,1,'&lt;p&gt;123&lt;/p&gt;','Orlando P. Vincolado',1,'[\"2019-01-06\"]','12:31%12:31','images/ssc/event_default.jpeg','2019-01-05 12:34:47','2019-01-07 10:18:57',0);
INSERT INTO `events` VALUES (17,'try 9',1,1,1,1,1,'&lt;p&gt;qweqwe&lt;/p&gt;','Orlando P. Vincolado',1,'[\"2019-01-06\"]','12:31%12:31','images/ssc/event_default.jpeg','2019-01-05 12:39:00','2019-01-07 10:18:57',0);
INSERT INTO `events` VALUES (18,'try 10',1,1,1,1,3,'&lt;p&gt;123&lt;/p&gt;','Orlando P. Vincolado',1,'[\"2019-01-08\"]','12:31%12:31','images/ssc/event_default.jpeg','2019-01-07 11:16:05','0000-00-00 00:00:00',0);
INSERT INTO `events` VALUES (19,'try 11',1,1,3,1,3,'&lt;p&gt;23&lt;/p&gt;','Orlando P. Vincolado',1,'[\"2019-01-08\"]','12:31%12:31','images/ssc/event_default.jpeg','2019-01-07 11:36:52','0000-00-00 00:00:00',0);
UNLOCK TABLES;

-- Table structure for table `facilities`

DROP TABLE IF EXISTS `facilities`;
CREATE TABLE `facilities` (
  `facility_id` int(11) NOT NULL AUTO_INCREMENT,
  `facility` varchar(50) NOT NULL,
  `created_at` timestamp NOT NULL DEFAULT CURRENT_TIMESTAMP,
  `updated_at` timestamp NOT NULL DEFAULT '0000-00-00 00:00:00' ON UPDATE CURRENT_TIMESTAMP,
  `removed` tinyint(4) NOT NULL DEFAULT '0',
  PRIMARY KEY (`facility_id`)
) ENGINE=InnoDB AUTO_INCREMENT=4 DEFAULT CHARSET=latin1;

-- Dumping data for table `facilities`

LOCK TABLES `facilities` WRITE;
INSERT INTO `facilities` VALUES (1,'Audio Systems','2018-11-03 14:07:19','2018-11-05 01:08:28',0);
INSERT INTO `facilities` VALUES (2,'Video Systems','2018-11-03 14:07:19','2018-11-05 01:37:18',0);
INSERT INTO `facilities` VALUES (3,'Lighting System/Fan','2018-11-03 14:07:19','2018-11-05 01:37:30',0);
UNLOCK TABLES;

-- Table structure for table `facility_items`

DROP TABLE IF EXISTS `facility_items`;
CREATE TABLE `facility_items` (
  `facility_item_id` int(11) NOT NULL AUTO_INCREMENT,
  `item` varchar(50) NOT NULL,
  `quantity` int(11) NOT NULL,
  `facility_id` int(11) NOT NULL,
  `img_url` varchar(255) NOT NULL,
  `created_at` timestamp NOT NULL DEFAULT CURRENT_TIMESTAMP,
  `updated_at` timestamp NOT NULL DEFAULT '0000-00-00 00:00:00' ON UPDATE CURRENT_TIMESTAMP,
  `removed` tinyint(4) NOT NULL DEFAULT '0',
  PRIMARY KEY (`facility_item_id`)
) ENGINE=InnoDB AUTO_INCREMENT=10 DEFAULT CHARSET=latin1;

-- Dumping data for table `facility_items`

LOCK TABLES `facility_items` WRITE;
INSERT INTO `facility_items` VALUES (1,'Amplifier',10,1,'images/plant_and_facilities/2018_11_04_01_18_91094d6c0116176a1c0b1e47c94d62fc.jpeg','2018-10-26 15:58:51','2018-11-05 01:57:49',0);
INSERT INTO `facility_items` VALUES (2,'Speaker',10,1,'images/plant_and_facilities/2018_11_04_01_19_c31d8b5521db9c254a6b53b3650055e5.jpeg','2018-10-26 15:58:51','2018-11-05 01:58:18',0);
INSERT INTO `facility_items` VALUES (3,'Microphone',10,1,'images/plant_and_facilities/facilities/audio_visual.jpeg','2018-10-26 15:58:51','2018-11-03 14:23:25',0);
INSERT INTO `facility_items` VALUES (4,'Video Showing',10,2,'images/plant_and_facilities/facilities/audio_visual.jpeg','2018-10-26 16:00:21','2018-11-03 14:23:37',0);
INSERT INTO `facility_items` VALUES (5,'Video Editing',10,2,'images/plant_and_facilities/facilities/audio_visual.jpeg','2018-10-26 16:00:21','2018-11-03 14:23:43',0);
INSERT INTO `facility_items` VALUES (6,'Video Coverage',10,2,'images/plant_and_facilities/2018_11_04_11_07_52a675bb0f6f648b6bdedc261c8687ba.jpg','2018-10-26 16:00:21','2018-12-27 13:20:45',0);
INSERT INTO `facility_items` VALUES (7,'Follow Spot',10,3,'images/plant_and_facilities/facilities/audio_visual.jpeg','2018-10-26 16:01:28','2018-11-03 14:23:54',0);
INSERT INTO `facility_items` VALUES (8,'House Lights',10,3,'images/plant_and_facilities/facilities/audio_visual.jpeg','2018-10-26 16:01:28','2018-11-03 14:24:00',0);
INSERT INTO `facility_items` VALUES (9,'Electric Fans',10,3,'images/plant_and_facilities/facilities/audio_visual.jpeg','2018-10-26 16:01:28','2018-11-03 14:24:05',0);
UNLOCK TABLES;

-- Table structure for table `feedbacks`

DROP TABLE IF EXISTS `feedbacks`;
CREATE TABLE `feedbacks` (
  `feedback_id` int(11) NOT NULL AUTO_INCREMENT,
  `feedback` text NOT NULL,
  `event_id` int(11) NOT NULL,
  `account_id` int(11) NOT NULL,
  `created_at` timestamp NOT NULL DEFAULT CURRENT_TIMESTAMP,
  `updated_at` timestamp NOT NULL DEFAULT '0000-00-00 00:00:00' ON UPDATE CURRENT_TIMESTAMP,
  `removed` tinyint(1) NOT NULL DEFAULT '0',
  PRIMARY KEY (`feedback_id`)
) ENGINE=InnoDB DEFAULT CHARSET=latin1;

-- Dumping data for table `feedbacks`

LOCK TABLES `feedbacks` WRITE;
UNLOCK TABLES;

-- Table structure for table `names`

DROP TABLE IF EXISTS `names`;
CREATE TABLE `names` (
  `name_id` int(11) NOT NULL AUTO_INCREMENT,
  `fname` varchar(50) NOT NULL,
  `mname` varchar(50) NOT NULL,
  `lname` varchar(50) NOT NULL,
  `created_at` timestamp NOT NULL DEFAULT CURRENT_TIMESTAMP,
  `updated_at` timestamp NOT NULL DEFAULT '0000-00-00 00:00:00' ON UPDATE CURRENT_TIMESTAMP,
  `removed` tinyint(4) NOT NULL DEFAULT '0',
  PRIMARY KEY (`name_id`)
) ENGINE=InnoDB AUTO_INCREMENT=70 DEFAULT CHARSET=latin1;

-- Dumping data for table `names`

LOCK TABLES `names` WRITE;
INSERT INTO `names` VALUES (1,'Karma','Morningstar','Blackshaw','2018-10-22 11:44:03','0000-00-00 00:00:00',0);
INSERT INTO `names` VALUES (2,'Nestor','Chiquillo','Sedanza','2018-10-27 00:29:39','0000-00-00 00:00:00',0);
INSERT INTO `names` VALUES (4,'Marielle Mae','Bormate','Valdez','2018-10-26 15:06:13','0000-00-00 00:00:00',0);
INSERT INTO `names` VALUES (5,'Angela Mae  ','Lazarra','Ting','2018-10-26 15:06:13','0000-00-00 00:00:00',0);
INSERT INTO `names` VALUES (6,'Julie-Ann ','Cuervo','Malate','2018-10-26 15:06:13','0000-00-00 00:00:00',0);
INSERT INTO `names` VALUES (7,'Rochelle','Bormate','Degollacion','2018-10-26 15:07:14','0000-00-00 00:00:00',0);
INSERT INTO `names` VALUES (8,'Dr. Rommel ','L','Verecio','2018-10-26 17:41:06','0000-00-00 00:00:00',0);
INSERT INTO `names` VALUES (9,'Las Johansen','Balios','Caluza','2018-10-26 17:41:06','0000-00-00 00:00:00',0);
INSERT INTO `names` VALUES (10,'Jeffrey','C','Cinco','2018-10-26 17:41:06','0000-00-00 00:00:00',0);
INSERT INTO `names` VALUES (11,'Devine Grace','D','Funcion','2018-10-26 17:41:06','0000-00-00 00:00:00',0);
INSERT INTO `names` VALUES (12,'Mark Lester ','P','Laurente','2018-10-26 17:41:06','0000-00-00 00:00:00',0);
INSERT INTO `names` VALUES (13,'Lowell','A','Quisumbing','2018-10-26 17:41:06','0000-00-00 00:00:00',0);
INSERT INTO `names` VALUES (14,'Dennis','A','Tibe','2018-10-26 17:41:06','0000-00-00 00:00:00',0);
INSERT INTO `names` VALUES (15,'Micheline','A','Gotardo','2018-10-26 17:41:06','0000-00-00 00:00:00',0);
INSERT INTO `names` VALUES (16,'Jenny','A','Cinco','2018-10-26 17:41:06','0000-00-00 00:00:00',0);
INSERT INTO `names` VALUES (17,'Raphy','A','Dalan','2018-10-26 17:41:06','0000-00-00 00:00:00',0);
INSERT INTO `names` VALUES (18,9879,8798,987,'2018-11-02 16:37:29','0000-00-00 00:00:00',0);
INSERT INTO `names` VALUES (19,9879,879,879,'2018-11-02 16:39:18','0000-00-00 00:00:00',0);
INSERT INTO `names` VALUES (20,'Karma','Morningstar','Akabane','2018-11-02 17:20:17','0000-00-00 00:00:00',0);
INSERT INTO `names` VALUES (21,'Karma','Morninstar','Akabane','2018-11-02 17:21:16','0000-00-00 00:00:00',0);
INSERT INTO `names` VALUES (22,'Irene','Chiquillo','Sejah','2018-11-02 17:27:01','0000-00-00 00:00:00',0);
INSERT INTO `names` VALUES (23,'Irene','Chiquillo','Sejah','2018-11-02 17:27:15','0000-00-00 00:00:00',0);
INSERT INTO `names` VALUES (24,'Marielle Mae','Bormate','Valdez','2018-11-02 17:30:30','0000-00-00 00:00:00',0);
INSERT INTO `names` VALUES (25,'jkjhlkj','hlkj','hlkjhl','2018-11-02 17:38:43','0000-00-00 00:00:00',0);
INSERT INTO `names` VALUES (26,6546,5465465,4654,'2018-11-02 17:39:58','0000-00-00 00:00:00',0);
INSERT INTO `names` VALUES (27,8798,7987,9879,'2018-11-02 17:41:10','0000-00-00 00:00:00',0);
INSERT INTO `names` VALUES (28,98798,79879879,87987,'2018-11-02 17:42:09','0000-00-00 00:00:00',0);
INSERT INTO `names` VALUES (29,98798,79879879,87987,'2018-11-02 17:43:18','0000-00-00 00:00:00',0);
INSERT INTO `names` VALUES (30,'Murasakibara','Blackshaw','Atsushi','2018-11-02 17:44:33','0000-00-00 00:00:00',0);
INSERT INTO `names` VALUES (31,'oiuoiuy','oiuyoiu','yoiuyoiuy','2018-11-02 17:47:39','0000-00-00 00:00:00',0);
INSERT INTO `names` VALUES (32,645654,65465,46546,'2018-11-02 17:49:23','0000-00-00 00:00:00',0);
INSERT INTO `names` VALUES (33,65,'98989+',9,'2018-11-02 17:50:55','0000-00-00 00:00:00',0);
INSERT INTO `names` VALUES (34,'uihi','ouyu','oiuyoiu','2018-11-02 17:52:43','0000-00-00 00:00:00',0);
INSERT INTO `names` VALUES (35,2312,312,31231,'2018-11-02 18:03:14','0000-00-00 00:00:00',0);
INSERT INTO `names` VALUES (36,987,9879,8798,'2018-11-02 18:04:30','0000-00-00 00:00:00',0);
INSERT INTO `names` VALUES (37,'Marielle Mae','Bormate','Valdez','2018-11-02 18:06:52','0000-00-00 00:00:00',0);
INSERT INTO `names` VALUES (38,'Colin','Ulol','Ripalda','2018-11-02 22:56:56','0000-00-00 00:00:00',0);
INSERT INTO `names` VALUES (39,'Chen','Woong','Cipriano','2018-11-02 23:04:35','0000-00-00 00:00:00',0);
INSERT INTO `names` VALUES (40,'Kent','Gilbert','Gapud','2018-11-03 21:37:18','0000-00-00 00:00:00',0);
INSERT INTO `names` VALUES (41,'Keith','Lapesora','Agravante','2018-11-03 21:55:31','0000-00-00 00:00:00',0);
INSERT INTO `names` VALUES (42,'Lalaine','Lacoste','Llose','2018-11-07 11:52:37','0000-00-00 00:00:00',0);
INSERT INTO `names` VALUES (43,'Roshielle','Chiquillo','Nepomuceno','2018-11-07 17:17:58','0000-00-00 00:00:00',0);
INSERT INTO `names` VALUES (44,'Ramil','Cielo','Roca','2018-11-07 17:21:37','0000-00-00 00:00:00',0);
INSERT INTO `names` VALUES (45,'Jean','Moreto','Chiquillo','2018-11-23 23:22:40','0000-00-00 00:00:00',0);
INSERT INTO `names` VALUES (46,123,123,123,'2018-11-24 00:13:59','0000-00-00 00:00:00',0);
INSERT INTO `names` VALUES (47,123,123,123,'2018-11-24 00:36:36','0000-00-00 00:00:00',0);
INSERT INTO `names` VALUES (48,'Marielle','Mae','Bormate','2018-11-24 00:48:03','0000-00-00 00:00:00',0);
INSERT INTO `names` VALUES (49,'Las','Johansen','Caluza','2018-11-24 01:04:19','0000-00-00 00:00:00',0);
INSERT INTO `names` VALUES (50,'Ramil','Cielo','Roca','2018-11-24 10:48:03','0000-00-00 00:00:00',0);
INSERT INTO `names` VALUES (51,'marielle','maraksot','mahusay','2018-11-27 14:07:47','0000-00-00 00:00:00',0);
INSERT INTO `names` VALUES (52,'Carl','Daniel','Manas','2018-11-27 15:33:28','0000-00-00 00:00:00',0);
INSERT INTO `names` VALUES (53,'Orlando','Pinoy','Vincolado','2018-11-28 05:37:18','0000-00-00 00:00:00',0);
INSERT INTO `names` VALUES (54,'Orlando','Pinoy','Vincolado','2018-11-28 05:48:54','0000-00-00 00:00:00',0);
INSERT INTO `names` VALUES (55,'Maryan','Bormate','Mendano','2018-11-28 09:58:05','0000-00-00 00:00:00',0);
INSERT INTO `names` VALUES (56,'Mickee','Goco','Engao','2018-11-28 10:06:55','0000-00-00 00:00:00',0);
INSERT INTO `names` VALUES (57,'Julia Ann','Mae','Malate','2018-11-28 11:39:59','0000-00-00 00:00:00',0);
INSERT INTO `names` VALUES (58,'y','yty','tyt','2018-11-28 11:41:38','0000-00-00 00:00:00',0);
INSERT INTO `names` VALUES (59,'uy','uy','uy','2018-11-28 13:00:00','0000-00-00 00:00:00',0);
INSERT INTO `names` VALUES (60,'ernie','kj78','jeash','2018-11-28 13:03:28','0000-00-00 00:00:00',0);
INSERT INTO `names` VALUES (61,'uy','uy','uy','2018-11-28 13:08:53','0000-00-00 00:00:00',0);
INSERT INTO `names` VALUES (62,'uy','uy','uy','2018-11-28 13:43:55','0000-00-00 00:00:00',0);
INSERT INTO `names` VALUES (63,'Mark Vincent','Daganio','Parinas','2018-11-29 10:18:40','0000-00-00 00:00:00',0);
INSERT INTO `names` VALUES (64,'Reneth','Villamor','Garado','2018-11-29 13:58:24','0000-00-00 00:00:00',0);
INSERT INTO `names` VALUES (65,'Reneth','Villamor','Garado','2018-11-29 14:30:56','0000-00-00 00:00:00',0);
INSERT INTO `names` VALUES (66,'Jean','Chiquillo','Villahermosa','2018-12-18 17:35:09','0000-00-00 00:00:00',0);
INSERT INTO `names` VALUES (67,'Karmaaaa','sdjh','Blackshaw','2018-12-18 17:38:58','0000-00-00 00:00:00',0);
INSERT INTO `names` VALUES (68,32,2,1312,'2018-12-18 20:44:12','0000-00-00 00:00:00',0);
INSERT INTO `names` VALUES (69,'OSA','Chuchu','Director','2018-12-30 02:35:17','0000-00-00 00:00:00',0);
UNLOCK TABLES;

-- Table structure for table `notifications`

DROP TABLE IF EXISTS `notifications`;
CREATE TABLE `notifications` (
  `notifications_id` int(11) NOT NULL AUTO_INCREMENT,
  `notification_type` varchar(50) NOT NULL,
  `message` varchar(255) NOT NULL,
  `account_id` int(20) NOT NULL,
  `viewed` tinyint(4) NOT NULL DEFAULT '0',
  `created_at` timestamp NOT NULL DEFAULT CURRENT_TIMESTAMP,
  `updated_at` timestamp NOT NULL DEFAULT '0000-00-00 00:00:00' ON UPDATE CURRENT_TIMESTAMP,
  `removed` tinyint(4) NOT NULL DEFAULT '0',
  PRIMARY KEY (`notifications_id`)
) ENGINE=InnoDB DEFAULT CHARSET=latin1;

-- Dumping data for table `notifications`

LOCK TABLES `notifications` WRITE;
UNLOCK TABLES;

-- Table structure for table `offices`

DROP TABLE IF EXISTS `offices`;
CREATE TABLE `offices` (
  `office_id` int(11) NOT NULL AUTO_INCREMENT,
  `office` varchar(100) NOT NULL,
  `created_at` timestamp NOT NULL DEFAULT CURRENT_TIMESTAMP,
  `updated_at` timestamp NOT NULL DEFAULT '0000-00-00 00:00:00' ON UPDATE CURRENT_TIMESTAMP,
  `removed` tinyint(4) NOT NULL DEFAULT '0',
  PRIMARY KEY (`office_id`)
) ENGINE=InnoDB AUTO_INCREMENT=16 DEFAULT CHARSET=latin1;

-- Dumping data for table `offices`

LOCK TABLES `offices` WRITE;
INSERT INTO `offices` VALUES (1,'CAS Office','2018-10-22 02:31:05','2018-11-23 00:16:54',0);
INSERT INTO `offices` VALUES (2,'Chief of Admin-Admin Division','2018-10-22 02:31:21','0000-00-00 00:00:00',0);
INSERT INTO `offices` VALUES (3,'Chief of Admin-Finance Division','2018-10-22 02:31:32','0000-00-00 00:00:00',0);
INSERT INTO `offices` VALUES (4,'CME Office','2018-10-22 02:31:43','0000-00-00 00:00:00',0);
INSERT INTO `offices` VALUES (5,'COE Office','2018-10-22 02:31:52','0000-00-00 00:00:00',0);
INSERT INTO `offices` VALUES (6,'OSA Office','2018-10-22 02:32:05','0000-00-00 00:00:00',0);
INSERT INTO `offices` VALUES (7,'University President','2018-10-22 02:32:15','0000-00-00 00:00:00',0);
INSERT INTO `offices` VALUES (8,'Vice President for Academic Affairs\r\n                                    ','2018-10-22 02:32:32','0000-00-00 00:00:00',0);
INSERT INTO `offices` VALUES (9,'Vice President for Admin and Finance','2018-10-22 02:32:58','2018-11-23 00:26:12',1);
INSERT INTO `offices` VALUES (10,'Vice President for Research and Extension','2018-10-22 02:33:13','0000-00-00 00:00:00',0);
INSERT INTO `offices` VALUES (11,'Management Information System','2018-11-07 10:25:53','0000-00-00 00:00:00',0);
INSERT INTO `offices` VALUES (12,'Physical Plant and Facilities and Head of Janitorial Servicess','2018-11-07 10:37:04','2018-11-24 10:50:19',0);
INSERT INTO `offices` VALUES (13,'SSC Office','2018-11-21 07:17:16','0000-00-00 00:00:00',0);
INSERT INTO `offices` VALUES (14,'asdf','2018-11-23 00:44:00','2018-11-23 00:53:32',1);
INSERT INTO `offices` VALUES (15,546,'2018-11-23 00:44:19','2018-11-23 00:53:35',1);
UNLOCK TABLES;

-- Table structure for table `positions`

DROP TABLE IF EXISTS `positions`;
CREATE TABLE `positions` (
  `position_id` int(11) NOT NULL AUTO_INCREMENT,
  `position` varchar(50) NOT NULL,
  `office_id` int(11) DEFAULT NULL,
  `user_level_id` int(11) NOT NULL,
  `created_at` timestamp NOT NULL DEFAULT CURRENT_TIMESTAMP,
  `updated_at` timestamp NOT NULL DEFAULT '0000-00-00 00:00:00' ON UPDATE CURRENT_TIMESTAMP,
  `removed` tinyint(4) NOT NULL DEFAULT '0',
  PRIMARY KEY (`position_id`)
) ENGINE=InnoDB AUTO_INCREMENT=23 DEFAULT CHARSET=latin1;

-- Dumping data for table `positions`

LOCK TABLES `positions` WRITE;
INSERT INTO `positions` VALUES (1,'President',NULL,6,'2018-10-22 11:21:29','2018-11-07 11:10:54',0);
INSERT INTO `positions` VALUES (2,'Vice-President',NULL,6,'2018-10-22 11:21:37','2018-11-07 11:11:17',0);
INSERT INTO `positions` VALUES (3,'Secretary',NULL,6,'2018-10-22 11:21:44','2018-11-07 11:11:17',0);
INSERT INTO `positions` VALUES (4,'Treasurer',NULL,6,'2018-10-22 11:21:50','2018-11-07 11:11:17',0);
INSERT INTO `positions` VALUES (5,'Auditor 1',NULL,6,'2018-10-22 11:22:03','2018-11-07 11:11:17',0);
INSERT INTO `positions` VALUES (6,'Auditor 2',NULL,6,'2018-10-22 11:22:13','2018-11-07 11:11:17',0);
INSERT INTO `positions` VALUES (7,'Public Information Officer',NULL,6,'2018-10-22 11:22:22','2018-11-07 11:11:17',0);
INSERT INTO `positions` VALUES (8,'4th Year Representative',NULL,6,'2018-10-22 11:34:08','2018-11-07 11:11:17',0);
INSERT INTO `positions` VALUES (9,'3rd Year Representatives',NULL,6,'2018-10-22 11:34:18','2018-11-07 11:11:17',0);
INSERT INTO `positions` VALUES (10,'2nd Year Representative',NULL,6,'2018-10-22 11:34:26','2018-11-07 11:11:17',0);
INSERT INTO `positions` VALUES (11,'Director',12,2,'2018-10-26 23:33:53','2018-11-07 11:23:02',0);
INSERT INTO `positions` VALUES (12,'Dean',NULL,2,'2018-10-27 14:38:42','2018-11-07 11:23:08',0);
INSERT INTO `positions` VALUES (13,'Director',11,2,'2018-11-07 11:23:45','2018-11-07 11:24:43',0);
INSERT INTO `positions` VALUES (15,'Wohoy',1,2,'2018-11-22 00:53:46','0000-00-00 00:00:00',0);
INSERT INTO `positions` VALUES (16,'asdf',1,2,'2018-11-22 00:54:51','0000-00-00 00:00:00',0);
INSERT INTO `positions` VALUES (17,'Teacher III',1,2,'2018-11-24 01:03:20','0000-00-00 00:00:00',0);
INSERT INTO `positions` VALUES (18,'Teacher I',1,2,'2018-11-24 10:47:43','0000-00-00 00:00:00',0);
INSERT INTO `positions` VALUES (19,'SSC Adviser',13,2,'2018-11-28 05:46:46','0000-00-00 00:00:00',0);
INSERT INTO `positions` VALUES (20,'President',7,2,'2018-12-18 17:38:25','0000-00-00 00:00:00',0);
INSERT INTO `positions` VALUES (21,'Secretary',7,2,'2018-12-18 20:43:59','0000-00-00 00:00:00',0);
INSERT INTO `positions` VALUES (22,'Director',6,2,'2018-12-30 02:32:40','0000-00-00 00:00:00',0);
UNLOCK TABLES;

-- Table structure for table `repercussions`

DROP TABLE IF EXISTS `repercussions`;
CREATE TABLE `repercussions` (
  `repercussion_id` int(11) NOT NULL AUTO_INCREMENT,
  `repercussion` varchar(50) NOT NULL,
  `students_id` int(11) NOT NULL,
  `date_start` varchar(50) NOT NULL,
  `date_end` varchar(50) NOT NULL,
  `employees_id` int(11) NOT NULL,
  `created_at` timestamp NOT NULL DEFAULT CURRENT_TIMESTAMP,
  `updated_at` timestamp NOT NULL DEFAULT '0000-00-00 00:00:00' ON UPDATE CURRENT_TIMESTAMP,
  `removed` tinyint(4) NOT NULL DEFAULT '0',
  PRIMARY KEY (`repercussion_id`)
) ENGINE=InnoDB DEFAULT CHARSET=latin1;

-- Dumping data for table `repercussions`

LOCK TABLES `repercussions` WRITE;
UNLOCK TABLES;

-- Table structure for table `reservations`

DROP TABLE IF EXISTS `reservations`;
CREATE TABLE `reservations` (
  `reservation_id` int(11) NOT NULL AUTO_INCREMENT,
  `event_id` int(11) NOT NULL,
  `facility_item_id` varchar(100) NOT NULL,
  `item_quantity` varchar(100) NOT NULL,
  `venue_id` int(11) NOT NULL,
  `created_at` timestamp NOT NULL DEFAULT CURRENT_TIMESTAMP,
  `updated_at` timestamp NOT NULL DEFAULT '0000-00-00 00:00:00' ON UPDATE CURRENT_TIMESTAMP,
  `removed` tinyint(4) NOT NULL DEFAULT '0',
  PRIMARY KEY (`reservation_id`)
) ENGINE=InnoDB AUTO_INCREMENT=20 DEFAULT CHARSET=latin1;

-- Dumping data for table `reservations`

LOCK TABLES `reservations` WRITE;
INSERT INTO `reservations` VALUES (1,1,'1, 5, 6','10, 10, 10',2,'2019-01-02 18:24:28','2019-01-02 23:22:25',0);
INSERT INTO `reservations` VALUES (2,2,'2, 5','10, 10',12,'2019-01-03 08:16:10','0000-00-00 00:00:00',0);
INSERT INTO `reservations` VALUES (3,3,'1, 5, 7','10, 10, 10',2,'2019-01-03 08:21:27','0000-00-00 00:00:00',0);
INSERT INTO `reservations` VALUES (4,4,'2, 5','10, 10',9,'2019-01-03 10:39:49','0000-00-00 00:00:00',0);
INSERT INTO `reservations` VALUES (5,5,'4, 8','10, 10',13,'2019-01-03 10:43:08','0000-00-00 00:00:00',0);
INSERT INTO `reservations` VALUES (6,6,'3, 4, 7','10, 10, 10',2,'2019-01-03 11:02:36','0000-00-00 00:00:00',0);
INSERT INTO `reservations` VALUES (7,7,'1, 5, 9','10, 10, 10',13,'2019-01-03 11:07:28','0000-00-00 00:00:00',0);
INSERT INTO `reservations` VALUES (8,8,3,10,13,'2019-01-03 11:25:41','0000-00-00 00:00:00',0);
INSERT INTO `reservations` VALUES (9,9,'3, 5','10, 10',9,'2019-01-03 11:27:16','0000-00-00 00:00:00',0);
INSERT INTO `reservations` VALUES (10,10,'3, 6, 8','10, 10, 10',2,'2019-01-03 11:44:18','0000-00-00 00:00:00',0);
INSERT INTO `reservations` VALUES (11,11,'2, 5, 8','10, 10, 10',6,'2019-01-04 12:14:39','0000-00-00 00:00:00',0);
INSERT INTO `reservations` VALUES (12,12,'1, 2, 3, 4, 5, 6, 7, 8, 9','10, 10, 10, 10, 10, 10, 10, 10, 10',7,'2019-01-04 13:23:22','0000-00-00 00:00:00',0);
INSERT INTO `reservations` VALUES (13,13,'2, 6, 8','10, 10, 10',13,'2019-01-05 11:38:18','0000-00-00 00:00:00',0);
INSERT INTO `reservations` VALUES (14,14,'2, 5','10, 10',8,'2019-01-05 11:52:06','0000-00-00 00:00:00',0);
INSERT INTO `reservations` VALUES (15,15,'1, 5, 8','10, 10, 10',12,'2019-01-05 12:33:33','0000-00-00 00:00:00',0);
INSERT INTO `reservations` VALUES (16,16,'2, 5, 8','10, 10, 10',6,'2019-01-05 12:34:47','0000-00-00 00:00:00',0);
INSERT INTO `reservations` VALUES (17,17,'2, 5, 8','10, 10, 10',7,'2019-01-05 12:39:00','0000-00-00 00:00:00',0);
INSERT INTO `reservations` VALUES (18,18,'2, 4, 9','10, 10, 10',6,'2019-01-07 11:16:05','0000-00-00 00:00:00',0);
INSERT INTO `reservations` VALUES (19,19,'2, 5, 8','10, 10, 10',7,'2019-01-07 11:36:53','0000-00-00 00:00:00',0);
UNLOCK TABLES;

-- Table structure for table `sections`

DROP TABLE IF EXISTS `sections`;
CREATE TABLE `sections` (
  `section_id` int(11) NOT NULL AUTO_INCREMENT,
  `section` varchar(50) NOT NULL,
  `year_level` int(11) NOT NULL,
  `course_id` int(11) NOT NULL,
  `created_at` timestamp NOT NULL DEFAULT CURRENT_TIMESTAMP,
  `updated_at` timestamp NOT NULL DEFAULT '0000-00-00 00:00:00' ON UPDATE CURRENT_TIMESTAMP,
  `removed` tinyint(4) NOT NULL DEFAULT '0',
  PRIMARY KEY (`section_id`)
) ENGINE=InnoDB AUTO_INCREMENT=7 DEFAULT CHARSET=latin1;

-- Dumping data for table `sections`

LOCK TABLES `sections` WRITE;
INSERT INTO `sections` VALUES (1,'F4-4',4,1,'2018-10-22 13:31:54','2018-11-08 17:01:09',0);
INSERT INTO `sections` VALUES (2,'F4-3',4,1,'2018-11-08 14:05:03','0000-00-00 00:00:00',0);
INSERT INTO `sections` VALUES (3,'F1-1',1,1,'2018-11-08 14:06:33','0000-00-00 00:00:00',0);
INSERT INTO `sections` VALUES (4,'F2-4',2,1,'2018-11-08 14:07:04','0000-00-00 00:00:00',0);
INSERT INTO `sections` VALUES (5,'F2-5',2,1,'2018-11-08 14:07:15','0000-00-00 00:00:00',0);
INSERT INTO `sections` VALUES (6,'F3-4',3,1,'2018-11-08 14:07:43','0000-00-00 00:00:00',0);
UNLOCK TABLES;

-- Table structure for table `ssc`

DROP TABLE IF EXISTS `ssc`;
CREATE TABLE `ssc` (
  `ssc_id` int(11) NOT NULL AUTO_INCREMENT,
  `students_id` int(11) NOT NULL,
  `position_id` int(11) NOT NULL,
  `signature` mediumtext,
  `created_at` timestamp NOT NULL DEFAULT CURRENT_TIMESTAMP,
  `updated_at` timestamp NOT NULL DEFAULT '0000-00-00 00:00:00' ON UPDATE CURRENT_TIMESTAMP,
  `removed` tinyint(4) NOT NULL DEFAULT '0',
  PRIMARY KEY (`ssc_id`)
) ENGINE=InnoDB AUTO_INCREMENT=14 DEFAULT CHARSET=latin1;

-- Dumping data for table `ssc`

LOCK TABLES `ssc` WRITE;
INSERT INTO `ssc` VALUES (1,1,1,'bjdxWmdYN1FDWXU4WElSS3NFcVoyZGt2cFNzZ1A0anBZWTZCRHN0VEJhWG45N3dlYnRKdTR6OEtXMktlbW9wL1RZOUIyUkVHTFEzYkE2QjB4Y2pkUld1S0phcWVIRGxBS25SS2JlRGJPYkpkbDF5WEYxeXFYYjV2YUhzWVRTYjFuajcxUDBsVndDRzYvdmk0ZHlESm9LM1B1UWNuN1Y4U0FtdGhVMTFDTGFlWlRicTUwaHNQcSs5Q25WOHNaclZIdEUrbTNoWEs5ZnRzeG4vTlRpUWdqNXBFbFU5dVZFTml3STArUENib29uZ096aUNTY3BCZWluOWQ1OFE3a0dYVENZYXpHMHdEbDhranpETG82MzNOTGJHMzl1RVFhQWdjNkVFV1piRnVmVHlzSitUL2pFZFNRdDJJZlloZk0xcVl4b3Q4N1Q4TGU4VXNuSFNmdFp3K01vT3V3bkZiUjBySTlJWHc5bzhSTTA4Z2IybkQ3WTdkbFF0M3l0U3ltcm1UUW5CUnl2bjludUJzVzdxbHk1aEgwTWNOcGJQRHFhNFlzdXNFS3lzRWtrajgyUHlwSm1RM2UwUmVsMzZ3aXpNeVBoTXdZZlBNMXhRU2t4aXlKaDNRcXpqZHhvdWNYVzk1ak5wbGllTkIwZVMzL2p4Zmsyd1VDRHpTOC9hc0loRjFsOU12Z2loVDU5WHIyeUdKTlNMS2FoWXQ2ZHcyM3ZjdTNrS3N1TVQvVkxhRWZtV01BdFVEdlFZcjNpZFZ0cTVKYmJmVUVnZjlBTkc4MTRKL0EwYlJZS3JSc2lEUnB3UjFZNW1OR2QreGlNU0ZhNmRxRTNzYUc1b09iQ05GUitwTmptSVpvaFFaME1mMi9NTTNwOTEvaEpiSmNhTlc5ODd3aithSEIyN1JOUWVsTW5nZkRiM3hiQkRNUDN4NnNjQzFPV2dpK2lCVlZ6ZFdkbFhsR3NITTNPd3pVVzBlRkRsRlRyZXJlUSt4RHExNEV0T0JBQURsQmlER3I2b3RDclRlcVlJWFVRVUhraXZ6dXptdkE2aDdCSXZsRFdJOTdDMklUdzVTQ2RuMkZISmZyUER1NU9VWjBPSk1yMytvY2syNm1kdC9CTUl4VHVhOEVkaHpPR1V3bGdRWVFFOWxZWkM5QnE3QVVrZXI5cGtxMHJySDRMa3d3V0pnSE9MWTE2VGg4MXR2eDdUTysyRHFFN042Ymx1cCtuaVVtSlVrdGRMR01EbGZscER3cWJuTXh4Q2NKUENoVEs0YTNjanZ4L0F5NmYyY3FVNE5MQ1l5aVhKNS9la1I0WVVJWVpGVXltY1ZYMTNqYmUxU1ZSS0tRZ2p5K1pmYXprVFh2OWpNWGMrMjA0NDhvVi9EcnJjMXVzbTc5czkxQ2gwczVYS054S0p5TkxDcXlCZm9EVENtTFpaZXpkU3RzN3ArTkZRSmg3Uks5ZHdrUXNmRjZjMXd2eWFsQ1N2djZ4SWIzSm9pa2o1dzM5WHM4eWJCbS9qeXNRK2x3bHFRdTdxU3ZORTlWd0tuK3lIdG01NWlINzJGNWt1ZE5jYXZvUW9JSDZBdFRuZS8rZE4rYmY0NCsyOUtCYlJwUlpyRVhnTTZVN2VxbFZvZC9yOW1Pd0oxb3hnV3YzTDRTRGNYWkpLV2NaUzdCNllOVlA0UW9vRFBJR3dNSnBRRlIydlh2Y21DckFzZ3doc2x1UzN1TEZpekJpV2l4QzN4QTE4dlBLZ0x1elVpQXhkK1pGdHZGemRuMFY5aTNrUnlhUHZKR2UwUEd4MmVaUnJDdmJuT1dlUjhjVFdITVFSQ1huVkJzTWRkdmJCelphY0pjRXEwSW5ibFcvMldVSEtobFJZVm4rd2REbnFITzE4c3Rra2NUQTRONUdia3B0UjBQR0YrdlkrZ2lHSkY2ZGREUmN4TGtUMnBOQ003TCtseUlMa2hqelJvODBLUVVsbHUvUHNEdUIvQzNqeVdqUnZHL0crYUFpekRVczY0eDRraWlVTUltY1FWZ2RIWHFXbUlBVkdYc3JKVHU4QTZFajVSR3pmZ1lOQTNVRzhINTIvdEJ0bUYwN0NkNjVzYTRyNFR1Q3VTYWFWbDBQMGV0WW1iNlNhRU51VXgxS2t3c0RVQU5yTTY2VTErMHdtdnpwYnNrcTV2WExHaUJDQ0Z3OUhuYkhOUVk3Q0V0eDZXRzZsd1JUZ0dIUUNzSDdPWFRiSHpIMG1kdytDMXlROVZWYmp2L29iZ2RPTml5anRIRm1JRDVCQ2J2NXZNM3pFTy85LzlIdThIK1ZrcGp0ZVhwRUxkejljMWFwT3l5Q1lKTm5QcVhOcDFrWFhYTUV3aHltUVIrKzlYNmxULytSWGxYNFNkU0NFdXl5SVl5bWdyTHcxN2o1UHdsYzJpamtid0V0Z25SM05jNFBvZDVWSzRYeDVnc3hrT1NQSjdXRUFEZERpTExQVFk4VUUvYWtRajFGeVBuM0VkQllIZ2hHVjZLb2QrRTV4TlBqeWxLQnVNYmlZa2lXWnlsU1lnRThHbzlHcEhOU1E3WGxyR3lIOWl4NHR4bi9HNTFKeUtiM3NjNWFGRyt6Q3lXUkhLNzhqTzU4dEtyTjZTN0o1cFp1c1RGUEV5V1NRYlJoRXRndU1XV3NSUUY1Q0RmUUQwNW44Mm4zTzZIdDBDM2ZoMVhBSjZpWHR6UkMxMHgrT0NzWFFrSm5pY1hSeXRZRzZqY3Ird2hYVG04eXcwdXJOQWZiemd0ZjFGOEtDSnJ0bTVObFZxRHBIWHFNYVF3T0VVR0hqODkwRmRBSm1sMkRBT2h4VUtLZytnMGRra3JHcktLTHkwYXFzSGUveUFHaWpxVHdIdlFzMFVwbHZXMmt2WnJ3bkhhSitkMmQzblUwOUFZenBzaGE1Sm1Vb2g0MTJjRkRlUXhhdVNXSzdtcUpLOUluSnZEbjhqSm5xSW1lVGxDblBoMDNmRWVJcVJWVzZoOFNQaGJEMGtIaTI3aTFaejdvUkMrTlpwVEtQb21PMXNyWTBIc21MK0JLZVBPNlNxeEI5cnRoaTFCODBGQnI2bFF3WjFQSGcyam9DbU5ycWdQbnIyZjBIS1ZlTnM2REhSZisrLzFlNm1lWkdJVWpFVVdId1psT3o1MFNkTGhac3YyajV4M3hrY0FtcjVhVW9DcWpBY3FMcTEzRjVRbGVHb3M4NVl4UFlmeHQrbXpRTnV6ZWtBVUxtVG1FWXlycEcyTUVnV256NjRJTitpdHN1cmxYczBXQVozaHBkTmZXTVVHVzBXenNRSldqVERPdFhNY1p1d2V2V2tUTXpQc012QlBZYzgvbDFwSzlGSFVZQnMvVHlNME5FcXo5b0I0MjdUUCt6ZkNRN21yOE1Ja1lmVk1Cc2xCakJjNUt1dGNvRHNSLzg0K1l6eElkY25DSUdCSitOaDFrUjhmYTluYllLZnpwamE4dzNVNXZRcjlFenVlc2VFVXQxOUZkSTRKMzgyd3VnaHE0azFpNWxld2ZCZURIWkZSMTBCUVBJSkZjVWhBclZvREpzKzV6R3FlNWVlb09JV1FVSm1kZnQyclVvdnFoZ1BuNDNWdUJWa1grdXY5UW5nblY5Zkdzb0xqM215MVV3eXhlNlRnaWx4di9SdUNzWURiRm5zN2o1ZmRwV2c3VmtGRHJsYS9xL2w0d0pFZmppUnBSODRuSmFCZ3FiYWF1Tmk3cE1ya24xYlNrQTErQUg1YW9TR2RNOUpxRFFxcVZZNTJxdU5UdkFBZnI5emcvL2prRjYyQkp3SXZIRThkMUJPRDcybjljNkh4azlsT0YxZW9aM3k4UHdJd0M0MUZHeTRZamN2c3ErRXN4a2E0RUgvdElHa2dNemRIbFF6YkZKRGk0YXMvZVVFQWF4cVlhbEo1OUprWFhaRm9DVlFSQjZHT3dpcDFWeTZYRUtISHltZmhTaDlLL2tiK21yVzZEWXpxTFpvWmxhNGJLQzFtc1FiSUhHU2N1aTJFWks3Z21RaHorYzRhMDNudEwyZldjRU9WL3VMcGhzMFlpTW9QdEwvdU9VcEZ4K1E3NlFMSXl6MFZpV09TT1FRTzlOYWdHeEdTT1ptZ0hOMXRsNzRpZVdnbkt4ZktueDcrTDRoSU5Sb216a0l4N2V6bGJaWmVCS29jUlF1TUlIUXI0L05lVnZzZG1rNjU1cEh3N0pCV1Z0QWpZbVkxV3B4dFM3TW9BcjVpaGliRkJWL05PWWRTWitvMkxuOEdGd01LWWUrMGJucjlmeWFabGFrbmw0azExNHBUeUkzRVF0aWZLQWlkR3JCdU5tUEdlT0dXREs2ald1bk9KMGlhd3BoMEhneEg0WmFINDJ5elE4blRpVHlTdjBsYm96TVhBVjJpQnVUVHdrTUtGWTNmWHdNenBJd2U3V1FQeGVPLzhSZkc2c1d1Rm1SNDU2SFJISVdhNFBFcG9mMjNadHJoUWtoRTZhblhrRElyOElsbGE1U1NSalJlN21nb3Y4TThyVzNrNmc5U3ZZNnBrUU5ISksvMVV4Nlo1V2E4RUF0bDlWLytXSVk3K0ZlRXpyL01RdGg1Z0VTOXZmTXhEMW00QVAwRlZjL0EyOUZXS1hITU1KM1h5b3lKNVJDU1hpbWpCc2JEVndzZkdBaHZwTGMyNmNIejRlbFVQS2FXZ2txMGU5Sk1uZVJYckUwcjJKRmk2VHpjWFQ3Y2VRNmlWeE9kMUZkcTJiOG1STG5mQXA5U3hka2VmSFYrdXJyVEZETlBQSVpxc2pZZXcwOHhTS1dhKzFLNWpwdGhQaE1hbEI5MnROdjF5c2dKU0ZlTEl5RWpLbmpxNWJvd295U3MxNTYwVlhiTWMra3Vxb1VhR2d6bG43RjJzM2VaTmJyenpJTVRWTW5laTQzSitOZXVnNjFQZGxyZzBJL0JiOFBMNGQyaFErelI0N2UzcnhJVEQ1N1krajRTdG1GUzI0c2xFMDdraVkvNmRjaGIxRWJCRkNPVkdhOFNad2VaQmtiMGZLOWRNTXk0aXFrQ1huaFhyWjlpU2pPM21LMzRvZ2lTSjlOTTFvN0t5aDVKdkt3N2laREwybEZWU3Z0bTRWbWY2cGN2bVR5TnVyaW9sd0QwVGYvWXdGU0pTWGFmTDhkeWlmYStVRFFMNjZ4SDhKb3RQeXVxQUJCYkp3SnNEQ2RJdGVCaVZsUlEra1RGRWUxdldXa25KckIzcGFkdDRTTjQ1ZkJLb0FCYllvcU52aGFKUEhoK0RmS3Y4ekxiQ3ljNG12ZGFBUHNGMFJLaEh4d3lYQ2d0Kyt4SWFzeGRTSGdqb1paVHVmSmV0dTBIQlBDZkpFZlNSWVdrZElDWDNacVJBUTkydjJlenBHOHVBNzFhWFpKR1Q5SGdaRnV2NG9mZzlQc3UxeGFXeTBWb01lZEk4RUR1M3NYei95KzlQYWNPMjNheTZWVVNuL3kvNXE5aTJ3bHQzQTVrODFoaC9kSmhYbEFoOUcwZE11MDFEZE5FMElrZUhhekVWZ0N6M20vRmdyQjlLSWZVeG5VQU5aRnpHeEVLZUpsUTgydTNFcHBQVm9XWUx0WFZhTG1Bdk15RjgzdEJlVlFTYm41TXBEVVQxRlBzdXUyOWJ5bDNmOVJYNU5OSDBIVUd5azVZcWY1UDc5WlZXajdER1U0TTdhZGtGYS9ndVVnZ1c5ZUlJWU8wcWV1WXNuK3Vlc3RsclRTTTNva1Z3bXBkVzVjTG5sRTFrcllLV21qLy8za20wTWtGWVYxRTIwcHU3SG0zdDRKbkVCRGJxSDV0ajZQZXBvUTNXa3VpdkdwdUVQR3N1Nks0OGdXZjhzZm5LMDNIZzZLQTEwa012R0pUSFM5Q05HangyOU10a3ZjT3Y0ZHpteXBDUHNRQzFJTTY4TE5PMTJ0aDBJVHh6WVRVeHZ5cm1wbWtBNEcyUXBJQVdWVkJMSjZyOGZ2aFNaRHJsY3dhcXM3UkIvNVoxL1lYVXJDUHltOEFTd3B4bGprMklpVlU0Q2p5bDNPUlNqbThqWTN0Mldjc0VwZlhNM1JoZ3dlbVFleldOME54endnbnFRTXN2eVdHRWU5dHltZzZLaFkrNHk4WWdaQlpXd1JnMjhHcW9GQTBKUS9zUWVyTHZEZlFiY3pZcXlzZWZpYnJDK2p5UkwrWVdmRloxNTNSdjIxc3pDczlIZHBsV3FrK2dEVFdYbnVzQk9yL1ZzeWZTWUFwTEZOMG9LR2hlZ2cyU2dBa2NYZWJxN3ROWlhyRDRzRi9vVzF5UXBVY1lYN1hEK1pjNEJUK3FPdHVzTDhjVWV4S2h5ZklLY1EwRkFOVWpjVUMyK1JTUXN1YzRkVWUwb0lqZ2dDSi95dnlQcjJPakJodDZlRmdjZUs1c2NkSE9TNzZkMnd1QytKOTI1QTJuRnB4ZFdsc2hxcHFXTVdYbTBKZHc1ZDhCeFNldERUbTgreHJ0WExFOEhBeDB0Slh6RWRkK1NwRi83aEZuVVJnZFNUQVo2WGFYSmZiZ09rQTM2RjZNMXdYOWxJeXNKTERQNnZTWndBYU1idnQrNjBCUzdHQ2U1V1FacVNtU2s0eG1ET0pHNUhXUTc0aVZGcDJSamFjYkp5NDFuc0IyNitLVDBrbmV3ellqQTlQVmhEdGlGMkZVWFRwTGFsL0VXcThJREhaWWpOOEZ2YlhqTGIzRzN3QjhJWm5VUjJOSDVPYXY4Rkd3RWN1Si9Wd2dRTWNoRTY3azA4dUtxSEtDcWpQVTUwYjY3M09tOEF6T0lsMUtRajRZV3hqbGpWbUZDeHZwV1A1aVE2TmRsVkh3S2ZPMXhnZDBKdnFhQTdtbmxxRWFOcW1rZmhIWHR1bmJ3ZGNrWlhhVzBqRy81a0FyRFRoWTNSNmdvQWVlZzU4SFhJTHp3Z3Z0N2xXZXdKT3FtelprNGNRaysvL3pzZWlTQ3k3eVdoTVkwRm5CRjNYL2VOdGJCZC85bXhrSWFvV0J0SjQ0OWJLaHNXNHVuYnRqbTBzNlkzeFh5Z0lEUGxMQ3pGZ214YVJPenhIUUgrS1VWSEhUMlRZbmQwZDZya3Yzakc0SFFVVzFaUTFzNGRKQWNITTRoKy9yNkVjcnNUVWhIcEVHSHd2MTJINFY0aWEyRnBXRGF6aVlVNHhhUVhIMGhJYUJrbnBRQTVhU3FzQmxyQ2xCRWNYV2Y3U0xjZzVKajFKZzNyV2QvdTBHUU15eE9udHJVWHhxY0lsVnlkMVlqSzdPaU9oT29EcDRhUW92TVZlbEszY2RZaUZYeW1zQm9XWGZTbXFJOGRFQnVicmswVElkOWhHK2JJOW4rNDRKR2ZGL3FJTGplZDU1eWJpaitYanAvYStsNGpIVEc1bTdBMzI2ajJKMVc5UVEyUklibmxvTiswS21Zem1mc0QzZFBHVGxIWkhnOGMrQ1JHZGdiWTdLZ1RPUm5iMW9obWR2RDhGUFNjaTFWL2hrdHZRZ1d3WjEyNm96alpYZ1I2V1Z4NTFlbmRZdnMxdHoyV3R1SWZVRXAyOGdWMXZxT0lSZkNMQjlFdVNNVHg2MmpMenFEcmVLaStuM2d3cnBjODNhZG1abFBHOTJhaGhMVmE4VjZlZGJSNG8zWDJkMnBtYjdkUmdiMVdiWDdBTUpTTGErdGp1VEdkY3g2YlZXT0dhOWdIdnpUSVBVUHBIWjUxbmw3Zlh0dVpGUVUxN1gyeGdreEpuWHV0MmRCZWI0aWJMWXBPQ2hyU2Jkb2NsVWtOMkQxaFBwZzYxcUhNazBKbFV0YmYxa0FNc2g4TFNINk5HOXhER01aekJFa0QwVVVQeE56UTR1c1JHV1A0Y3UrUUJmQ01vTzVoWUR0Nk1rOEhYUzdRZW81eXllcUU4NG43VlI3Ulp1aEhHcFpLUGNoWEhKVVh5QXcwMlpNanVTRWpvUXRoU3JFMGRNeXFFc2NwYXdwcXp5OGttcWdSczNSbVdKam9GRTYwRGhyYnhQZ25Ha1pGY1JIZHBuOGpheTBsc0dBNEt3Sk5rcXJPZVhieFNsT1hUSEN5UTB4L2pSN1p3V3o3RmtSdVJIakpSaDVNcHhsQlpiZ3NZZXYwNVp6MStxV2xhTnc3WGZWTVViWDNCQ09kdm1JTzNjNGt0Ri9FcHMyNHhHdXN2cERoVzJvcmFML0gwMGR0eFNrOTB4N2pvTWpaNWNqUGZqLzFhZmkzL0w1Y2ZYcFd6dGZXaW5aR0dPSCtpYWFSalZrMWZCSHZLREFPTE9iZGxsQWZuNWtaakM3UnJvOWZRTlZSUEhnNklSdlVraUNBRTd0UkNZV0o0dWxTSGswNitoQ09pNCtsc1J2YUNlek84ejVsQmJOV2loRHJUVGJDdjdaSlcvalUyMkMxc3FoVG4rckVSbldvZFBFYkRFMXd6eFBCQU9tQjRJWmlsWjlLR1NtT01DTGh3Wjc1RnZidG9sZzd1cW9aK29xNSt4UGEwYytHdEtjTEIvSHBRZzJHUWJiZ0ZTT1lGcDhwZkpORkRhZDFPRXpZdGY4V2RmYi9wSXNVaEtYVnVldmJXQ1Q1Y0Jwd2QvcENGelEwMDFyalFoaitHdU4ya0k2THVxZzVWaktSQkVKSEdyTG9DTWhqVUJIaDk4ZlhWNTJybTNueGNtSHNxNmw0M0lTTDZ1TDZtbEVNYmZwbC91S0REWmNaT1JtOW42M05xRHVzRlp5SVNsRmpYQW1FK1BCcFJ4ZzBwWVdybEM1aHk1Ny82MWNTVUFGTlR5UXpGem1ZY3BUQnFZVDN3enhtbjkzZHo4KzNpbkhINlhYQ0pRMEk3V3NuTlZ1Vm1WUmpKS2tHTk9sTUV6cUNBc3JvWEtCamRHeHhEQ0E0UHhHUDJCUGpvYnJaVGNyWVYzelozeHhERmtWclZNcFVkNVNTVUJ5Qk1MM0FWeXk5eS9qcmZQVVRSalNjSDNvN2IwY2c4WnNmb1lPcUEzeE9sdjFkTFNnVXdxTVlNVVliUkhzRDVlSXdMVU82d1FLS0kwQnZZSzJwWjRQaFZEcUpyOFJiZDNNM1VJN0VOblQrMUxka1NZSXVJOHJlZ0ZXbDdhcVlUV0MyTk44YTI2ejhFSnZRYkpOWmVSQUJqWC9qTmE1ZmU1UEg5MWVCRGJVM3NwcHNiUHdlZVBqZDU2elNBZjNxSkhpY3VMNEpOOTNpR1ExQVlqNkxtY3hteENLa21VMWpNZ0JzZVdUd2xRdXkxZGp1M05vckdmOEUvM1djaHBqeGdLaFFBMHJFNWlIeENPUEx4QnlHVVdsQ3JBWWFBa25GWmR0Y3JIMEZoWklyTno2L1pXSzNOdmhjT0FvaEVSdktqRHpZL01ENXVXelBSMXNCRFhGN0hzVlQvNHZ3L1JGMmVvMzlxQTJua3pwaHFtd2p1akdrNDBLNWRSZEZORmV4dCtrYUNwMDhLUGt0OXJjRnVSYWRGZXY5QlA5cklGaXFTTDdIalVWU3dkbTluSzJzUUtja3dxL0VEb3MvK0Z1OVVoLzJDbDU4c1BVbVhjajNOVGVBL0FlK3ZhVWU2L2VTYTBuaHNIYWRaSFhPVTVQRHFaZGtRMnRTbWoySExCb2pnY0s0Tm5Xc2VIeDZnZzZwSHNJM3NDR0F0Y3NXcEFsclZ6WEZBZlhmRW9zZTJVUUFFZXlGdFc1dEpZY3lNeGx4V1J1WVBGdWF6M2g5cEx6cXhORGpFU2o4TzVLZjVDSFAzNzMrbTZyVTFtYUJoL1F6ZVdIeHVpNy9KRHhDMkM2c1pXeVIycFlrRWlRVytSUlpnV244QkY2SXc2LytPYTVzUGp2Q1hyU24ydDdlbEV3Um0zNFdpQldOUWROS2RTbXBYNk9McENsRllPd0RYc0dsVm1xenNvcnI3VEtEd2Z5b0o0cXUxaWgzVFBvRU4vKzMzck95aExJWlR4NzMvRDZqMDVlS0FzNkV4TmQ3d1pSM2Y2TlpMTDhQYml1dFo0UUl0WVg2VWZXaFlvWkJqYnIzNEFTZ01hdGYrc2RDOXV0RGhRZWo3c0xuQnBmZ05XbVBuSitRMGJBcXMzdSs5TDNLOTNGRTExUkFOL3Vlb3Q0REFmQ1VObmQvZmdSUzFSUEtIOWVKRjh0VUpnL3JOK1FRNWFYOENqTjM0ODBreDJrelBuQ0tVNTY2UU9BNlExZ2ZyRU1NOHFUR3RtVVdpMkZpVG5FeHZ6OEZybmtJVE51eHZrdkFEbmFGdEFPS2M0NVpvc3dnZUtwOWdRTHV3bTVQZWxIN1htU2FMUjhTVTREdW5SQVF0RlJPUVQvVjhjQWcwZHFlWDZXY1JIZDdMOXZtS0hwRGJMRElCYVpVMDd6S0xnK09rQVluTnVObFhod1dkeHEzZzdzSy9uMFRKRHFqajZQU05UR0luOWxMb0hycENlanUySjc5dDBlaWhycGZ5eDBSTjhhU3hBTEV1N3hDYS9Hc0hvYWsvVEwwNENJMlNLb3lCTTlaN2JyWVduU0szZnF4V1NDbTE5V011MEdGY2Ryd0dHK1FJYlhaOVlqOVZXc0tIOUh6VDVVR3VYdExFYlRnTjZsOFpaK3gzZC9jYUtoZEdDU3c3K3FvN1lEbzgzMkJlamZQNDRsb04wcDNjYU9WOFYydzJ4UkdYa2pxWXI0SVF1ZUoyZm1vcTQwejFRWVZ1VW5wV1NTMTZaL2lsZHhEeTRya2YwQklsdExiVDF5Y3ZQTEhBTTRvNnFSMDJ6U2pkTldDczlqNk9OTnhDUWV1NUllVnRGb2RZQ3o1bXcrRnNYT01BVXMram9OelVKOWJsL0RqRGZTOGR3akhPeFFrK1pTZ0hYU1Nhb255UXNaUzlzTVNtQTFGNjMyMnRieVdsS2czYzMva0RZRFRialFDczVrTU4zckxoWFljYTl5ZUM3QjNrN3J6Z2xScTZXTEoydmkvZEh6Tndlb2Q2d0I1cE5VZ0FUMXpoUkJnUmVmMFVic1JtOUVndmVPVkJSc0Q0RGNoNUhvbHY5Y0JlTndKNUJKUXZHL1dDMmFkZGhBallld2h4ZE1yUE9tbTNmRnpnQVBxT2R4SkZ5NXJtemdLVDN3eWR3WkM2YTNYNzFJSHhlNWJGdGxhZnhlSHJiSVNvSElnR2FFQ0NHUzBOT2tWWXZmWjZhZEZIMXRuS2pGRTVyeHkxcElmUVJRT1l0T1J3SlFxekZPeXRYcktRd25vTEhQaVQzTmhIekI3cUF3Wk91U2JlY1Vza1l5MlZuOFJkVWo2dm5NdWphTVdpNFFtVVlycXFFRmJtM0d5Mys3cVB6cHR1bkFsd3ZiWHFoYjMyeHlNREp5YnhZcGRpSTRNT1NaUC81bnlRS1NqQ1pQZ3VUcU1vemtBazNqSjhuMGs0TzI2NFQ5bmR2ZCtxZE1xbTREeVlia09kY3JOVmpKN28vSnVaa2daemlpSEJZbVBGZWRCL0dvRnVscHFqSStFamtiUzE3WG1NZTRSOW1xdTZsVzl1UlR2R2tRSVlCM09ENU9aVXpEQjg3dmI3SFlOdis5ZlNSaUFrdUpnTG9aZnhuci9XYU9UM3J2cE8wSFdMMGx0K0JSdjZ0dXVmWjdHdnhheU1TUndSNDh2ZmpFeXlnSXM3Qmk1enpUekRHaWZqcW5oek02U2F4MEUzTURMb0tRYlJYUXQ2L0huT0lGc01wZUpQODJ6bmZpdmFiUlpoaEcwR2FPMkpQcm5vYkdOdmVzdndhS2oxMHZDK2QwQ1dPSnhWWWY2WU4rdk1zSkwzelg0MU9sTzBwN3c2TWVUSUJTdlRXMmhPZnJkbE1NRTg4bE5PVzB3T2xhWXBkYjZNWDhhZE44bjBJcHJYTmN1ZjIvRmRtMFhWUzB1RWpvY1lRZ0JSSW1iTW5uRktQRGZaaUlEK2pjQW44cGdjNUtCNVBoS2NRQ3VKU0FxRDIxQmkxY1IwQTNmM3VjYWdhcnI2bUVlRnNoNTdKSllYWGZpMXRwNTJzNG00VHMvcDFTN0tQMEV1eWRIbFNtTFQwOXRELzYxY25zNFkzRkFqNzF2MmNpaGVPL2xDeGV1eHZ3SDJZdTZILy9jdXNXOWtObEFvVG5MYUFMRlBIZklBY1ZqSHdzWmIrQjNQbXdVRVltU09iWWZKK2RaRFhSM1hka3IwTWt6b2Jaa1pzclFkREFSY1FzQVg5Q1FENzFibTBpMWE0YTlRYTIzZ1plMEdGQ1ZvYXRkNXNXNk9la09tSXg4NkxGWlN1N2J5QytLQm81ejFwM1pmVTZJb1hJTk02SWZFbTBIMHlsSDN4Y1B6bFB0V0RXam1yVk91NGNCR0ZzQTZ1eTlJYnhvMFRFSnhGUUY4OXRnaFZxb2QrQ1dhb1RUTFRvbFRRdmEreUgvWHNEcTlsZ21FUzZNbkVlQ1BsR2VDUlVnK1IwZXpOV0NQeWI5eUJ1bGhTYUdRNE9WUkplaEpjaVJwaVZvN3dqNHovVDJFenltaVZNdnIvUzZPcUJVQ0RBVFFFdGJDMmJuMTRxRTN6d0ljc21mUjZEUEZReUNhYmk5aWZpajY3c0hqald1ZlB5bnpURExic0YrbVFKOEwwa05GdFQwZ0ZQNzVleDh1cWN4Qkd6YWpxU0hkVnlUckE0ME5rbUFnY0FWZVJXYUdmTmlnTjRqbVhaS3oyUFp0eTlIY3kvbzlkcFJ0TmdKYjhINmwvb3dFbkUwck8xdXVGV2JaQzQ1d2ZRZEJCZVVQRHpkZ0wvL1o0NmZZY1dhNU9za1dpem1xS1pKN0Y3bFdZRmRkSzdINlBaVnNIL3NzcU9lREE0N3QyRm5CalhTZEIweThzZWdUOFRUalBzengyWHl6b0d2ZGNXN1I5aXRRUysxUUZieG1Xa2VnYTFSNldjT1R1ZFZMQk80QWxoK2l1K1gxbzlWMDlWSHVQQzh6bkhQWXpyWTFjTW94dDJNUUNSVFRwNVBPSWdrNXNvbGlPVTczTGVSR0xBQzdYc3RhQ1dVNmd0a3I4Y2VGZi9TS29ZVmkzMkhNVmhoK3pUZzJSRVFMejdzV3FmZDhhNi96ZVRSWDErTTRYcHBUdnlKaXJXem9oME5obm5TbXcxdE8wemMvamd2MmxEODVvTFF5MFZEaGdvK2NnWkl3VGovYkRrUm5hZ2h3ZFp3N0ptMzZRNGNnclN6emttd3NzeldEcWxQcVVZT3lFMHVrTC8wTzhpV0JrRElFSlNPU08yakxIalgwNDBYaGxHYXRzdmJJV3QveHgvSG92a2FwQm1VYTh5b3dnOWxzdUgwSytsajBLbVRraGpRSDY5ZC9SMzN3dCs4bzJrRzVsek1DanRWMUVWc1owbFgyb2MvK29UOElLUmU2L01YcndCa2hQWDMxRGdGOXdESXdOKzVKcEl5QzhNUVdaQk0zTXlSOG8xSGpmTjk0eDk0dzRRbzcvZC8zMG13RjZ0dG5aaXZMLytsM1VIR1FCZWdPQ2grN2d4d0kxc2xXSWRrOHhqWDlyYlluMDc1aU05bi9qaFJrN2VHdGlxa0JxNEUrMjJibmorZUExR3pnTHlOMGlGRGt2MUxndnFsSzFueld1K1dTbVF5amUrUFNUV1lhYzM1UDlCNVNXWlhnbTkzUDNJRVU4aFBvVHJjckc2NmovR1pVSmhQQlFlaDkzdjB1RDNJMkwwckQxRzVVWkdXalRjNmZyTGJTZzhrS0M4UUx6djZwb0tCZmtBK1dkcjNkNDlPTXJ2bFhMRzN5VkNWaGRMaXpldlBJNXF0MWNuamxvS3dINHIrTUV3M0o2M25kT210TFg3MnVKOE1FeTQzTVZrK1B5Mk1jR09SNkh5bFd5dmU5bmZwb2JsSndIcUl4OEJyd1ZVMUNlc01IbXEyOGN5UDVsa0E2TDVUMjk5cHRGV3VtQTBkbzk0NEYyNWdyR0xxMlh1ejN1WkoveGJ1NHBNVUdKRngvenAyWGRSK2ZvNlIycEJOVFZLaWpqRXEzd3Z6Y0tsSlNDYkpzWVJKNnBxOEFoT05xVnhKNk03NVQ0cHlGYThVYzJIZ3VCeDQvSjVnZ3JyOUJ2UlkxMTVOa0xlYjdXN010UHVXWnRubDFDMHdCZjE4aFNFZFpOaHdlM0pXWjRWYVdwUmFMNW0zMjhiWk5SMDVpNU55Qkh3cW9Za1hEekRwSkFaNDJ0TWlzaStFSzlRQjd5cmQzQmNhY0xUazVSZ2FQQlFIM0cyTjR4WXdUVXMzK1NLTGxLWC9sMHBGMzUrR0tOL0FEdmRiMFNrZ2lMaEpFNVlUN29nWXhxdEF6bkFJQU8wc0dEeS9oV3UraHE5eitHaDVmaG5kMU9udGVJM1dNOWhLZ1JSbU1wV3hLOHZrczJFMVlvNmtOZTZ0YVUvMmRjN3hEeDJjN3ZXeC92dDZKQVhrVUxIOEhPeTdmUzQxT3RKWjRJbnZCMUloMzc2UmpoZFNlSWdMbWRVMW9WYi9NUWtWTjNXVndlbWdxdnVvcUFKS0QySmFESXR2Z2hOUXYrenlqUEZVM1Bsb2lBVFJtQ0pmQ01wbUo5SWtIcHJWUm5aR0NBNmw1YkFmNkd5V3NsSVY3WWhHaVduUWVNQTVpcjZiQ1VUdUpSczVGVThJNjByaktPRHkvVm1ieW5NVEdmT1RHTEhvUUY2M3Z6dldoSnU5QmJQbEJrRUcvZlZGMWg3YU5EbTRLOGJRRnlZajJ0THAwVDhrcEpKUTJsYmd1RjYzS2RYdlkrb2xLYlI1UGFMRzNUZmJzSmVOTHJydXp2Ulo3VzhvRWFRYmtZR0piZ0dSTytRU1Z1eEMwb2R3eFRxek8wY3ZQRGxuT3ExN2YzclRxMUxPVkJOcXYxQnd1WmlPQlJZdTlzVU9XSUNaYjQwTHArSzAzTk9XeGNaRVM3MFRsejRkQktJODQrRHBwTGlLZ2p3L2syN1orQWFLaFZJL2dtMk5lKzVlY1Y4U0F2eXJmVjRzVFU1RXQwclRoWnhPQ0tWemE1ZUF3elFvdzY5OGFTNGo3aGZOS2xzNHY3Y21WOUVBbjlPbldIcWdjanRDQkFPaGZ4aFEyb3loaHc1MUZvTmkrejJSTVZKdk1TbFJGYkFKaUxNK3M4eFUvYXBOTXlraEpmN3dQWHFqQ2JrL2ZpR2VqUkZETTRtUyt5YmJSWTVacU83elFvODFYYjVlMWdVUTRUbm9XWC8rc1Z2M3ptMCtuU1dYck1iOENHUHFIUHNZQXlzZHhCUUc1eFZEMWh0WjZpTE9RbDVrdUxxZnVvUWovaytJZVR5dzhTbFpCTHZ1aWR5RGZ1Q0x4Q3poYUNic2lnb25ENUlOMUk4MVRTTzZRUlB0azMvK2ZWUUpKTnpJOUFLMWFycW1PYW44TnpPNVdOb1pPYmVlN2lRYTFDY2JMNFRLS01VWW5DSWZjRFVBOGpHbjZFT2ZpeVNXWjYwYlJ5aEFzbHBobUkwSWxMWExqTnVZUG5DL0VEQ2k0RE92czdFRFdmZDM3RmlVZkJ1c0lVdWoxTWQxQy9pM3B2Zm1mZHZkSTFTYmFBcHlmT1RzeEdFU2o3dnVJUDY5SklQOTZFTkFlcEc4MVBUZE5Jd3AwSXVLZHJkcEVMcFczdXhKTnF4QmxnMHRXQ1pyTFFxN0x5RG1hMkh0U0FQdDA2aU9HWHhzRGdZY2pOUmdTTzJ5aVMyZHR6K3ZPTjVMMGlWaDdWcUpRTmpNU1BFTWp1RmxXczNZVytESTB4L2dzeWM3ek1BeTA3ZEMrWk9tZkM1clduUENDYy9JMFJEQ2NraC9lQVVDU0U4T3g0RGlYclRwYldGeG9TNXVHOHVOem9sQkNsa1N3UTcvMnd0WmFTQzlpbW03RUJuK0tyNzFtN0s1K0lyOEJHZktPK2g3UkY3S2k1c0kxaDVaUlRwaU91dVdKaXpyRThXVlpncm5IVGpwUGtLS1p5WDM2Q2Voa2NxdTVUZzVhK0RROVVEM3pQOD06Ov2dYzs3/qcgyTa28/vEs9g=','2018-10-22 12:50:32','2019-01-05 19:31:04',0);
INSERT INTO `ssc` VALUES (2,27,2,NULL,'2018-11-28 07:50:08','2019-01-05 20:31:50',1);
INSERT INTO `ssc` VALUES (3,27,2,NULL,'2018-11-28 09:03:21','2019-01-05 20:31:50',1);
INSERT INTO `ssc` VALUES (4,27,6,NULL,'2018-11-28 09:03:51','2019-01-05 20:31:50',1);
INSERT INTO `ssc` VALUES (5,42,2,NULL,'2018-11-29 10:21:18','2019-01-05 20:31:50',0);
INSERT INTO `ssc` VALUES (6,25,3,NULL,'2018-12-29 14:38:44','2019-01-05 20:31:50',0);
INSERT INTO `ssc` VALUES (7,32,5,NULL,'2018-12-29 14:39:03','2019-01-05 20:31:50',0);
INSERT INTO `ssc` VALUES (8,28,4,NULL,'2018-12-29 14:42:25','2019-01-05 20:31:50',0);
INSERT INTO `ssc` VALUES (9,27,6,NULL,'2018-12-29 14:42:57','2019-01-05 20:31:50',0);
INSERT INTO `ssc` VALUES (10,22,7,NULL,'2018-12-29 14:43:47','2019-01-05 20:31:50',0);
INSERT INTO `ssc` VALUES (11,40,8,NULL,'2018-12-29 14:44:00','2019-01-05 20:31:50',0);
INSERT INTO `ssc` VALUES (12,39,9,NULL,'2018-12-29 14:44:11','2019-01-05 20:31:50',0);
INSERT INTO `ssc` VALUES (13,41,10,NULL,'2018-12-29 14:44:20','2019-01-05 20:31:50',0);
UNLOCK TABLES;

-- Table structure for table `status`

DROP TABLE IF EXISTS `status`;
CREATE TABLE `status` (
  `status_id` int(11) NOT NULL AUTO_INCREMENT,
  `status` varchar(50) NOT NULL,
  `created_at` timestamp NOT NULL DEFAULT CURRENT_TIMESTAMP,
  `updated_at` timestamp NOT NULL DEFAULT '0000-00-00 00:00:00' ON UPDATE CURRENT_TIMESTAMP,
  `removed` tinyint(4) NOT NULL DEFAULT '0',
  PRIMARY KEY (`status_id`)
) ENGINE=InnoDB AUTO_INCREMENT=7 DEFAULT CHARSET=latin1;

-- Dumping data for table `status`

LOCK TABLES `status` WRITE;
INSERT INTO `status` VALUES (1,'Finished (Disapproved)','2019-01-02 11:32:45','0000-00-00 00:00:00',0);
INSERT INTO `status` VALUES (2,'Finished','2019-01-02 11:32:45','0000-00-00 00:00:00',0);
INSERT INTO `status` VALUES (3,'Pending','2019-01-02 11:32:45','0000-00-00 00:00:00',0);
INSERT INTO `status` VALUES (4,'Approved','2019-01-02 11:32:45','0000-00-00 00:00:00',0);
INSERT INTO `status` VALUES (5,'On-going (Disapproved)','2019-01-02 11:32:45','0000-00-00 00:00:00',0);
INSERT INTO `status` VALUES (6,'On-Going','2019-01-02 11:32:45','0000-00-00 00:00:00',0);
UNLOCK TABLES;

-- Table structure for table `students`

DROP TABLE IF EXISTS `students`;
CREATE TABLE `students` (
  `students_id` int(11) NOT NULL AUTO_INCREMENT,
  `student_id` int(11) NOT NULL,
  `name_id` int(11) NOT NULL,
  `section_id` int(11) NOT NULL,
  `contact_id` int(11) NOT NULL DEFAULT '0',
  `account_id` int(11) NOT NULL,
  `gender` varchar(1) NOT NULL,
  `created_at` timestamp NOT NULL DEFAULT CURRENT_TIMESTAMP,
  `updated_at` timestamp NOT NULL DEFAULT '0000-00-00 00:00:00' ON UPDATE CURRENT_TIMESTAMP,
  PRIMARY KEY (`students_id`)
) ENGINE=InnoDB AUTO_INCREMENT=45 DEFAULT CHARSET=latin1;

-- Dumping data for table `students`

LOCK TABLES `students` WRITE;
INSERT INTO `students` VALUES (1,1500037,1,1,1,1,'M','2018-10-22 14:19:55','2018-11-02 02:22:32');
INSERT INTO `students` VALUES (2,1500033,3,1,2,6,'F','2018-10-26 15:19:22','2018-11-02 02:22:27');
INSERT INTO `students` VALUES (4,1500023,5,1,3,8,'F','2018-10-26 15:40:50','2018-11-02 02:22:34');
INSERT INTO `students` VALUES (5,98798,18,1,7,44,'M','2018-11-02 16:37:29','0000-00-00 00:00:00');
INSERT INTO `students` VALUES (22,123,35,1,24,61,'M','2018-11-02 18:03:15','0000-00-00 00:00:00');
INSERT INTO `students` VALUES (23,9879654,36,1,25,62,'M','2018-11-02 18:04:30','0000-00-00 00:00:00');
INSERT INTO `students` VALUES (24,1502971,37,1,26,63,'F','2018-11-02 18:06:52','0000-00-00 00:00:00');
INSERT INTO `students` VALUES (25,1500069,38,1,27,64,'M','2018-11-02 22:56:56','0000-00-00 00:00:00');
INSERT INTO `students` VALUES (26,1500012,39,1,28,65,'M','2018-11-02 23:04:35','0000-00-00 00:00:00');
INSERT INTO `students` VALUES (27,1500014,40,1,29,66,'M','2018-11-03 21:37:18','0000-00-00 00:00:00');
INSERT INTO `students` VALUES (28,1500011,41,1,30,67,'M','2018-11-03 21:55:31','0000-00-00 00:00:00');
INSERT INTO `students` VALUES (29,15000145,43,1,31,69,'F','2018-11-07 17:17:58','0000-00-00 00:00:00');
INSERT INTO `students` VALUES (30,1500088,44,1,32,70,'M','2018-11-07 17:21:37','0000-00-00 00:00:00');
INSERT INTO `students` VALUES (31,15005454,45,1,33,71,'M','2018-11-23 23:22:40','0000-00-00 00:00:00');
INSERT INTO `students` VALUES (32,1500103,51,2,39,77,'M','2018-11-27 14:07:48','0000-00-00 00:00:00');
INSERT INTO `students` VALUES (33,15123456,52,1,40,78,'M','2018-11-27 15:33:28','0000-00-00 00:00:00');
INSERT INTO `students` VALUES (34,1500234,55,6,43,81,'F','2018-11-28 09:58:05','0000-00-00 00:00:00');
INSERT INTO `students` VALUES (35,1500089,56,6,44,82,'F','2018-11-28 10:06:55','0000-00-00 00:00:00');
INSERT INTO `students` VALUES (36,15099999,57,1,45,83,'F','2018-11-28 11:39:59','0000-00-00 00:00:00');
INSERT INTO `students` VALUES (37,1234567890,58,1,46,84,'M','2018-11-28 11:41:38','0000-00-00 00:00:00');
INSERT INTO `students` VALUES (38,98765434,59,1,47,85,'M','2018-11-28 13:00:01','0000-00-00 00:00:00');
INSERT INTO `students` VALUES (39,76545,60,1,48,86,'','2018-11-28 13:03:29','0000-00-00 00:00:00');
INSERT INTO `students` VALUES (40,765,61,1,49,87,'M','2018-11-28 13:08:54','0000-00-00 00:00:00');
INSERT INTO `students` VALUES (41,345678,62,1,50,88,'M','2018-11-28 13:43:55','0000-00-00 00:00:00');
INSERT INTO `students` VALUES (42,1500026,63,1,51,89,'M','2018-11-29 10:18:40','0000-00-00 00:00:00');
INSERT INTO `students` VALUES (43,1500001,64,3,52,90,'M','2018-11-29 13:58:25','0000-00-00 00:00:00');
INSERT INTO `students` VALUES (44,1235678,65,3,53,91,'M','2018-11-29 14:30:57','0000-00-00 00:00:00');
UNLOCK TABLES;

-- Table structure for table `try`

DROP TABLE IF EXISTS `try`;
CREATE TABLE `try` (
  `hey` text NOT NULL
) ENGINE=InnoDB DEFAULT CHARSET=latin1;

-- Dumping data for table `try`

LOCK TABLES `try` WRITE;
INSERT INTO `try` VALUES ('[\"2018-11-07\", \"2018-11-08\", \"2018-11-09\", \"2018-11-10\", \"2018-11-11\", \"2018-11-12\", \"2018-11-13\", \"2018-11-14\", \"2018-11-15\", \"2018-11-16\", \"2018-11-17\", \"2018-11-18\", \"2018-11-19\", \"2018-11-20\", \"2018-11-21\", \"2018-11-22\", \"2018-11-23\", \"2018-11-24\", \"2018-11-25\", \"2018-11-26\", \"2018-11-27\"]');
INSERT INTO `try` VALUES ('[\"2018-06-14\",\"2018-06-15\",\"2018-06-16\",\"2018-06-17\",\"2018-06-18\",\"2018-06-19\",\"2018-06-20\"]');
INSERT INTO `try` VALUES ('asdfasdf');
INSERT INTO `try` VALUES ('asdfasdf');
UNLOCK TABLES;

-- Table structure for table `user_levels`

DROP TABLE IF EXISTS `user_levels`;
CREATE TABLE `user_levels` (
  `user_level_id` int(11) NOT NULL AUTO_INCREMENT,
  `user_level` varchar(59) NOT NULL,
  `created_at` timestamp NOT NULL DEFAULT CURRENT_TIMESTAMP,
  `updated_at` timestamp NOT NULL DEFAULT '0000-00-00 00:00:00' ON UPDATE CURRENT_TIMESTAMP,
  `removed` tinyint(4) NOT NULL DEFAULT '0',
  PRIMARY KEY (`user_level_id`)
) ENGINE=InnoDB AUTO_INCREMENT=7 DEFAULT CHARSET=latin1;

-- Dumping data for table `user_levels`

LOCK TABLES `user_levels` WRITE;
INSERT INTO `user_levels` VALUES (2,'Academic Administration','2018-10-22 02:03:36','2018-11-07 10:38:14',0);
INSERT INTO `user_levels` VALUES (5,'Student','2018-10-22 02:08:06','0000-00-00 00:00:00',0);
INSERT INTO `user_levels` VALUES (6,'Supreme Student Council','2018-10-22 02:08:19','2018-10-27 16:32:37',0);
UNLOCK TABLES;

-- Table structure for table `venues`

DROP TABLE IF EXISTS `venues`;
CREATE TABLE `venues` (
  `venue_id` int(11) NOT NULL AUTO_INCREMENT,
  `venue` varchar(100) NOT NULL,
  `capacity` int(11) NOT NULL,
  `price` varchar(10) NOT NULL,
  `image_url` varchar(255) NOT NULL DEFAULT 'images/venues/white.jpg',
  `created_at` timestamp NOT NULL DEFAULT CURRENT_TIMESTAMP,
  `updated_at` timestamp NOT NULL DEFAULT '0000-00-00 00:00:00' ON UPDATE CURRENT_TIMESTAMP,
  `removed` tinyint(4) NOT NULL DEFAULT '0',
  PRIMARY KEY (`venue_id`)
) ENGINE=InnoDB AUTO_INCREMENT=17 DEFAULT CHARSET=latin1;

-- Dumping data for table `venues`

LOCK TABLES `venues` WRITE;
INSERT INTO `venues` VALUES (1,'HRDC GYM2',10000,5000,'images/venues/2018_11_04_12_07_4f1539a3b00abc42062f0fef72e470f0.jpeg','2018-10-26 16:07:54','2018-12-22 21:39:57',0);
INSERT INTO `venues` VALUES (2,'HRDC AV Studio',300,5000,'images/venues/2018_12_19_08_13_3e0aebd318712012f8182e5853edea07.jpg','2018-10-26 16:07:54','2018-12-19 20:13:17',0);
INSERT INTO `venues` VALUES (3,'Student Center 2nd Floor',500,5000,'images/venues/2018_11_01_04_52_8c1e4df7733ad14dba5ae63d3cc3591a.jpeg','2018-10-26 16:07:54','2018-11-01 16:52:05',0);
INSERT INTO `venues` VALUES (4,'ORC Quadrangle',500,500,'images/venues/bldg.jpeg','2018-10-26 16:07:54','2018-10-31 18:11:51',0);
INSERT INTO `venues` VALUES (5,'HRDC Alba Hall',5000,5000,'images/venues/2018_11_01_07_14_52386bc5b6d1441d130c8d81ed13f5f4.jpeg','2018-10-27 10:32:26','2018-11-01 19:14:10',0);
INSERT INTO `venues` VALUES (6,'CTE Training Hall 1',50,5000,'images/venues/2018_11_03_09_57_5c553d6db0bacca52d068b79284b54ff.jpg','2018-10-27 10:32:26','2018-11-03 21:57:41',0);
INSERT INTO `venues` VALUES (7,'CTE Training Hall 2',50,5000,'images/venues/bldg.jpeg','2018-10-27 10:32:26','2018-10-29 20:28:23',0);
INSERT INTO `venues` VALUES (8,'Admin Ball Room, 2nd Floor',50,5000,'images/venues/bldg.jpeg','2018-10-27 10:32:26','2018-10-29 20:28:23',0);
INSERT INTO `venues` VALUES (9,'Admin Multi-Purpose Hall',50,5000,'images/venues/bldg.jpeg','2018-10-27 10:32:26','2018-10-29 20:28:23',0);
INSERT INTO `venues` VALUES (10,'Humanities Bldg. AV Theater',25,5000,'images/venues/2018_11_03_01_10_1f51d23950a2db88311c93da7b486ecd.jpeg','2018-10-27 10:32:26','2018-11-03 13:10:04',0);
INSERT INTO `venues` VALUES (11,'Classroom',25,5000,'images/venues/bldg.jpeg','2018-10-27 10:32:26','2018-11-01 00:23:02',0);
INSERT INTO `venues` VALUES (12,'Laboratory Room',30,5000,'images/venues/bldg.jpeg','2018-10-27 10:32:26','2018-10-29 20:28:23',0);
INSERT INTO `venues` VALUES (13,'ORC Stage ',500,5000,'images/venues/bldg.jpeg','2018-10-27 10:32:26','2018-12-22 21:40:00',0);
INSERT INTO `venues` VALUES (14,'Library Mini-Auditorium',100,5000,'images/venues/bldg.jpeg','2018-10-27 10:32:26','2018-10-29 20:28:23',0);
INSERT INTO `venues` VALUES (15,'Library Extension',50,5000,'images/venues/bldg.jpeg','2018-10-27 10:32:26','2018-12-22 21:40:02',0);
INSERT INTO `venues` VALUES (16,'Library Grounds',150,5000,'images/venues/bldg.jpeg','2018-10-27 10:32:26','2018-11-01 00:23:51',0);
UNLOCK TABLES;

-- Completed on: 2019-01-07T12:21:27+08:00
